step,tran_id,orig_account,dest_account,amount,tran_type,is_laundering,pattern_type
321,AML-TX-00000,ACCT-LEGIT-407,ACCT-LEGIT-757,601.01,PAYMENT,0,Normal
188,AML-TX-00001,ACCT-LEGIT-420,ACCT-LEGIT-903,279.08,CASH_OUT,0,Normal
435,AML-TX-00002,ACCT-LEGIT-646,ACCT-LEGIT-943,4685.23,PAYMENT,0,Normal
707,AML-TX-00003,ACCT-LEGIT-985,ACCT-LEGIT-816,849.39,TRANSFER,0,Normal
729,AML-TX-00004,ACCT-LEGIT-980,ACCT-LEGIT-173,5338.24,TRANSFER,0,Normal
305,AML-TX-00005,ACCT-LEGIT-235,ACCT-LEGIT-929,2417.51,TRANSFER,0,Normal
85,AML-TX-00006,ACCT-MULE-19,ACCT-CONDUIT-35,59900.18,TRANSFER,1,Mule_Layering
414,AML-TX-00007,ACCT-LEGIT-825,ACCT-LEGIT-633,5026.6,CASH_OUT,0,Normal
233,AML-TX-00008,ACCT-LEGIT-673,ACCT-LEGIT-199,9413.45,CASH_OUT,0,Normal
631,AML-TX-00009,ACCT-LEGIT-246,ACCT-LEGIT-891,616.47,CASH_OUT,0,Normal
388,AML-TX-00010,ACCT-LEGIT-481,ACCT-LEGIT-784,7292.05,TRANSFER,0,Normal
344,AML-TX-00011,ACCT-LEGIT-599,ACCT-LEGIT-140,7114.54,CASH_OUT,0,Normal
468,AML-TX-00012,ACCT-LEGIT-756,ACCT-LEGIT-372,1633.34,CASH_OUT,0,Normal
109,AML-TX-00013,ACCT-MULE-27,ACCT-CONDUIT-43,60477.99,TRANSFER,1,Cycle_Hawala
6,AML-TX-00014,ACCT-LEGIT-685,ACCT-LEGIT-616,2187.14,TRANSFER,0,Normal
687,AML-TX-00015,ACCT-LEGIT-380,ACCT-LEGIT-584,1190.07,PAYMENT,0,Normal
157,AML-TX-00016,ACCT-LEGIT-891,ACCT-LEGIT-524,2579.06,CASH_OUT,0,Normal
636,AML-TX-00017,ACCT-MULE-22,ACCT-CONDUIT-15,82764.94,TRANSFER,1,Mule_Layering
413,AML-TX-00018,ACCT-LEGIT-151,ACCT-LEGIT-654,9569.62,TRANSFER,0,Normal
509,AML-TX-00019,ACCT-LEGIT-963,ACCT-LEGIT-982,334.36,PAYMENT,0,Normal
34,AML-TX-00020,ACCT-LEGIT-116,ACCT-LEGIT-455,6172.06,TRANSFER,0,Normal
301,AML-TX-00021,ACCT-LEGIT-763,ACCT-LEGIT-691,6227.89,PAYMENT,0,Normal
202,AML-TX-00022,ACCT-LEGIT-890,ACCT-LEGIT-985,455.46,CASH_OUT,0,Normal
363,AML-TX-00023,ACCT-LEGIT-478,ACCT-LEGIT-865,352.84,PAYMENT,0,Normal
223,AML-TX-00024,ACCT-LEGIT-284,ACCT-LEGIT-864,1079.14,PAYMENT,0,Normal
263,AML-TX-00025,ACCT-LEGIT-348,ACCT-LEGIT-507,5094.42,TRANSFER,0,Normal
650,AML-TX-00026,ACCT-LEGIT-874,ACCT-LEGIT-995,1863.23,TRANSFER,0,Normal
44,AML-TX-00027,ACCT-LEGIT-780,ACCT-LEGIT-128,3975.71,PAYMENT,0,Normal
228,AML-TX-00028,ACCT-LEGIT-918,ACCT-LEGIT-416,2550.48,TRANSFER,0,Normal
307,AML-TX-00029,ACCT-LEGIT-801,ACCT-LEGIT-170,3777.12,TRANSFER,0,Normal
593,AML-TX-00030,ACCT-LEGIT-440,ACCT-LEGIT-719,3801.69,CASH_OUT,0,Normal
157,AML-TX-00031,ACCT-LEGIT-325,ACCT-LEGIT-114,1696.75,CASH_OUT,0,Normal
101,AML-TX-00032,ACCT-LEGIT-534,ACCT-LEGIT-736,710.91,CASH_OUT,0,Normal
67,AML-TX-00033,ACCT-MULE-22,ACCT-CONDUIT-24,35395.75,TRANSFER,1,Cycle_Hawala
668,AML-TX-00034,ACCT-LEGIT-574,ACCT-LEGIT-700,223.65,TRANSFER,0,Normal
82,AML-TX-00035,ACCT-LEGIT-934,ACCT-LEGIT-325,14883.33,CASH_OUT,0,Normal
54,AML-TX-00036,ACCT-LEGIT-945,ACCT-LEGIT-793,658.5,PAYMENT,0,Normal
266,AML-TX-00037,ACCT-MULE-26,ACCT-CONDUIT-23,24590.47,CASH_OUT,1,Smurfing_Structuring
38,AML-TX-00038,ACCT-LEGIT-734,ACCT-LEGIT-176,2013.57,PAYMENT,0,Normal
76,AML-TX-00039,ACCT-LEGIT-143,ACCT-LEGIT-366,1799.68,CASH_OUT,0,Normal
304,AML-TX-00040,ACCT-LEGIT-309,ACCT-LEGIT-268,639.68,CASH_OUT,0,Normal
134,AML-TX-00041,ACCT-LEGIT-367,ACCT-LEGIT-140,1513.84,PAYMENT,0,Normal
667,AML-TX-00042,ACCT-LEGIT-156,ACCT-LEGIT-472,262.64,PAYMENT,0,Normal
644,AML-TX-00043,ACCT-LEGIT-403,ACCT-LEGIT-891,5552.25,CASH_OUT,0,Normal
220,AML-TX-00044,ACCT-LEGIT-362,ACCT-LEGIT-775,9882.61,TRANSFER,0,Normal
310,AML-TX-00045,ACCT-LEGIT-781,ACCT-LEGIT-646,2170.55,PAYMENT,0,Normal
459,AML-TX-00046,ACCT-LEGIT-456,ACCT-LEGIT-110,2442.09,TRANSFER,0,Normal
606,AML-TX-00047,ACCT-LEGIT-178,ACCT-LEGIT-908,13685.36,CASH_OUT,0,Normal
75,AML-TX-00048,ACCT-MULE-24,ACCT-CONDUIT-23,61339.49,TRANSFER,1,Mule_Layering
712,AML-TX-00049,ACCT-LEGIT-126,ACCT-LEGIT-379,401.61,PAYMENT,0,Normal
493,AML-TX-00050,ACCT-MULE-26,ACCT-CONDUIT-48,73857.82,TRANSFER,1,Mule_Layering
249,AML-TX-00051,ACCT-LEGIT-610,ACCT-LEGIT-588,261.31,TRANSFER,0,Normal
547,AML-TX-00052,ACCT-LEGIT-561,ACCT-LEGIT-914,2237.34,CASH_OUT,0,Normal
183,AML-TX-00053,ACCT-LEGIT-705,ACCT-LEGIT-746,1628.29,TRANSFER,0,Normal
125,AML-TX-00054,ACCT-LEGIT-949,ACCT-LEGIT-979,769.27,TRANSFER,0,Normal
563,AML-TX-00055,ACCT-LEGIT-536,ACCT-LEGIT-957,962.89,TRANSFER,0,Normal
158,AML-TX-00056,ACCT-LEGIT-657,ACCT-LEGIT-661,3400.95,PAYMENT,0,Normal
115,AML-TX-00057,ACCT-LEGIT-716,ACCT-LEGIT-347,3259.55,PAYMENT,0,Normal
493,AML-TX-00058,ACCT-MULE-11,U-8831,69472.9,TRANSFER,1,Fan_In
363,AML-TX-00059,ACCT-LEGIT-871,ACCT-LEGIT-599,1757.36,PAYMENT,0,Normal
105,AML-TX-00060,ACCT-LEGIT-821,ACCT-LEGIT-389,3328.49,CASH_OUT,0,Normal
108,AML-TX-00061,ACCT-LEGIT-839,ACCT-LEGIT-379,1547.71,CASH_OUT,0,Normal
637,AML-TX-00062,ACCT-LEGIT-189,ACCT-LEGIT-558,1710.93,CASH_OUT,0,Normal
377,AML-TX-00063,ACCT-LEGIT-177,ACCT-LEGIT-871,7389.75,TRANSFER,0,Normal
368,AML-TX-00064,ACCT-MULE-21,U-8831,70490.68,TRANSFER,1,Fan_In
73,AML-TX-00065,ACCT-MULE-12,U-8831,74199.14,TRANSFER,1,Fan_In
51,AML-TX-00066,ACCT-MULE-29,ACCT-CONDUIT-14,62504.95,TRANSFER,1,Cycle_Hawala
540,AML-TX-00067,ACCT-LEGIT-433,ACCT-LEGIT-952,3379.4,PAYMENT,0,Normal
61,AML-TX-00068,ACCT-LEGIT-760,ACCT-LEGIT-195,1360.07,CASH_OUT,0,Normal
323,AML-TX-00069,ACCT-LEGIT-897,ACCT-LEGIT-657,11655.07,PAYMENT,0,Normal
216,AML-TX-00070,ACCT-LEGIT-938,ACCT-LEGIT-503,8349.64,CASH_OUT,0,Normal
31,AML-TX-00071,ACCT-MULE-17,ACCT-CONDUIT-47,92382.88,TRANSFER,1,Mule_Layering
193,AML-TX-00072,ACCT-LEGIT-415,ACCT-LEGIT-217,2034.62,CASH_OUT,0,Normal
704,AML-TX-00073,ACCT-LEGIT-430,ACCT-LEGIT-972,424.52,TRANSFER,0,Normal
167,AML-TX-00074,ACCT-LEGIT-198,ACCT-LEGIT-618,1740.92,CASH_OUT,0,Normal
59,AML-TX-00075,ACCT-LEGIT-713,ACCT-LEGIT-180,1730.02,TRANSFER,0,Normal
652,AML-TX-00076,ACCT-LEGIT-859,ACCT-LEGIT-843,4261.94,TRANSFER,0,Normal
366,AML-TX-00077,ACCT-LEGIT-984,ACCT-LEGIT-387,305.35,CASH_OUT,0,Normal
76,AML-TX-00078,ACCT-LEGIT-207,ACCT-LEGIT-272,426.28,PAYMENT,0,Normal
248,AML-TX-00079,ACCT-LEGIT-773,ACCT-LEGIT-556,3097.55,PAYMENT,0,Normal
60,AML-TX-00080,ACCT-LEGIT-166,ACCT-LEGIT-103,2363.62,CASH_OUT,0,Normal
370,AML-TX-00081,ACCT-LEGIT-346,ACCT-LEGIT-774,294.96,PAYMENT,0,Normal
435,AML-TX-00082,ACCT-LEGIT-485,ACCT-LEGIT-893,1001.54,PAYMENT,0,Normal
14,AML-TX-00083,ACCT-LEGIT-181,ACCT-LEGIT-125,684.74,CASH_OUT,0,Normal
219,AML-TX-00084,ACCT-MULE-14,ACCT-CONDUIT-39,30251.78,TRANSFER,1,Fan_Out
555,AML-TX-00085,ACCT-MULE-27,U-8831,57475.19,TRANSFER,1,Fan_In
301,AML-TX-00086,ACCT-LEGIT-786,ACCT-LEGIT-790,1155.99,TRANSFER,0,Normal
283,AML-TX-00087,ACCT-MULE-13,ACCT-CONDUIT-17,75534.36,TRANSFER,1,Fan_Out
98,AML-TX-00088,ACCT-LEGIT-722,ACCT-LEGIT-689,2507.33,CASH_OUT,0,Normal
53,AML-TX-00089,ACCT-LEGIT-357,ACCT-LEGIT-474,693.15,TRANSFER,0,Normal
138,AML-TX-00090,ACCT-LEGIT-890,ACCT-LEGIT-456,2672.39,TRANSFER,0,Normal
317,AML-TX-00091,ACCT-LEGIT-692,ACCT-LEGIT-549,3189.24,CASH_OUT,0,Normal
694,AML-TX-00092,ACCT-LEGIT-223,ACCT-LEGIT-521,4149.77,CASH_OUT,0,Normal
708,AML-TX-00093,ACCT-LEGIT-371,ACCT-LEGIT-284,1275.46,CASH_OUT,0,Normal
512,AML-TX-00094,ACCT-MULE-29,ACCT-CONDUIT-17,24948.34,CASH_OUT,1,Smurfing_Structuring
705,AML-TX-00095,ACCT-LEGIT-814,ACCT-LEGIT-242,3675.02,TRANSFER,0,Normal
725,AML-TX-00096,ACCT-LEGIT-330,ACCT-LEGIT-429,1441.09,CASH_OUT,0,Normal
182,AML-TX-00097,ACCT-LEGIT-874,ACCT-LEGIT-580,3333.06,PAYMENT,0,Normal
513,AML-TX-00098,ACCT-MULE-28,ACCT-CONDUIT-41,52373.41,TRANSFER,1,Cycle_Hawala
670,AML-TX-00099,ACCT-LEGIT-677,ACCT-LEGIT-725,1951.96,TRANSFER,0,Normal
395,AML-TX-00100,ACCT-MULE-23,ACCT-CONDUIT-19,24849.86,CASH_OUT,1,Smurfing_Structuring
410,AML-TX-00101,ACCT-LEGIT-708,ACCT-LEGIT-809,1564.13,CASH_OUT,0,Normal
664,AML-TX-00102,ACCT-LEGIT-396,ACCT-LEGIT-486,994.34,CASH_OUT,0,Normal
709,AML-TX-00103,ACCT-LEGIT-593,ACCT-LEGIT-121,781.18,CASH_OUT,0,Normal
275,AML-TX-00104,ACCT-LEGIT-638,ACCT-LEGIT-277,2094.64,PAYMENT,0,Normal
664,AML-TX-00105,ACCT-LEGIT-109,ACCT-LEGIT-727,921.26,TRANSFER,0,Normal
160,AML-TX-00106,ACCT-LEGIT-319,ACCT-LEGIT-325,2515.77,PAYMENT,0,Normal
195,AML-TX-00107,ACCT-MULE-24,U-8831,46767.83,TRANSFER,1,Fan_In
421,AML-TX-00108,ACCT-LEGIT-480,ACCT-LEGIT-267,382.01,CASH_OUT,0,Normal
69,AML-TX-00109,ACCT-LEGIT-949,ACCT-LEGIT-534,1501.31,TRANSFER,0,Normal
631,AML-TX-00110,ACCT-LEGIT-583,ACCT-LEGIT-871,2554.32,CASH_OUT,0,Normal
491,AML-TX-00111,ACCT-LEGIT-684,ACCT-LEGIT-446,1947.46,CASH_OUT,0,Normal
499,AML-TX-00112,ACCT-LEGIT-762,ACCT-LEGIT-573,220.35,TRANSFER,0,Normal
573,AML-TX-00113,ACCT-LEGIT-854,ACCT-LEGIT-880,880.1,CASH_OUT,0,Normal
69,AML-TX-00114,ACCT-LEGIT-960,ACCT-LEGIT-925,1603.7,TRANSFER,0,Normal
13,AML-TX-00115,ACCT-LEGIT-641,ACCT-LEGIT-915,468.18,TRANSFER,0,Normal
202,AML-TX-00116,ACCT-LEGIT-395,ACCT-LEGIT-272,2574.83,CASH_OUT,0,Normal
463,AML-TX-00117,ACCT-LEGIT-733,ACCT-LEGIT-522,3913.47,TRANSFER,0,Normal
556,AML-TX-00118,ACCT-LEGIT-904,ACCT-LEGIT-516,2155.18,PAYMENT,0,Normal
206,AML-TX-00119,ACCT-LEGIT-700,ACCT-LEGIT-247,1510.44,TRANSFER,0,Normal
296,AML-TX-00120,ACCT-LEGIT-607,ACCT-LEGIT-930,1419.21,TRANSFER,0,Normal
728,AML-TX-00121,ACCT-MULE-21,ACCT-CONDUIT-45,40797.18,TRANSFER,1,Fan_Out
346,AML-TX-00122,ACCT-LEGIT-252,ACCT-LEGIT-396,194.02,TRANSFER,0,Normal
402,AML-TX-00123,ACCT-LEGIT-812,ACCT-LEGIT-844,1377.61,TRANSFER,0,Normal
673,AML-TX-00124,ACCT-LEGIT-683,ACCT-LEGIT-729,2426.23,CASH_OUT,0,Normal
506,AML-TX-00125,ACCT-MULE-14,ACCT-CONDUIT-49,64934.09,TRANSFER,1,Cycle_Hawala
446,AML-TX-00126,ACCT-LEGIT-804,ACCT-LEGIT-936,804.96,PAYMENT,0,Normal
148,AML-TX-00127,ACCT-LEGIT-139,ACCT-LEGIT-590,9029.03,CASH_OUT,0,Normal
205,AML-TX-00128,ACCT-LEGIT-701,ACCT-LEGIT-116,4430.41,PAYMENT,0,Normal
307,AML-TX-00129,ACCT-MULE-20,ACCT-CONDUIT-33,43850.26,TRANSFER,1,Fan_Out
209,AML-TX-00130,ACCT-LEGIT-528,ACCT-LEGIT-105,2947.3,TRANSFER,0,Normal
298,AML-TX-00131,ACCT-LEGIT-538,ACCT-LEGIT-658,3400.96,PAYMENT,0,Normal
101,AML-TX-00132,ACCT-LEGIT-150,ACCT-LEGIT-486,3969.98,PAYMENT,0,Normal
217,AML-TX-00133,ACCT-LEGIT-480,ACCT-LEGIT-292,2596.77,TRANSFER,0,Normal
162,AML-TX-00134,ACCT-LEGIT-833,ACCT-LEGIT-260,858.28,TRANSFER,0,Normal
18,AML-TX-00135,ACCT-MULE-17,ACCT-CONDUIT-13,78370.51,TRANSFER,1,Fan_Out
79,AML-TX-00136,ACCT-LEGIT-702,ACCT-LEGIT-687,5890.55,CASH_OUT,0,Normal
396,AML-TX-00137,ACCT-MULE-13,ACCT-CONDUIT-39,78369.52,TRANSFER,1,Fan_Out
81,AML-TX-00138,ACCT-LEGIT-937,ACCT-LEGIT-679,2309.99,PAYMENT,0,Normal
429,AML-TX-00139,ACCT-MULE-22,ACCT-CONDUIT-37,24354.32,CASH_OUT,1,Smurfing_Structuring
12,AML-TX-00140,ACCT-LEGIT-761,ACCT-LEGIT-643,6572.74,CASH_OUT,0,Normal
441,AML-TX-00141,ACCT-LEGIT-799,ACCT-LEGIT-932,1344.28,TRANSFER,0,Normal
247,AML-TX-00142,ACCT-LEGIT-571,ACCT-LEGIT-447,2903.99,TRANSFER,0,Normal
57,AML-TX-00143,ACCT-LEGIT-688,ACCT-LEGIT-693,7890.54,TRANSFER,0,Normal
66,AML-TX-00144,ACCT-LEGIT-434,ACCT-LEGIT-561,1490.07,TRANSFER,0,Normal
295,AML-TX-00145,ACCT-LEGIT-987,ACCT-LEGIT-759,439.35,PAYMENT,0,Normal
82,AML-TX-00146,ACCT-LEGIT-427,ACCT-LEGIT-469,1308.96,TRANSFER,0,Normal
375,AML-TX-00147,ACCT-LEGIT-839,ACCT-LEGIT-313,803.88,PAYMENT,0,Normal
80,AML-TX-00148,ACCT-MULE-19,ACCT-CONDUIT-44,24382.77,CASH_OUT,1,Smurfing_Structuring
432,AML-TX-00149,ACCT-LEGIT-502,ACCT-LEGIT-447,14937.02,TRANSFER,0,Normal
99,AML-TX-00150,ACCT-LEGIT-211,ACCT-LEGIT-607,3977.04,CASH_OUT,0,Normal
400,AML-TX-00151,ACCT-LEGIT-799,ACCT-LEGIT-241,860.44,TRANSFER,0,Normal
513,AML-TX-00152,ACCT-LEGIT-509,ACCT-LEGIT-661,395.0,PAYMENT,0,Normal
609,AML-TX-00153,ACCT-LEGIT-612,ACCT-LEGIT-431,3160.6,CASH_OUT,0,Normal
696,AML-TX-00154,ACCT-LEGIT-908,ACCT-LEGIT-744,1738.24,PAYMENT,0,Normal
735,AML-TX-00155,ACCT-LEGIT-593,ACCT-LEGIT-196,569.52,TRANSFER,0,Normal
587,AML-TX-00156,ACCT-LEGIT-548,ACCT-LEGIT-139,4030.73,PAYMENT,0,Normal
655,AML-TX-00157,ACCT-LEGIT-105,ACCT-LEGIT-288,1012.7,CASH_OUT,0,Normal
444,AML-TX-00158,ACCT-LEGIT-489,ACCT-LEGIT-791,164.79,TRANSFER,0,Normal
449,AML-TX-00159,ACCT-LEGIT-845,ACCT-LEGIT-928,195.58,TRANSFER,0,Normal
140,AML-TX-00160,ACCT-MULE-17,ACCT-CONDUIT-32,24189.2,CASH_OUT,1,Smurfing_Structuring
411,AML-TX-00161,ACCT-LEGIT-642,ACCT-LEGIT-670,2788.66,PAYMENT,0,Normal
437,AML-TX-00162,ACCT-LEGIT-881,ACCT-LEGIT-196,168.43,TRANSFER,0,Normal
509,AML-TX-00163,ACCT-LEGIT-337,ACCT-LEGIT-615,4299.02,CASH_OUT,0,Normal
490,AML-TX-00164,ACCT-LEGIT-310,ACCT-LEGIT-300,3149.54,PAYMENT,0,Normal
218,AML-TX-00165,ACCT-MULE-24,ACCT-CONDUIT-37,30585.77,TRANSFER,1,Cycle_Hawala
414,AML-TX-00166,ACCT-LEGIT-449,ACCT-LEGIT-590,2027.12,PAYMENT,0,Normal
125,AML-TX-00167,ACCT-LEGIT-859,ACCT-LEGIT-457,513.58,TRANSFER,0,Normal
459,AML-TX-00168,ACCT-LEGIT-956,ACCT-LEGIT-139,1312.21,CASH_OUT,0,Normal
93,AML-TX-00169,ACCT-MULE-19,U-8831,33732.9,TRANSFER,1,Fan_In
151,AML-TX-00170,ACCT-LEGIT-759,ACCT-LEGIT-466,324.76,CASH_OUT,0,Normal
672,AML-TX-00171,ACCT-LEGIT-842,ACCT-LEGIT-331,2050.96,TRANSFER,0,Normal
487,AML-TX-00172,ACCT-LEGIT-768,ACCT-LEGIT-849,1193.13,CASH_OUT,0,Normal
475,AML-TX-00173,ACCT-LEGIT-616,ACCT-LEGIT-376,5108.1,CASH_OUT,0,Normal
657,AML-TX-00174,ACCT-LEGIT-952,ACCT-LEGIT-364,5257.71,PAYMENT,0,Normal
99,AML-TX-00175,ACCT-MULE-16,ACCT-CONDUIT-18,79145.21,TRANSFER,1,Cycle_Hawala
95,AML-TX-00176,ACCT-LEGIT-986,ACCT-LEGIT-875,924.15,PAYMENT,0,Normal
36,AML-TX-00177,ACCT-MULE-25,ACCT-CONDUIT-21,75707.54,TRANSFER,1,Fan_Out
31,AML-TX-00178,ACCT-LEGIT-335,ACCT-LEGIT-190,194.55,TRANSFER,0,Normal
86,AML-TX-00179,ACCT-LEGIT-944,ACCT-LEGIT-647,5984.09,TRANSFER,0,Normal
211,AML-TX-00180,ACCT-LEGIT-138,ACCT-LEGIT-658,4834.22,CASH_OUT,0,Normal
242,AML-TX-00181,ACCT-LEGIT-105,ACCT-LEGIT-557,968.45,TRANSFER,0,Normal
130,AML-TX-00182,ACCT-LEGIT-368,ACCT-LEGIT-940,14168.01,CASH_OUT,0,Normal
308,AML-TX-00183,ACCT-LEGIT-499,ACCT-LEGIT-215,994.01,CASH_OUT,0,Normal
559,AML-TX-00184,ACCT-LEGIT-661,ACCT-LEGIT-458,2473.54,PAYMENT,0,Normal
502,AML-TX-00185,ACCT-LEGIT-455,ACCT-LEGIT-694,1762.68,CASH_OUT,0,Normal
588,AML-TX-00186,ACCT-LEGIT-395,ACCT-LEGIT-781,3324.02,PAYMENT,0,Normal
274,AML-TX-00187,ACCT-LEGIT-385,ACCT-LEGIT-113,222.99,CASH_OUT,0,Normal
72,AML-TX-00188,ACCT-LEGIT-998,ACCT-LEGIT-767,2435.76,PAYMENT,0,Normal
523,AML-TX-00189,ACCT-MULE-20,ACCT-CONDUIT-33,49375.57,TRANSFER,1,Fan_Out
464,AML-TX-00190,ACCT-LEGIT-907,ACCT-LEGIT-775,4710.19,CASH_OUT,0,Normal
608,AML-TX-00191,ACCT-MULE-19,ACCT-CONDUIT-26,74597.12,TRANSFER,1,Cycle_Hawala
478,AML-TX-00192,ACCT-LEGIT-515,ACCT-LEGIT-729,4765.68,PAYMENT,0,Normal
540,AML-TX-00193,ACCT-LEGIT-960,ACCT-LEGIT-321,3724.34,PAYMENT,0,Normal
673,AML-TX-00194,ACCT-MULE-29,U-8831,78360.91,TRANSFER,1,Fan_In
180,AML-TX-00195,ACCT-LEGIT-497,ACCT-LEGIT-550,4375.48,TRANSFER,0,Normal
662,AML-TX-00196,ACCT-LEGIT-698,ACCT-LEGIT-673,6747.54,PAYMENT,0,Normal
608,AML-TX-00197,ACCT-LEGIT-141,ACCT-LEGIT-407,3807.58,TRANSFER,0,Normal
139,AML-TX-00198,ACCT-MULE-19,ACCT-CONDUIT-17,24121.56,CASH_OUT,1,Smurfing_Structuring
656,AML-TX-00199,ACCT-LEGIT-965,ACCT-LEGIT-965,1816.16,CASH_OUT,0,Normal
603,AML-TX-00200,ACCT-LEGIT-717,ACCT-LEGIT-396,649.14,TRANSFER,0,Normal
174,AML-TX-00201,ACCT-LEGIT-153,ACCT-LEGIT-292,406.9,TRANSFER,0,Normal
571,AML-TX-00202,ACCT-MULE-27,ACCT-CONDUIT-12,56551.42,TRANSFER,1,Cycle_Hawala
611,AML-TX-00203,ACCT-LEGIT-235,ACCT-LEGIT-209,709.65,TRANSFER,0,Normal
574,AML-TX-00204,ACCT-LEGIT-898,ACCT-LEGIT-958,2963.73,CASH_OUT,0,Normal
646,AML-TX-00205,ACCT-LEGIT-589,ACCT-LEGIT-204,4909.04,TRANSFER,0,Normal
267,AML-TX-00206,ACCT-LEGIT-650,ACCT-LEGIT-759,5574.33,TRANSFER,0,Normal
327,AML-TX-00207,ACCT-LEGIT-726,ACCT-LEGIT-264,705.08,CASH_OUT,0,Normal
120,AML-TX-00208,ACCT-MULE-17,ACCT-CONDUIT-10,24146.26,CASH_OUT,1,Smurfing_Structuring
601,AML-TX-00209,ACCT-LEGIT-612,ACCT-LEGIT-905,3004.44,TRANSFER,0,Normal
174,AML-TX-00210,ACCT-LEGIT-202,ACCT-LEGIT-872,1308.12,PAYMENT,0,Normal
36,AML-TX-00211,ACCT-LEGIT-253,ACCT-LEGIT-728,2013.9,PAYMENT,0,Normal
648,AML-TX-00212,ACCT-LEGIT-655,ACCT-LEGIT-466,1649.69,TRANSFER,0,Normal
91,AML-TX-00213,ACCT-LEGIT-529,ACCT-LEGIT-132,8107.94,CASH_OUT,0,Normal
743,AML-TX-00214,ACCT-MULE-18,ACCT-CONDUIT-29,75140.87,TRANSFER,1,Fan_Out
599,AML-TX-00215,ACCT-LEGIT-468,ACCT-LEGIT-517,4344.68,TRANSFER,0,Normal
187,AML-TX-00216,ACCT-LEGIT-445,ACCT-LEGIT-543,1846.97,CASH_OUT,0,Normal
419,AML-TX-00217,ACCT-LEGIT-691,ACCT-LEGIT-905,7939.38,PAYMENT,0,Normal
474,AML-TX-00218,ACCT-LEGIT-315,ACCT-LEGIT-355,1031.17,TRANSFER,0,Normal
495,AML-TX-00219,ACCT-LEGIT-780,ACCT-LEGIT-758,794.51,TRANSFER,0,Normal
420,AML-TX-00220,ACCT-MULE-24,ACCT-CONDUIT-15,39909.81,TRANSFER,1,Cycle_Hawala
219,AML-TX-00221,ACCT-LEGIT-283,ACCT-LEGIT-537,1076.54,PAYMENT,0,Normal
94,AML-TX-00222,ACCT-LEGIT-436,ACCT-LEGIT-682,2457.36,PAYMENT,0,Normal
23,AML-TX-00223,ACCT-MULE-27,ACCT-CONDUIT-21,68953.42,TRANSFER,1,Cycle_Hawala
585,AML-TX-00224,ACCT-LEGIT-468,ACCT-LEGIT-126,6867.95,TRANSFER,0,Normal
476,AML-TX-00225,ACCT-LEGIT-962,ACCT-LEGIT-385,2314.12,PAYMENT,0,Normal
741,AML-TX-00226,ACCT-MULE-28,ACCT-CONDUIT-47,63182.71,TRANSFER,1,Cycle_Hawala
297,AML-TX-00227,ACCT-LEGIT-972,ACCT-LEGIT-136,6436.48,PAYMENT,0,Normal
122,AML-TX-00228,ACCT-LEGIT-787,ACCT-LEGIT-269,7104.43,TRANSFER,0,Normal
15,AML-TX-00229,ACCT-LEGIT-447,ACCT-LEGIT-283,2386.69,TRANSFER,0,Normal
486,AML-TX-00230,ACCT-LEGIT-882,ACCT-LEGIT-240,3074.07,CASH_OUT,0,Normal
399,AML-TX-00231,ACCT-LEGIT-522,ACCT-LEGIT-393,4253.83,TRANSFER,0,Normal
387,AML-TX-00232,ACCT-LEGIT-673,ACCT-LEGIT-982,1982.3,TRANSFER,0,Normal
528,AML-TX-00233,ACCT-LEGIT-403,ACCT-LEGIT-651,10230.44,CASH_OUT,0,Normal
223,AML-TX-00234,ACCT-LEGIT-279,ACCT-LEGIT-122,3318.36,TRANSFER,0,Normal
128,AML-TX-00235,ACCT-LEGIT-440,ACCT-LEGIT-991,6661.78,CASH_OUT,0,Normal
105,AML-TX-00236,ACCT-LEGIT-881,ACCT-LEGIT-132,1451.69,PAYMENT,0,Normal
229,AML-TX-00237,ACCT-LEGIT-609,ACCT-LEGIT-187,4690.91,PAYMENT,0,Normal
44,AML-TX-00238,ACCT-LEGIT-296,ACCT-LEGIT-166,489.16,CASH_OUT,0,Normal
380,AML-TX-00239,ACCT-LEGIT-569,ACCT-LEGIT-226,829.04,TRANSFER,0,Normal
327,AML-TX-00240,ACCT-LEGIT-754,ACCT-LEGIT-520,497.77,CASH_OUT,0,Normal
269,AML-TX-00241,ACCT-LEGIT-292,ACCT-LEGIT-969,1534.23,CASH_OUT,0,Normal
546,AML-TX-00242,ACCT-LEGIT-624,ACCT-LEGIT-249,1461.34,CASH_OUT,0,Normal
261,AML-TX-00243,ACCT-MULE-22,U-8831,67251.81,TRANSFER,1,Fan_In
131,AML-TX-00244,ACCT-LEGIT-413,ACCT-LEGIT-321,3360.13,PAYMENT,0,Normal
636,AML-TX-00245,ACCT-LEGIT-688,ACCT-LEGIT-268,2043.46,PAYMENT,0,Normal
710,AML-TX-00246,ACCT-LEGIT-465,ACCT-LEGIT-961,3666.46,TRANSFER,0,Normal
615,AML-TX-00247,ACCT-MULE-22,ACCT-CONDUIT-46,75791.84,TRANSFER,1,Fan_Out
547,AML-TX-00248,ACCT-MULE-26,ACCT-CONDUIT-31,24253.37,CASH_OUT,1,Smurfing_Structuring
636,AML-TX-00249,ACCT-LEGIT-162,ACCT-LEGIT-873,506.65,CASH_OUT,0,Normal
657,AML-TX-00250,ACCT-LEGIT-900,ACCT-LEGIT-833,8349.99,PAYMENT,0,Normal
537,AML-TX-00251,ACCT-MULE-27,ACCT-CONDUIT-17,52004.08,TRANSFER,1,Fan_Out
606,AML-TX-00252,ACCT-LEGIT-598,ACCT-LEGIT-254,6220.68,TRANSFER,0,Normal
633,AML-TX-00253,ACCT-LEGIT-101,ACCT-LEGIT-821,1394.9,PAYMENT,0,Normal
228,AML-TX-00254,ACCT-LEGIT-111,ACCT-LEGIT-834,1639.61,TRANSFER,0,Normal
42,AML-TX-00255,ACCT-LEGIT-584,ACCT-LEGIT-847,3372.95,TRANSFER,0,Normal
86,AML-TX-00256,ACCT-LEGIT-340,ACCT-LEGIT-711,653.77,CASH_OUT,0,Normal
624,AML-TX-00257,ACCT-MULE-12,U-8831,56784.02,TRANSFER,1,Fan_In
424,AML-TX-00258,ACCT-LEGIT-513,ACCT-LEGIT-394,1329.96,PAYMENT,0,Normal
105,AML-TX-00259,ACCT-LEGIT-509,ACCT-LEGIT-147,3135.42,TRANSFER,0,Normal
509,AML-TX-00260,ACCT-LEGIT-740,ACCT-LEGIT-138,1001.59,CASH_OUT,0,Normal
340,AML-TX-00261,ACCT-LEGIT-592,ACCT-LEGIT-120,3486.44,CASH_OUT,0,Normal
363,AML-TX-00262,ACCT-LEGIT-209,ACCT-LEGIT-860,2082.81,TRANSFER,0,Normal
427,AML-TX-00263,ACCT-LEGIT-774,ACCT-LEGIT-195,5160.13,TRANSFER,0,Normal
692,AML-TX-00264,ACCT-LEGIT-373,ACCT-LEGIT-430,1374.52,TRANSFER,0,Normal
447,AML-TX-00265,ACCT-LEGIT-367,ACCT-LEGIT-804,2087.19,TRANSFER,0,Normal
672,AML-TX-00266,ACCT-LEGIT-940,ACCT-LEGIT-237,1804.05,CASH_OUT,0,Normal
400,AML-TX-00267,ACCT-LEGIT-802,ACCT-LEGIT-620,4172.84,PAYMENT,0,Normal
218,AML-TX-00268,ACCT-LEGIT-768,ACCT-LEGIT-345,1925.75,PAYMENT,0,Normal
343,AML-TX-00269,ACCT-LEGIT-765,ACCT-LEGIT-414,1408.66,PAYMENT,0,Normal
170,AML-TX-00270,ACCT-LEGIT-509,ACCT-LEGIT-187,4871.79,PAYMENT,0,Normal
356,AML-TX-00271,ACCT-LEGIT-286,ACCT-LEGIT-359,3785.06,PAYMENT,0,Normal
10,AML-TX-00272,ACCT-LEGIT-990,ACCT-LEGIT-768,1386.49,TRANSFER,0,Normal
729,AML-TX-00273,ACCT-LEGIT-933,ACCT-LEGIT-857,3398.7,TRANSFER,0,Normal
186,AML-TX-00274,ACCT-LEGIT-229,ACCT-LEGIT-214,4497.89,TRANSFER,0,Normal
261,AML-TX-00275,ACCT-LEGIT-462,ACCT-LEGIT-251,4958.42,PAYMENT,0,Normal
416,AML-TX-00276,ACCT-LEGIT-239,ACCT-LEGIT-243,1898.43,PAYMENT,0,Normal
232,AML-TX-00277,ACCT-MULE-28,ACCT-CONDUIT-40,72831.28,TRANSFER,1,Fan_Out
211,AML-TX-00278,ACCT-LEGIT-666,ACCT-LEGIT-748,412.13,PAYMENT,0,Normal
717,AML-TX-00279,ACCT-LEGIT-131,ACCT-LEGIT-190,583.57,PAYMENT,0,Normal
594,AML-TX-00280,ACCT-LEGIT-332,ACCT-LEGIT-919,1103.81,CASH_OUT,0,Normal
429,AML-TX-00281,ACCT-LEGIT-878,ACCT-LEGIT-793,1024.25,TRANSFER,0,Normal
34,AML-TX-00282,ACCT-LEGIT-697,ACCT-LEGIT-566,5376.46,PAYMENT,0,Normal
82,AML-TX-00283,ACCT-LEGIT-147,ACCT-LEGIT-276,1588.71,PAYMENT,0,Normal
540,AML-TX-00284,ACCT-LEGIT-758,ACCT-LEGIT-824,547.01,PAYMENT,0,Normal
563,AML-TX-00285,ACCT-LEGIT-229,ACCT-LEGIT-662,4292.43,CASH_OUT,0,Normal
524,AML-TX-00286,ACCT-MULE-21,ACCT-CONDUIT-46,36608.4,TRANSFER,1,Cycle_Hawala
700,AML-TX-00287,ACCT-LEGIT-105,ACCT-LEGIT-643,6554.65,CASH_OUT,0,Normal
119,AML-TX-00288,ACCT-LEGIT-741,ACCT-LEGIT-131,891.8,TRANSFER,0,Normal
478,AML-TX-00289,ACCT-LEGIT-375,ACCT-LEGIT-179,6276.78,TRANSFER,0,Normal
71,AML-TX-00290,ACCT-LEGIT-513,ACCT-LEGIT-311,3094.92,PAYMENT,0,Normal
99,AML-TX-00291,ACCT-MULE-18,U-8831,72563.74,TRANSFER,1,Fan_In
154,AML-TX-00292,ACCT-LEGIT-293,ACCT-LEGIT-953,2504.2,PAYMENT,0,Normal
624,AML-TX-00293,ACCT-LEGIT-813,ACCT-LEGIT-752,10897.82,PAYMENT,0,Normal
167,AML-TX-00294,ACCT-MULE-23,U-8831,75718.49,TRANSFER,1,Fan_In
556,AML-TX-00295,ACCT-LEGIT-882,ACCT-LEGIT-364,1253.23,TRANSFER,0,Normal
700,AML-TX-00296,ACCT-LEGIT-763,ACCT-LEGIT-722,13273.25,TRANSFER,0,Normal
450,AML-TX-00297,ACCT-LEGIT-174,ACCT-LEGIT-545,1225.16,CASH_OUT,0,Normal
490,AML-TX-00298,ACCT-LEGIT-676,ACCT-LEGIT-354,900.91,CASH_OUT,0,Normal
288,AML-TX-00299,ACCT-LEGIT-889,ACCT-LEGIT-319,8035.55,TRANSFER,0,Normal
500,AML-TX-00300,ACCT-LEGIT-137,ACCT-LEGIT-649,475.64,PAYMENT,0,Normal
220,AML-TX-00301,ACCT-LEGIT-522,ACCT-LEGIT-605,8476.41,TRANSFER,0,Normal
143,AML-TX-00302,ACCT-LEGIT-780,ACCT-LEGIT-520,576.53,TRANSFER,0,Normal
457,AML-TX-00303,ACCT-LEGIT-729,ACCT-LEGIT-349,708.61,CASH_OUT,0,Normal
687,AML-TX-00304,ACCT-LEGIT-718,ACCT-LEGIT-805,8660.39,PAYMENT,0,Normal
131,AML-TX-00305,ACCT-LEGIT-786,ACCT-LEGIT-338,1770.4,TRANSFER,0,Normal
147,AML-TX-00306,ACCT-LEGIT-679,ACCT-LEGIT-174,2141.99,CASH_OUT,0,Normal
502,AML-TX-00307,ACCT-LEGIT-317,ACCT-LEGIT-844,700.54,PAYMENT,0,Normal
291,AML-TX-00308,ACCT-LEGIT-601,ACCT-LEGIT-260,2007.6,CASH_OUT,0,Normal
157,AML-TX-00309,ACCT-MULE-11,ACCT-CONDUIT-17,30103.0,TRANSFER,1,Fan_Out
163,AML-TX-00310,ACCT-LEGIT-340,ACCT-LEGIT-689,6980.39,CASH_OUT,0,Normal
151,AML-TX-00311,ACCT-LEGIT-338,ACCT-LEGIT-218,6614.16,PAYMENT,0,Normal
524,AML-TX-00312,ACCT-LEGIT-887,ACCT-LEGIT-707,6537.28,CASH_OUT,0,Normal
645,AML-TX-00313,ACCT-LEGIT-608,ACCT-LEGIT-120,650.04,PAYMENT,0,Normal
355,AML-TX-00314,ACCT-LEGIT-799,ACCT-LEGIT-596,785.96,CASH_OUT,0,Normal
604,AML-TX-00315,ACCT-MULE-16,ACCT-CONDUIT-37,44816.44,TRANSFER,1,Fan_Out
317,AML-TX-00316,ACCT-LEGIT-613,ACCT-LEGIT-283,2239.7,CASH_OUT,0,Normal
32,AML-TX-00317,ACCT-LEGIT-928,ACCT-LEGIT-605,3910.5,PAYMENT,0,Normal
496,AML-TX-00318,ACCT-LEGIT-116,ACCT-LEGIT-302,699.96,CASH_OUT,0,Normal
440,AML-TX-00319,ACCT-LEGIT-817,ACCT-LEGIT-405,276.42,TRANSFER,0,Normal
150,AML-TX-00320,ACCT-MULE-20,ACCT-CONDUIT-18,24462.53,CASH_OUT,1,Smurfing_Structuring
438,AML-TX-00321,ACCT-LEGIT-198,ACCT-LEGIT-895,1081.81,CASH_OUT,0,Normal
370,AML-TX-00322,ACCT-MULE-20,U-8831,42583.43,TRANSFER,1,Fan_In
460,AML-TX-00323,ACCT-LEGIT-101,ACCT-LEGIT-253,2814.81,PAYMENT,0,Normal
593,AML-TX-00324,ACCT-MULE-17,ACCT-CONDUIT-39,54693.05,TRANSFER,1,Cycle_Hawala
222,AML-TX-00325,ACCT-LEGIT-158,ACCT-LEGIT-316,462.78,CASH_OUT,0,Normal
285,AML-TX-00326,ACCT-MULE-29,ACCT-CONDUIT-15,24571.23,CASH_OUT,1,Smurfing_Structuring
92,AML-TX-00327,ACCT-MULE-25,ACCT-CONDUIT-19,38563.71,TRANSFER,1,Fan_Out
698,AML-TX-00328,ACCT-LEGIT-684,ACCT-LEGIT-264,7979.78,PAYMENT,0,Normal
460,AML-TX-00329,ACCT-LEGIT-991,ACCT-LEGIT-136,3329.88,CASH_OUT,0,Normal
478,AML-TX-00330,ACCT-LEGIT-301,ACCT-LEGIT-245,1093.47,TRANSFER,0,Normal
734,AML-TX-00331,ACCT-LEGIT-351,ACCT-LEGIT-685,4029.68,TRANSFER,0,Normal
112,AML-TX-00332,ACCT-LEGIT-579,ACCT-LEGIT-790,5707.38,PAYMENT,0,Normal
55,AML-TX-00333,ACCT-LEGIT-709,ACCT-LEGIT-357,677.73,CASH_OUT,0,Normal
665,AML-TX-00334,ACCT-LEGIT-665,ACCT-LEGIT-298,4431.75,PAYMENT,0,Normal
212,AML-TX-00335,ACCT-LEGIT-174,ACCT-LEGIT-542,2865.08,PAYMENT,0,Normal
570,AML-TX-00336,ACCT-LEGIT-380,ACCT-LEGIT-638,380.93,CASH_OUT,0,Normal
627,AML-TX-00337,ACCT-MULE-27,ACCT-CONDUIT-43,33774.65,TRANSFER,1,Fan_Out
16,AML-TX-00338,ACCT-LEGIT-687,ACCT-LEGIT-303,3013.25,TRANSFER,0,Normal
233,AML-TX-00339,ACCT-LEGIT-507,ACCT-LEGIT-244,5461.04,CASH_OUT,0,Normal
430,AML-TX-00340,ACCT-LEGIT-531,ACCT-LEGIT-771,3263.39,CASH_OUT,0,Normal
530,AML-TX-00341,ACCT-MULE-29,ACCT-CONDUIT-31,32125.23,TRANSFER,1,Fan_Out
615,AML-TX-00342,ACCT-LEGIT-955,ACCT-LEGIT-527,1322.12,TRANSFER,0,Normal
231,AML-TX-00343,ACCT-LEGIT-469,ACCT-LEGIT-661,7437.14,CASH_OUT,0,Normal
93,AML-TX-00344,ACCT-LEGIT-792,ACCT-LEGIT-639,5725.45,CASH_OUT,0,Normal
14,AML-TX-00345,ACCT-LEGIT-289,ACCT-LEGIT-171,9914.28,CASH_OUT,0,Normal
525,AML-TX-00346,ACCT-LEGIT-399,ACCT-LEGIT-199,6059.7,CASH_OUT,0,Normal
699,AML-TX-00347,ACCT-LEGIT-844,ACCT-LEGIT-742,1130.98,CASH_OUT,0,Normal
512,AML-TX-00348,ACCT-LEGIT-901,ACCT-LEGIT-727,3176.03,TRANSFER,0,Normal
723,AML-TX-00349,ACCT-LEGIT-819,ACCT-LEGIT-222,618.04,TRANSFER,0,Normal
158,AML-TX-00350,ACCT-LEGIT-976,ACCT-LEGIT-962,1350.08,TRANSFER,0,Normal
107,AML-TX-00351,ACCT-LEGIT-959,ACCT-LEGIT-895,6648.13,CASH_OUT,0,Normal
389,AML-TX-00352,ACCT-LEGIT-725,ACCT-LEGIT-169,1555.24,PAYMENT,0,Normal
606,AML-TX-00353,ACCT-LEGIT-592,ACCT-LEGIT-338,2885.62,PAYMENT,0,Normal
176,AML-TX-00354,ACCT-LEGIT-575,ACCT-LEGIT-827,1566.32,PAYMENT,0,Normal
105,AML-TX-00355,ACCT-LEGIT-661,ACCT-LEGIT-804,1264.53,PAYMENT,0,Normal
572,AML-TX-00356,ACCT-LEGIT-611,ACCT-LEGIT-915,12914.55,TRANSFER,0,Normal
476,AML-TX-00357,ACCT-LEGIT-262,ACCT-LEGIT-535,2191.79,TRANSFER,0,Normal
9,AML-TX-00358,ACCT-LEGIT-755,ACCT-LEGIT-876,14318.88,CASH_OUT,0,Normal
685,AML-TX-00359,ACCT-LEGIT-402,ACCT-LEGIT-539,4366.86,CASH_OUT,0,Normal
29,AML-TX-00360,ACCT-LEGIT-306,ACCT-LEGIT-519,3823.67,TRANSFER,0,Normal
484,AML-TX-00361,ACCT-LEGIT-695,ACCT-LEGIT-525,4259.51,TRANSFER,0,Normal
625,AML-TX-00362,ACCT-LEGIT-312,ACCT-LEGIT-470,554.14,CASH_OUT,0,Normal
231,AML-TX-00363,ACCT-LEGIT-706,ACCT-LEGIT-396,2048.44,TRANSFER,0,Normal
672,AML-TX-00364,ACCT-LEGIT-720,ACCT-LEGIT-387,268.24,CASH_OUT,0,Normal
612,AML-TX-00365,ACCT-LEGIT-135,ACCT-LEGIT-165,1197.82,TRANSFER,0,Normal
498,AML-TX-00366,ACCT-LEGIT-304,ACCT-LEGIT-140,1112.3,TRANSFER,0,Normal
580,AML-TX-00367,ACCT-LEGIT-742,ACCT-LEGIT-854,1714.73,PAYMENT,0,Normal
31,AML-TX-00368,ACCT-MULE-14,ACCT-CONDUIT-13,38764.25,TRANSFER,1,Fan_Out
136,AML-TX-00369,ACCT-LEGIT-497,ACCT-LEGIT-148,2871.6,TRANSFER,0,Normal
514,AML-TX-00370,ACCT-LEGIT-518,ACCT-LEGIT-571,7944.79,CASH_OUT,0,Normal
508,AML-TX-00371,ACCT-LEGIT-368,ACCT-LEGIT-582,2889.92,PAYMENT,0,Normal
408,AML-TX-00372,ACCT-LEGIT-225,ACCT-LEGIT-132,4200.56,PAYMENT,0,Normal
603,AML-TX-00373,ACCT-LEGIT-838,ACCT-LEGIT-587,6238.68,CASH_OUT,0,Normal
688,AML-TX-00374,ACCT-LEGIT-845,ACCT-LEGIT-215,9951.08,CASH_OUT,0,Normal
574,AML-TX-00375,ACCT-LEGIT-900,ACCT-LEGIT-982,3692.22,TRANSFER,0,Normal
682,AML-TX-00376,ACCT-LEGIT-649,ACCT-LEGIT-384,3911.58,TRANSFER,0,Normal
381,AML-TX-00377,ACCT-LEGIT-720,ACCT-LEGIT-184,3142.17,TRANSFER,0,Normal
288,AML-TX-00378,ACCT-LEGIT-108,ACCT-LEGIT-127,7052.27,TRANSFER,0,Normal
290,AML-TX-00379,ACCT-LEGIT-181,ACCT-LEGIT-139,1572.78,CASH_OUT,0,Normal
368,AML-TX-00380,ACCT-LEGIT-854,ACCT-LEGIT-625,6681.65,PAYMENT,0,Normal
54,AML-TX-00381,ACCT-LEGIT-734,ACCT-LEGIT-745,2888.87,PAYMENT,0,Normal
341,AML-TX-00382,ACCT-LEGIT-504,ACCT-LEGIT-129,1509.86,PAYMENT,0,Normal
716,AML-TX-00383,ACCT-LEGIT-182,ACCT-LEGIT-511,706.74,PAYMENT,0,Normal
500,AML-TX-00384,ACCT-LEGIT-386,ACCT-LEGIT-292,5768.51,PAYMENT,0,Normal
378,AML-TX-00385,ACCT-LEGIT-897,ACCT-LEGIT-113,9655.23,CASH_OUT,0,Normal
242,AML-TX-00386,ACCT-LEGIT-956,ACCT-LEGIT-690,5600.33,CASH_OUT,0,Normal
12,AML-TX-00387,ACCT-LEGIT-510,ACCT-LEGIT-126,2005.72,CASH_OUT,0,Normal
166,AML-TX-00388,ACCT-MULE-21,U-8831,71657.61,TRANSFER,1,Fan_In
266,AML-TX-00389,ACCT-LEGIT-340,ACCT-LEGIT-611,1784.85,PAYMENT,0,Normal
327,AML-TX-00390,ACCT-LEGIT-746,ACCT-LEGIT-335,938.93,PAYMENT,0,Normal
299,AML-TX-00391,ACCT-LEGIT-600,ACCT-LEGIT-893,2670.39,TRANSFER,0,Normal
676,AML-TX-00392,ACCT-LEGIT-242,ACCT-LEGIT-541,3105.24,PAYMENT,0,Normal
129,AML-TX-00393,ACCT-LEGIT-204,ACCT-LEGIT-673,3308.03,CASH_OUT,0,Normal
169,AML-TX-00394,ACCT-MULE-23,ACCT-CONDUIT-35,24872.07,CASH_OUT,1,Smurfing_Structuring
462,AML-TX-00395,ACCT-LEGIT-348,ACCT-LEGIT-413,3195.61,CASH_OUT,0,Normal
120,AML-TX-00396,ACCT-LEGIT-667,ACCT-LEGIT-188,648.51,TRANSFER,0,Normal
673,AML-TX-00397,ACCT-LEGIT-346,ACCT-LEGIT-434,623.05,PAYMENT,0,Normal
58,AML-TX-00398,ACCT-LEGIT-582,ACCT-LEGIT-593,4872.28,PAYMENT,0,Normal
131,AML-TX-00399,ACCT-LEGIT-205,ACCT-LEGIT-899,634.18,CASH_OUT,0,Normal
76,AML-TX-00400,ACCT-LEGIT-569,ACCT-LEGIT-608,1609.24,PAYMENT,0,Normal
201,AML-TX-00401,ACCT-MULE-29,ACCT-CONDUIT-37,72019.13,TRANSFER,1,Mule_Layering
52,AML-TX-00402,ACCT-LEGIT-833,ACCT-LEGIT-726,6333.8,CASH_OUT,0,Normal
629,AML-TX-00403,ACCT-LEGIT-985,ACCT-LEGIT-368,1071.09,CASH_OUT,0,Normal
250,AML-TX-00404,ACCT-LEGIT-567,ACCT-LEGIT-840,2770.79,TRANSFER,0,Normal
77,AML-TX-00405,ACCT-LEGIT-603,ACCT-LEGIT-738,3235.52,PAYMENT,0,Normal
135,AML-TX-00406,ACCT-LEGIT-900,ACCT-LEGIT-538,4930.26,TRANSFER,0,Normal
508,AML-TX-00407,ACCT-LEGIT-442,ACCT-LEGIT-955,2296.48,TRANSFER,0,Normal
267,AML-TX-00408,ACCT-LEGIT-740,ACCT-LEGIT-461,1551.52,TRANSFER,0,Normal
670,AML-TX-00409,ACCT-LEGIT-234,ACCT-LEGIT-929,961.08,PAYMENT,0,Normal
480,AML-TX-00410,ACCT-LEGIT-245,ACCT-LEGIT-166,503.64,TRANSFER,0,Normal
459,AML-TX-00411,ACCT-LEGIT-453,ACCT-LEGIT-569,3793.72,CASH_OUT,0,Normal
329,AML-TX-00412,ACCT-LEGIT-989,ACCT-LEGIT-847,1129.7,TRANSFER,0,Normal
506,AML-TX-00413,ACCT-LEGIT-434,ACCT-LEGIT-429,6891.79,PAYMENT,0,Normal
406,AML-TX-00414,ACCT-LEGIT-791,ACCT-LEGIT-354,5437.05,TRANSFER,0,Normal
569,AML-TX-00415,ACCT-LEGIT-967,ACCT-LEGIT-503,684.91,CASH_OUT,0,Normal
484,AML-TX-00416,ACCT-LEGIT-399,ACCT-LEGIT-535,1162.13,CASH_OUT,0,Normal
376,AML-TX-00417,ACCT-LEGIT-523,ACCT-LEGIT-242,3933.44,TRANSFER,0,Normal
683,AML-TX-00418,ACCT-LEGIT-415,ACCT-LEGIT-621,6984.49,PAYMENT,0,Normal
676,AML-TX-00419,ACCT-MULE-29,ACCT-CONDUIT-39,68138.46,TRANSFER,1,Mule_Layering
461,AML-TX-00420,ACCT-LEGIT-251,ACCT-LEGIT-533,7391.71,CASH_OUT,0,Normal
436,AML-TX-00421,ACCT-MULE-10,ACCT-CONDUIT-30,24353.04,CASH_OUT,1,Smurfing_Structuring
140,AML-TX-00422,ACCT-LEGIT-945,ACCT-LEGIT-427,5568.23,TRANSFER,0,Normal
612,AML-TX-00423,ACCT-LEGIT-431,ACCT-LEGIT-933,1498.45,CASH_OUT,0,Normal
683,AML-TX-00424,ACCT-LEGIT-295,ACCT-LEGIT-523,3525.75,PAYMENT,0,Normal
669,AML-TX-00425,ACCT-LEGIT-644,ACCT-LEGIT-629,8228.99,CASH_OUT,0,Normal
87,AML-TX-00426,ACCT-LEGIT-758,ACCT-LEGIT-484,758.82,CASH_OUT,0,Normal
401,AML-TX-00427,ACCT-LEGIT-822,ACCT-LEGIT-606,4744.17,PAYMENT,0,Normal
532,AML-TX-00428,ACCT-LEGIT-195,ACCT-LEGIT-116,315.49,PAYMENT,0,Normal
395,AML-TX-00429,ACCT-LEGIT-673,ACCT-LEGIT-943,7351.71,CASH_OUT,0,Normal
338,AML-TX-00430,ACCT-LEGIT-242,ACCT-LEGIT-946,5012.3,CASH_OUT,0,Normal
319,AML-TX-00431,ACCT-MULE-14,ACCT-CONDUIT-24,83541.61,TRANSFER,1,Mule_Layering
638,AML-TX-00432,ACCT-LEGIT-304,ACCT-LEGIT-820,622.68,CASH_OUT,0,Normal
29,AML-TX-00433,ACCT-LEGIT-917,ACCT-LEGIT-195,6273.5,CASH_OUT,0,Normal
547,AML-TX-00434,ACCT-LEGIT-679,ACCT-LEGIT-427,354.26,TRANSFER,0,Normal
221,AML-TX-00435,ACCT-LEGIT-190,ACCT-LEGIT-664,1573.87,PAYMENT,0,Normal
11,AML-TX-00436,ACCT-LEGIT-947,ACCT-LEGIT-664,3679.43,PAYMENT,0,Normal
679,AML-TX-00437,ACCT-LEGIT-541,ACCT-LEGIT-921,3556.33,CASH_OUT,0,Normal
542,AML-TX-00438,ACCT-LEGIT-264,ACCT-LEGIT-108,7708.69,PAYMENT,0,Normal
262,AML-TX-00439,ACCT-LEGIT-123,ACCT-LEGIT-660,393.03,PAYMENT,0,Normal
122,AML-TX-00440,ACCT-LEGIT-615,ACCT-LEGIT-202,7190.64,TRANSFER,0,Normal
645,AML-TX-00441,ACCT-LEGIT-202,ACCT-LEGIT-773,3623.27,PAYMENT,0,Normal
567,AML-TX-00442,ACCT-LEGIT-717,ACCT-LEGIT-982,1971.38,TRANSFER,0,Normal
383,AML-TX-00443,ACCT-LEGIT-410,ACCT-LEGIT-881,1362.29,CASH_OUT,0,Normal
455,AML-TX-00444,ACCT-LEGIT-150,ACCT-LEGIT-801,6865.71,CASH_OUT,0,Normal
90,AML-TX-00445,ACCT-LEGIT-795,ACCT-LEGIT-366,190.51,CASH_OUT,0,Normal
99,AML-TX-00446,ACCT-MULE-11,ACCT-CONDUIT-13,84969.15,TRANSFER,1,Mule_Layering
698,AML-TX-00447,ACCT-LEGIT-611,ACCT-LEGIT-755,1698.97,CASH_OUT,0,Normal
96,AML-TX-00448,ACCT-LEGIT-746,ACCT-LEGIT-523,3431.91,PAYMENT,0,Normal
153,AML-TX-00449,ACCT-LEGIT-745,ACCT-LEGIT-390,752.26,CASH_OUT,0,Normal
91,AML-TX-00450,ACCT-MULE-16,ACCT-CONDUIT-36,24882.36,CASH_OUT,1,Smurfing_Structuring
657,AML-TX-00451,ACCT-LEGIT-842,ACCT-LEGIT-275,510.41,PAYMENT,0,Normal
50,AML-TX-00452,ACCT-LEGIT-689,ACCT-LEGIT-380,2285.76,PAYMENT,0,Normal
74,AML-TX-00453,ACCT-LEGIT-982,ACCT-LEGIT-896,1924.95,TRANSFER,0,Normal
725,AML-TX-00454,ACCT-LEGIT-618,ACCT-LEGIT-145,2762.14,TRANSFER,0,Normal
645,AML-TX-00455,ACCT-MULE-21,ACCT-CONDUIT-13,51795.42,TRANSFER,1,Mule_Layering
249,AML-TX-00456,ACCT-LEGIT-897,ACCT-LEGIT-558,3536.39,CASH_OUT,0,Normal
212,AML-TX-00457,ACCT-LEGIT-747,ACCT-LEGIT-428,219.75,TRANSFER,0,Normal
80,AML-TX-00458,ACCT-MULE-10,U-8831,77884.58,TRANSFER,1,Fan_In
105,AML-TX-00459,ACCT-LEGIT-760,ACCT-LEGIT-574,3269.02,CASH_OUT,0,Normal
719,AML-TX-00460,ACCT-LEGIT-164,ACCT-LEGIT-151,1639.92,PAYMENT,0,Normal
721,AML-TX-00461,ACCT-LEGIT-770,ACCT-LEGIT-948,3782.16,CASH_OUT,0,Normal
267,AML-TX-00462,ACCT-LEGIT-797,ACCT-LEGIT-543,5584.78,CASH_OUT,0,Normal
612,AML-TX-00463,ACCT-LEGIT-488,ACCT-LEGIT-922,3830.54,CASH_OUT,0,Normal
645,AML-TX-00464,ACCT-LEGIT-729,ACCT-LEGIT-415,3652.31,PAYMENT,0,Normal
266,AML-TX-00465,ACCT-LEGIT-193,ACCT-LEGIT-605,11052.34,TRANSFER,0,Normal
139,AML-TX-00466,ACCT-LEGIT-700,ACCT-LEGIT-983,1406.59,CASH_OUT,0,Normal
178,AML-TX-00467,ACCT-MULE-17,ACCT-CONDUIT-12,51664.28,TRANSFER,1,Fan_Out
592,AML-TX-00468,ACCT-LEGIT-277,ACCT-LEGIT-390,1511.24,PAYMENT,0,Normal
494,AML-TX-00469,ACCT-LEGIT-633,ACCT-LEGIT-471,5733.34,PAYMENT,0,Normal
421,AML-TX-00470,ACCT-LEGIT-723,ACCT-LEGIT-194,4939.89,PAYMENT,0,Normal
228,AML-TX-00471,ACCT-LEGIT-308,ACCT-LEGIT-376,3149.58,TRANSFER,0,Normal
481,AML-TX-00472,ACCT-LEGIT-722,ACCT-LEGIT-455,3117.4,CASH_OUT,0,Normal
626,AML-TX-00473,ACCT-LEGIT-253,ACCT-LEGIT-310,14263.91,CASH_OUT,0,Normal
38,AML-TX-00474,ACCT-LEGIT-194,ACCT-LEGIT-427,10528.51,TRANSFER,0,Normal
286,AML-TX-00475,ACCT-LEGIT-641,ACCT-LEGIT-919,3284.8,PAYMENT,0,Normal
76,AML-TX-00476,ACCT-LEGIT-491,ACCT-LEGIT-123,1581.63,TRANSFER,0,Normal
666,AML-TX-00477,ACCT-LEGIT-484,ACCT-LEGIT-747,4234.04,PAYMENT,0,Normal
586,AML-TX-00478,ACCT-LEGIT-672,ACCT-LEGIT-803,1293.95,TRANSFER,0,Normal
62,AML-TX-00479,ACCT-LEGIT-436,ACCT-LEGIT-349,811.43,PAYMENT,0,Normal
626,AML-TX-00480,ACCT-LEGIT-404,ACCT-LEGIT-602,3491.86,TRANSFER,0,Normal
358,AML-TX-00481,ACCT-LEGIT-601,ACCT-LEGIT-800,7005.29,PAYMENT,0,Normal
724,AML-TX-00482,ACCT-LEGIT-537,ACCT-LEGIT-979,1354.22,CASH_OUT,0,Normal
339,AML-TX-00483,ACCT-LEGIT-392,ACCT-LEGIT-490,1839.57,PAYMENT,0,Normal
331,AML-TX-00484,ACCT-LEGIT-933,ACCT-LEGIT-808,3425.69,TRANSFER,0,Normal
440,AML-TX-00485,ACCT-LEGIT-189,ACCT-LEGIT-952,1885.94,CASH_OUT,0,Normal
593,AML-TX-00486,ACCT-LEGIT-142,ACCT-LEGIT-786,638.27,CASH_OUT,0,Normal
21,AML-TX-00487,ACCT-LEGIT-894,ACCT-LEGIT-219,3110.83,TRANSFER,0,Normal
599,AML-TX-00488,ACCT-LEGIT-809,ACCT-LEGIT-263,615.07,PAYMENT,0,Normal
224,AML-TX-00489,ACCT-MULE-12,ACCT-CONDUIT-40,24461.77,CASH_OUT,1,Smurfing_Structuring
624,AML-TX-00490,ACCT-LEGIT-439,ACCT-LEGIT-174,3293.7,PAYMENT,0,Normal
190,AML-TX-00491,ACCT-LEGIT-213,ACCT-LEGIT-171,4199.22,TRANSFER,0,Normal
525,AML-TX-00492,ACCT-LEGIT-636,ACCT-LEGIT-315,508.13,PAYMENT,0,Normal
5,AML-TX-00493,ACCT-LEGIT-416,ACCT-LEGIT-302,483.96,TRANSFER,0,Normal
354,AML-TX-00494,ACCT-LEGIT-174,ACCT-LEGIT-832,1786.44,PAYMENT,0,Normal
583,AML-TX-00495,ACCT-LEGIT-435,ACCT-LEGIT-471,201.07,PAYMENT,0,Normal
636,AML-TX-00496,ACCT-LEGIT-472,ACCT-LEGIT-620,2289.0,CASH_OUT,0,Normal
613,AML-TX-00497,ACCT-MULE-17,ACCT-CONDUIT-40,89096.14,TRANSFER,1,Mule_Layering
571,AML-TX-00498,ACCT-MULE-14,ACCT-CONDUIT-47,33638.17,TRANSFER,1,Fan_Out
252,AML-TX-00499,ACCT-LEGIT-986,ACCT-LEGIT-989,3468.1,PAYMENT,0,Normal
602,AML-TX-00500,ACCT-LEGIT-627,ACCT-LEGIT-681,8562.29,CASH_OUT,0,Normal
54,AML-TX-00501,ACCT-LEGIT-326,ACCT-LEGIT-541,1040.95,CASH_OUT,0,Normal
158,AML-TX-00502,ACCT-LEGIT-204,ACCT-LEGIT-247,3484.34,CASH_OUT,0,Normal
301,AML-TX-00503,ACCT-LEGIT-147,ACCT-LEGIT-708,1334.45,CASH_OUT,0,Normal
652,AML-TX-00504,ACCT-LEGIT-146,ACCT-LEGIT-188,903.93,CASH_OUT,0,Normal
639,AML-TX-00505,ACCT-LEGIT-648,ACCT-LEGIT-289,493.81,CASH_OUT,0,Normal
330,AML-TX-00506,ACCT-LEGIT-414,ACCT-LEGIT-206,1995.89,PAYMENT,0,Normal
215,AML-TX-00507,ACCT-LEGIT-730,ACCT-LEGIT-439,1491.23,PAYMENT,0,Normal
560,AML-TX-00508,ACCT-LEGIT-882,ACCT-LEGIT-665,3086.63,PAYMENT,0,Normal
578,AML-TX-00509,ACCT-LEGIT-563,ACCT-LEGIT-203,5742.99,CASH_OUT,0,Normal
106,AML-TX-00510,ACCT-LEGIT-968,ACCT-LEGIT-988,11172.82,CASH_OUT,0,Normal
534,AML-TX-00511,ACCT-LEGIT-437,ACCT-LEGIT-649,11610.08,PAYMENT,0,Normal
439,AML-TX-00512,ACCT-LEGIT-165,ACCT-LEGIT-635,564.38,CASH_OUT,0,Normal
302,AML-TX-00513,ACCT-LEGIT-389,ACCT-LEGIT-957,814.57,PAYMENT,0,Normal
339,AML-TX-00514,ACCT-LEGIT-286,ACCT-LEGIT-176,375.49,TRANSFER,0,Normal
342,AML-TX-00515,ACCT-LEGIT-578,ACCT-LEGIT-249,2249.15,TRANSFER,0,Normal
490,AML-TX-00516,ACCT-MULE-11,U-8831,32419.05,TRANSFER,1,Fan_In
544,AML-TX-00517,ACCT-LEGIT-675,ACCT-LEGIT-474,299.95,PAYMENT,0,Normal
82,AML-TX-00518,ACCT-LEGIT-560,ACCT-LEGIT-128,6355.93,PAYMENT,0,Normal
372,AML-TX-00519,ACCT-LEGIT-988,ACCT-LEGIT-599,2594.04,CASH_OUT,0,Normal
504,AML-TX-00520,ACCT-LEGIT-868,ACCT-LEGIT-814,9761.2,TRANSFER,0,Normal
100,AML-TX-00521,ACCT-LEGIT-881,ACCT-LEGIT-641,460.49,PAYMENT,0,Normal
116,AML-TX-00522,ACCT-LEGIT-927,ACCT-LEGIT-561,1477.7,CASH_OUT,0,Normal
103,AML-TX-00523,ACCT-LEGIT-278,ACCT-LEGIT-337,7650.18,PAYMENT,0,Normal
446,AML-TX-00524,ACCT-MULE-20,U-8831,71906.19,TRANSFER,1,Fan_In
708,AML-TX-00525,ACCT-LEGIT-623,ACCT-LEGIT-960,346.67,TRANSFER,0,Normal
539,AML-TX-00526,ACCT-LEGIT-430,ACCT-LEGIT-461,182.96,CASH_OUT,0,Normal
689,AML-TX-00527,ACCT-LEGIT-954,ACCT-LEGIT-703,570.76,TRANSFER,0,Normal
44,AML-TX-00528,ACCT-LEGIT-947,ACCT-LEGIT-354,1174.21,CASH_OUT,0,Normal
529,AML-TX-00529,ACCT-LEGIT-337,ACCT-LEGIT-148,1704.28,CASH_OUT,0,Normal
644,AML-TX-00530,ACCT-LEGIT-768,ACCT-LEGIT-312,4793.83,CASH_OUT,0,Normal
275,AML-TX-00531,ACCT-MULE-23,ACCT-CONDUIT-35,57260.99,TRANSFER,1,Mule_Layering
645,AML-TX-00532,ACCT-LEGIT-480,ACCT-LEGIT-868,1759.05,TRANSFER,0,Normal
15,AML-TX-00533,ACCT-MULE-17,ACCT-CONDUIT-36,72040.58,TRANSFER,1,Mule_Layering
482,AML-TX-00534,ACCT-LEGIT-827,ACCT-LEGIT-708,2391.38,CASH_OUT,0,Normal
94,AML-TX-00535,ACCT-MULE-12,ACCT-CONDUIT-25,75341.99,TRANSFER,1,Mule_Layering
258,AML-TX-00536,ACCT-MULE-21,ACCT-CONDUIT-16,24150.12,CASH_OUT,1,Smurfing_Structuring
521,AML-TX-00537,ACCT-LEGIT-262,ACCT-LEGIT-390,1755.79,CASH_OUT,0,Normal
456,AML-TX-00538,ACCT-LEGIT-291,ACCT-LEGIT-219,1257.8,PAYMENT,0,Normal
387,AML-TX-00539,ACCT-LEGIT-228,ACCT-LEGIT-639,4971.78,PAYMENT,0,Normal
321,AML-TX-00540,ACCT-LEGIT-896,ACCT-LEGIT-869,2587.04,PAYMENT,0,Normal
244,AML-TX-00541,ACCT-LEGIT-535,ACCT-LEGIT-863,6840.36,PAYMENT,0,Normal
119,AML-TX-00542,ACCT-LEGIT-359,ACCT-LEGIT-625,2966.09,PAYMENT,0,Normal
636,AML-TX-00543,ACCT-LEGIT-269,ACCT-LEGIT-196,272.41,CASH_OUT,0,Normal
570,AML-TX-00544,ACCT-LEGIT-419,ACCT-LEGIT-818,1460.11,CASH_OUT,0,Normal
481,AML-TX-00545,ACCT-LEGIT-918,ACCT-LEGIT-804,547.85,CASH_OUT,0,Normal
105,AML-TX-00546,ACCT-LEGIT-786,ACCT-LEGIT-388,836.49,TRANSFER,0,Normal
318,AML-TX-00547,ACCT-LEGIT-162,ACCT-LEGIT-979,9332.2,PAYMENT,0,Normal
369,AML-TX-00548,ACCT-LEGIT-982,ACCT-LEGIT-262,385.65,CASH_OUT,0,Normal
487,AML-TX-00549,ACCT-LEGIT-812,ACCT-LEGIT-455,606.74,CASH_OUT,0,Normal
252,AML-TX-00550,ACCT-LEGIT-623,ACCT-LEGIT-832,1447.18,TRANSFER,0,Normal
116,AML-TX-00551,ACCT-MULE-18,ACCT-CONDUIT-35,70526.98,TRANSFER,1,Cycle_Hawala
369,AML-TX-00552,ACCT-LEGIT-147,ACCT-LEGIT-110,547.23,CASH_OUT,0,Normal
302,AML-TX-00553,ACCT-LEGIT-554,ACCT-LEGIT-233,3421.73,PAYMENT,0,Normal
499,AML-TX-00554,ACCT-LEGIT-382,ACCT-LEGIT-475,1783.93,PAYMENT,0,Normal
149,AML-TX-00555,ACCT-LEGIT-248,ACCT-LEGIT-208,1613.1,PAYMENT,0,Normal
221,AML-TX-00556,ACCT-MULE-19,U-8831,79918.2,TRANSFER,1,Fan_In
729,AML-TX-00557,ACCT-LEGIT-175,ACCT-LEGIT-193,1191.9,TRANSFER,0,Normal
247,AML-TX-00558,ACCT-LEGIT-861,ACCT-LEGIT-222,6546.52,TRANSFER,0,Normal
285,AML-TX-00559,ACCT-LEGIT-555,ACCT-LEGIT-448,1849.66,PAYMENT,0,Normal
377,AML-TX-00560,ACCT-LEGIT-686,ACCT-LEGIT-971,3560.12,CASH_OUT,0,Normal
349,AML-TX-00561,ACCT-LEGIT-593,ACCT-LEGIT-657,310.26,CASH_OUT,0,Normal
46,AML-TX-00562,ACCT-LEGIT-606,ACCT-LEGIT-398,584.5,PAYMENT,0,Normal
236,AML-TX-00563,ACCT-LEGIT-667,ACCT-LEGIT-870,2763.62,PAYMENT,0,Normal
290,AML-TX-00564,ACCT-MULE-26,ACCT-CONDUIT-14,65095.12,TRANSFER,1,Mule_Layering
134,AML-TX-00565,ACCT-MULE-27,ACCT-CONDUIT-18,53678.27,TRANSFER,1,Fan_Out
268,AML-TX-00566,ACCT-LEGIT-912,ACCT-LEGIT-170,684.83,PAYMENT,0,Normal
272,AML-TX-00567,ACCT-MULE-11,ACCT-CONDUIT-10,61320.55,TRANSFER,1,Cycle_Hawala
133,AML-TX-00568,ACCT-LEGIT-877,ACCT-LEGIT-219,4284.44,TRANSFER,0,Normal
386,AML-TX-00569,ACCT-LEGIT-583,ACCT-LEGIT-840,2089.37,PAYMENT,0,Normal
581,AML-TX-00570,ACCT-LEGIT-520,ACCT-LEGIT-460,699.4,PAYMENT,0,Normal
132,AML-TX-00571,ACCT-LEGIT-144,ACCT-LEGIT-704,2519.73,TRANSFER,0,Normal
40,AML-TX-00572,ACCT-LEGIT-952,ACCT-LEGIT-143,5340.14,TRANSFER,0,Normal
100,AML-TX-00573,ACCT-LEGIT-849,ACCT-LEGIT-912,2216.74,TRANSFER,0,Normal
356,AML-TX-00574,ACCT-LEGIT-343,ACCT-LEGIT-802,2951.32,TRANSFER,0,Normal
1,AML-TX-00575,ACCT-LEGIT-219,ACCT-LEGIT-734,4651.16,TRANSFER,0,Normal
318,AML-TX-00576,ACCT-LEGIT-779,ACCT-LEGIT-996,268.55,TRANSFER,0,Normal
564,AML-TX-00577,ACCT-LEGIT-871,ACCT-LEGIT-686,191.41,PAYMENT,0,Normal
12,AML-TX-00578,ACCT-LEGIT-635,ACCT-LEGIT-282,523.02,CASH_OUT,0,Normal
564,AML-TX-00579,ACCT-LEGIT-797,ACCT-LEGIT-234,323.99,CASH_OUT,0,Normal
15,AML-TX-00580,ACCT-LEGIT-323,ACCT-LEGIT-718,4404.86,TRANSFER,0,Normal
501,AML-TX-00581,ACCT-MULE-28,ACCT-CONDUIT-26,50613.94,TRANSFER,1,Cycle_Hawala
326,AML-TX-00582,ACCT-LEGIT-437,ACCT-LEGIT-611,816.42,PAYMENT,0,Normal
114,AML-TX-00583,ACCT-MULE-25,U-8831,65797.58,TRANSFER,1,Fan_In
114,AML-TX-00584,ACCT-MULE-25,ACCT-CONDUIT-28,74837.15,TRANSFER,1,Fan_Out
432,AML-TX-00585,ACCT-LEGIT-633,ACCT-LEGIT-183,519.77,PAYMENT,0,Normal
641,AML-TX-00586,ACCT-LEGIT-441,ACCT-LEGIT-915,1779.59,CASH_OUT,0,Normal
82,AML-TX-00587,ACCT-MULE-28,ACCT-CONDUIT-34,30462.06,TRANSFER,1,Fan_Out
446,AML-TX-00588,ACCT-LEGIT-130,ACCT-LEGIT-340,1536.82,TRANSFER,0,Normal
394,AML-TX-00589,ACCT-MULE-12,ACCT-CONDUIT-41,24558.98,CASH_OUT,1,Smurfing_Structuring
340,AML-TX-00590,ACCT-MULE-29,ACCT-CONDUIT-45,35666.18,TRANSFER,1,Fan_Out
360,AML-TX-00591,ACCT-LEGIT-206,ACCT-LEGIT-159,4700.08,PAYMENT,0,Normal
567,AML-TX-00592,ACCT-MULE-16,ACCT-CONDUIT-10,50903.87,TRANSFER,1,Mule_Layering
640,AML-TX-00593,ACCT-LEGIT-648,ACCT-LEGIT-247,1647.7,PAYMENT,0,Normal
599,AML-TX-00594,ACCT-LEGIT-568,ACCT-LEGIT-670,5686.54,PAYMENT,0,Normal
275,AML-TX-00595,ACCT-LEGIT-926,ACCT-LEGIT-846,199.32,PAYMENT,0,Normal
29,AML-TX-00596,ACCT-MULE-14,ACCT-CONDUIT-32,68685.53,TRANSFER,1,Mule_Layering
217,AML-TX-00597,ACCT-MULE-20,ACCT-CONDUIT-23,58249.7,TRANSFER,1,Cycle_Hawala
656,AML-TX-00598,ACCT-LEGIT-207,ACCT-LEGIT-353,3042.96,CASH_OUT,0,Normal
666,AML-TX-00599,ACCT-LEGIT-323,ACCT-LEGIT-900,8384.74,CASH_OUT,0,Normal
634,AML-TX-00600,ACCT-LEGIT-291,ACCT-LEGIT-266,4072.0,TRANSFER,0,Normal
643,AML-TX-00601,ACCT-LEGIT-801,ACCT-LEGIT-400,1710.1,CASH_OUT,0,Normal
552,AML-TX-00602,ACCT-LEGIT-745,ACCT-LEGIT-479,692.23,CASH_OUT,0,Normal
224,AML-TX-00603,ACCT-LEGIT-442,ACCT-LEGIT-260,502.56,TRANSFER,0,Normal
331,AML-TX-00604,ACCT-LEGIT-436,ACCT-LEGIT-901,6216.9,TRANSFER,0,Normal
741,AML-TX-00605,ACCT-LEGIT-746,ACCT-LEGIT-517,5059.06,TRANSFER,0,Normal
660,AML-TX-00606,ACCT-LEGIT-855,ACCT-LEGIT-561,1082.86,PAYMENT,0,Normal
719,AML-TX-00607,ACCT-LEGIT-845,ACCT-LEGIT-411,10876.54,CASH_OUT,0,Normal
584,AML-TX-00608,ACCT-LEGIT-649,ACCT-LEGIT-938,483.91,PAYMENT,0,Normal
375,AML-TX-00609,ACCT-LEGIT-637,ACCT-LEGIT-652,1151.95,PAYMENT,0,Normal
98,AML-TX-00610,ACCT-LEGIT-257,ACCT-LEGIT-912,4550.95,CASH_OUT,0,Normal
313,AML-TX-00611,ACCT-LEGIT-551,ACCT-LEGIT-578,4863.41,TRANSFER,0,Normal
532,AML-TX-00612,ACCT-LEGIT-473,ACCT-LEGIT-798,990.05,PAYMENT,0,Normal
120,AML-TX-00613,ACCT-MULE-15,ACCT-CONDUIT-21,70802.89,TRANSFER,1,Fan_Out
97,AML-TX-00614,ACCT-LEGIT-262,ACCT-LEGIT-817,1553.0,TRANSFER,0,Normal
295,AML-TX-00615,ACCT-LEGIT-340,ACCT-LEGIT-274,932.34,PAYMENT,0,Normal
319,AML-TX-00616,ACCT-LEGIT-613,ACCT-LEGIT-113,394.55,TRANSFER,0,Normal
721,AML-TX-00617,ACCT-LEGIT-182,ACCT-LEGIT-495,2704.58,CASH_OUT,0,Normal
447,AML-TX-00618,ACCT-LEGIT-905,ACCT-LEGIT-120,4165.16,PAYMENT,0,Normal
408,AML-TX-00619,ACCT-LEGIT-922,ACCT-LEGIT-203,3840.99,PAYMENT,0,Normal
676,AML-TX-00620,ACCT-LEGIT-576,ACCT-LEGIT-986,490.97,PAYMENT,0,Normal
279,AML-TX-00621,ACCT-LEGIT-600,ACCT-LEGIT-540,836.12,CASH_OUT,0,Normal
90,AML-TX-00622,ACCT-LEGIT-369,ACCT-LEGIT-410,2019.11,PAYMENT,0,Normal
461,AML-TX-00623,ACCT-LEGIT-508,ACCT-LEGIT-446,1539.09,TRANSFER,0,Normal
199,AML-TX-00624,ACCT-LEGIT-338,ACCT-LEGIT-631,1179.87,PAYMENT,0,Normal
736,AML-TX-00625,ACCT-LEGIT-980,ACCT-LEGIT-480,12578.75,CASH_OUT,0,Normal
683,AML-TX-00626,ACCT-LEGIT-739,ACCT-LEGIT-833,3821.04,TRANSFER,0,Normal
621,AML-TX-00627,ACCT-LEGIT-698,ACCT-LEGIT-629,3620.12,TRANSFER,0,Normal
665,AML-TX-00628,ACCT-LEGIT-635,ACCT-LEGIT-381,2455.61,PAYMENT,0,Normal
687,AML-TX-00629,ACCT-MULE-19,ACCT-CONDUIT-43,24154.29,CASH_OUT,1,Smurfing_Structuring
384,AML-TX-00630,ACCT-MULE-16,ACCT-CONDUIT-11,64934.18,TRANSFER,1,Cycle_Hawala
601,AML-TX-00631,ACCT-LEGIT-331,ACCT-LEGIT-590,2257.87,TRANSFER,0,Normal
572,AML-TX-00632,ACCT-LEGIT-283,ACCT-LEGIT-696,2015.17,TRANSFER,0,Normal
416,AML-TX-00633,ACCT-LEGIT-114,ACCT-LEGIT-640,3418.34,TRANSFER,0,Normal
161,AML-TX-00634,ACCT-LEGIT-928,ACCT-LEGIT-765,765.49,TRANSFER,0,Normal
714,AML-TX-00635,ACCT-LEGIT-964,ACCT-LEGIT-457,3634.57,PAYMENT,0,Normal
250,AML-TX-00636,ACCT-LEGIT-484,ACCT-LEGIT-148,10272.45,PAYMENT,0,Normal
253,AML-TX-00637,ACCT-LEGIT-298,ACCT-LEGIT-656,1872.5,PAYMENT,0,Normal
69,AML-TX-00638,ACCT-LEGIT-205,ACCT-LEGIT-732,422.69,TRANSFER,0,Normal
105,AML-TX-00639,ACCT-LEGIT-393,ACCT-LEGIT-261,1308.63,CASH_OUT,0,Normal
84,AML-TX-00640,ACCT-LEGIT-997,ACCT-LEGIT-868,193.99,CASH_OUT,0,Normal
437,AML-TX-00641,ACCT-LEGIT-282,ACCT-LEGIT-876,915.04,TRANSFER,0,Normal
629,AML-TX-00642,ACCT-LEGIT-910,ACCT-LEGIT-977,3357.35,TRANSFER,0,Normal
23,AML-TX-00643,ACCT-MULE-14,ACCT-CONDUIT-13,24447.56,CASH_OUT,1,Smurfing_Structuring
682,AML-TX-00644,ACCT-LEGIT-702,ACCT-LEGIT-543,7704.54,CASH_OUT,0,Normal
507,AML-TX-00645,ACCT-LEGIT-418,ACCT-LEGIT-293,5541.88,PAYMENT,0,Normal
421,AML-TX-00646,ACCT-LEGIT-126,ACCT-LEGIT-895,222.33,TRANSFER,0,Normal
613,AML-TX-00647,ACCT-LEGIT-904,ACCT-LEGIT-811,2706.28,PAYMENT,0,Normal
398,AML-TX-00648,ACCT-LEGIT-245,ACCT-LEGIT-102,2272.61,CASH_OUT,0,Normal
539,AML-TX-00649,ACCT-LEGIT-432,ACCT-LEGIT-887,201.33,TRANSFER,0,Normal
491,AML-TX-00650,ACCT-MULE-29,ACCT-CONDUIT-47,49282.12,TRANSFER,1,Fan_Out
719,AML-TX-00651,ACCT-MULE-22,ACCT-CONDUIT-14,24034.56,CASH_OUT,1,Smurfing_Structuring
702,AML-TX-00652,ACCT-LEGIT-782,ACCT-LEGIT-590,603.57,CASH_OUT,0,Normal
56,AML-TX-00653,ACCT-LEGIT-223,ACCT-LEGIT-302,2364.01,TRANSFER,0,Normal
633,AML-TX-00654,ACCT-LEGIT-557,ACCT-LEGIT-554,5722.28,TRANSFER,0,Normal
180,AML-TX-00655,ACCT-LEGIT-978,ACCT-LEGIT-332,3751.17,PAYMENT,0,Normal
109,AML-TX-00656,ACCT-LEGIT-101,ACCT-LEGIT-342,203.47,CASH_OUT,0,Normal
172,AML-TX-00657,ACCT-LEGIT-462,ACCT-LEGIT-225,9894.26,PAYMENT,0,Normal
371,AML-TX-00658,ACCT-MULE-24,U-8831,77081.53,TRANSFER,1,Fan_In
252,AML-TX-00659,ACCT-LEGIT-771,ACCT-LEGIT-287,4538.74,CASH_OUT,0,Normal
481,AML-TX-00660,ACCT-LEGIT-678,ACCT-LEGIT-695,10454.86,TRANSFER,0,Normal
199,AML-TX-00661,ACCT-LEGIT-213,ACCT-LEGIT-146,3308.19,PAYMENT,0,Normal
179,AML-TX-00662,ACCT-LEGIT-953,ACCT-LEGIT-396,1127.28,CASH_OUT,0,Normal
44,AML-TX-00663,ACCT-LEGIT-872,ACCT-LEGIT-619,1641.6,PAYMENT,0,Normal
733,AML-TX-00664,ACCT-LEGIT-419,ACCT-LEGIT-666,2449.82,CASH_OUT,0,Normal
310,AML-TX-00665,ACCT-LEGIT-998,ACCT-LEGIT-586,4334.59,CASH_OUT,0,Normal
546,AML-TX-00666,ACCT-LEGIT-403,ACCT-LEGIT-257,3835.34,PAYMENT,0,Normal
248,AML-TX-00667,ACCT-LEGIT-632,ACCT-LEGIT-345,1918.18,PAYMENT,0,Normal
720,AML-TX-00668,ACCT-LEGIT-717,ACCT-LEGIT-451,2981.58,PAYMENT,0,Normal
316,AML-TX-00669,ACCT-MULE-24,ACCT-CONDUIT-11,49430.28,TRANSFER,1,Mule_Layering
246,AML-TX-00670,ACCT-LEGIT-848,ACCT-LEGIT-664,807.98,PAYMENT,0,Normal
655,AML-TX-00671,ACCT-LEGIT-970,ACCT-LEGIT-263,1659.42,PAYMENT,0,Normal
222,AML-TX-00672,ACCT-LEGIT-318,ACCT-LEGIT-770,1001.58,TRANSFER,0,Normal
244,AML-TX-00673,ACCT-LEGIT-533,ACCT-LEGIT-688,1733.82,CASH_OUT,0,Normal
436,AML-TX-00674,ACCT-LEGIT-984,ACCT-LEGIT-733,2414.6,TRANSFER,0,Normal
590,AML-TX-00675,ACCT-MULE-15,ACCT-CONDUIT-15,53530.8,TRANSFER,1,Cycle_Hawala
558,AML-TX-00676,ACCT-LEGIT-650,ACCT-LEGIT-347,3101.26,PAYMENT,0,Normal
514,AML-TX-00677,ACCT-LEGIT-782,ACCT-LEGIT-125,1784.76,TRANSFER,0,Normal
92,AML-TX-00678,ACCT-LEGIT-756,ACCT-LEGIT-262,3435.61,PAYMENT,0,Normal
113,AML-TX-00679,ACCT-LEGIT-871,ACCT-LEGIT-141,4579.99,CASH_OUT,0,Normal
660,AML-TX-00680,ACCT-LEGIT-545,ACCT-LEGIT-447,799.77,TRANSFER,0,Normal
42,AML-TX-00681,ACCT-MULE-28,ACCT-CONDUIT-17,53531.57,TRANSFER,1,Cycle_Hawala
271,AML-TX-00682,ACCT-LEGIT-649,ACCT-LEGIT-495,6307.5,PAYMENT,0,Normal
687,AML-TX-00683,ACCT-LEGIT-489,ACCT-LEGIT-897,3617.89,CASH_OUT,0,Normal
155,AML-TX-00684,ACCT-LEGIT-721,ACCT-LEGIT-921,1273.84,PAYMENT,0,Normal
47,AML-TX-00685,ACCT-LEGIT-647,ACCT-LEGIT-324,7733.09,TRANSFER,0,Normal
137,AML-TX-00686,ACCT-LEGIT-247,ACCT-LEGIT-636,19107.08,CASH_OUT,0,Normal
632,AML-TX-00687,ACCT-LEGIT-185,ACCT-LEGIT-957,4187.18,CASH_OUT,0,Normal
536,AML-TX-00688,ACCT-LEGIT-978,ACCT-LEGIT-402,1186.68,TRANSFER,0,Normal
214,AML-TX-00689,ACCT-LEGIT-972,ACCT-LEGIT-541,2919.94,PAYMENT,0,Normal
503,AML-TX-00690,ACCT-LEGIT-855,ACCT-LEGIT-637,5694.7,PAYMENT,0,Normal
334,AML-TX-00691,ACCT-LEGIT-916,ACCT-LEGIT-616,505.23,PAYMENT,0,Normal
175,AML-TX-00692,ACCT-LEGIT-898,ACCT-LEGIT-439,1827.94,CASH_OUT,0,Normal
269,AML-TX-00693,ACCT-LEGIT-591,ACCT-LEGIT-894,730.26,CASH_OUT,0,Normal
651,AML-TX-00694,ACCT-LEGIT-550,ACCT-LEGIT-891,798.93,PAYMENT,0,Normal
305,AML-TX-00695,ACCT-LEGIT-345,ACCT-LEGIT-679,245.18,TRANSFER,0,Normal
76,AML-TX-00696,ACCT-LEGIT-944,ACCT-LEGIT-128,6001.08,CASH_OUT,0,Normal
319,AML-TX-00697,ACCT-LEGIT-962,ACCT-LEGIT-291,481.12,PAYMENT,0,Normal
98,AML-TX-00698,ACCT-LEGIT-164,ACCT-LEGIT-619,8179.73,TRANSFER,0,Normal
235,AML-TX-00699,ACCT-MULE-22,ACCT-CONDUIT-16,44480.94,TRANSFER,1,Cycle_Hawala
675,AML-TX-00700,ACCT-LEGIT-227,ACCT-LEGIT-991,718.56,CASH_OUT,0,Normal
53,AML-TX-00701,ACCT-LEGIT-499,ACCT-LEGIT-168,4518.02,CASH_OUT,0,Normal
263,AML-TX-00702,ACCT-MULE-14,ACCT-CONDUIT-30,24864.64,CASH_OUT,1,Smurfing_Structuring
576,AML-TX-00703,ACCT-LEGIT-522,ACCT-LEGIT-316,675.92,TRANSFER,0,Normal
288,AML-TX-00704,ACCT-MULE-11,ACCT-CONDUIT-26,47111.94,TRANSFER,1,Fan_Out
161,AML-TX-00705,ACCT-LEGIT-634,ACCT-LEGIT-706,197.52,TRANSFER,0,Normal
226,AML-TX-00706,ACCT-LEGIT-430,ACCT-LEGIT-118,553.59,PAYMENT,0,Normal
142,AML-TX-00707,ACCT-LEGIT-443,ACCT-LEGIT-844,7050.98,PAYMENT,0,Normal
159,AML-TX-00708,ACCT-LEGIT-665,ACCT-LEGIT-372,765.22,PAYMENT,0,Normal
547,AML-TX-00709,ACCT-LEGIT-550,ACCT-LEGIT-355,1659.34,TRANSFER,0,Normal
612,AML-TX-00710,ACCT-MULE-26,ACCT-CONDUIT-44,67136.87,TRANSFER,1,Cycle_Hawala
238,AML-TX-00711,ACCT-MULE-18,ACCT-CONDUIT-41,24617.84,CASH_OUT,1,Smurfing_Structuring
670,AML-TX-00712,ACCT-LEGIT-220,ACCT-LEGIT-229,5407.86,CASH_OUT,0,Normal
458,AML-TX-00713,ACCT-LEGIT-151,ACCT-LEGIT-963,3194.67,TRANSFER,0,Normal
590,AML-TX-00714,ACCT-LEGIT-739,ACCT-LEGIT-807,7028.7,CASH_OUT,0,Normal
138,AML-TX-00715,ACCT-LEGIT-330,ACCT-LEGIT-735,3587.8,PAYMENT,0,Normal
232,AML-TX-00716,ACCT-LEGIT-236,ACCT-LEGIT-342,9462.05,PAYMENT,0,Normal
680,AML-TX-00717,ACCT-MULE-25,ACCT-CONDUIT-43,24106.6,CASH_OUT,1,Smurfing_Structuring
241,AML-TX-00718,ACCT-LEGIT-322,ACCT-LEGIT-645,6204.48,PAYMENT,0,Normal
218,AML-TX-00719,ACCT-LEGIT-779,ACCT-LEGIT-813,2423.68,TRANSFER,0,Normal
651,AML-TX-00720,ACCT-LEGIT-296,ACCT-LEGIT-844,2135.46,CASH_OUT,0,Normal
683,AML-TX-00721,ACCT-LEGIT-260,ACCT-LEGIT-141,11861.42,CASH_OUT,0,Normal
592,AML-TX-00722,ACCT-LEGIT-180,ACCT-LEGIT-848,2977.56,PAYMENT,0,Normal
172,AML-TX-00723,ACCT-LEGIT-630,ACCT-LEGIT-501,2557.91,CASH_OUT,0,Normal
11,AML-TX-00724,ACCT-LEGIT-293,ACCT-LEGIT-366,561.58,CASH_OUT,0,Normal
80,AML-TX-00725,ACCT-LEGIT-149,ACCT-LEGIT-967,483.27,PAYMENT,0,Normal
546,AML-TX-00726,ACCT-LEGIT-370,ACCT-LEGIT-712,279.54,TRANSFER,0,Normal
742,AML-TX-00727,ACCT-LEGIT-761,ACCT-LEGIT-519,4302.4,PAYMENT,0,Normal
135,AML-TX-00728,ACCT-LEGIT-322,ACCT-LEGIT-576,1006.14,CASH_OUT,0,Normal
417,AML-TX-00729,ACCT-MULE-28,ACCT-CONDUIT-46,33696.48,TRANSFER,1,Fan_Out
330,AML-TX-00730,ACCT-LEGIT-629,ACCT-LEGIT-158,3615.63,TRANSFER,0,Normal
90,AML-TX-00731,ACCT-LEGIT-659,ACCT-LEGIT-816,3489.22,TRANSFER,0,Normal
32,AML-TX-00732,ACCT-LEGIT-184,ACCT-LEGIT-518,2546.77,PAYMENT,0,Normal
580,AML-TX-00733,ACCT-LEGIT-270,ACCT-LEGIT-998,2361.05,PAYMENT,0,Normal
206,AML-TX-00734,ACCT-LEGIT-115,ACCT-LEGIT-389,776.71,CASH_OUT,0,Normal
561,AML-TX-00735,ACCT-LEGIT-332,ACCT-LEGIT-164,493.45,TRANSFER,0,Normal
687,AML-TX-00736,ACCT-LEGIT-189,ACCT-LEGIT-450,4133.61,PAYMENT,0,Normal
650,AML-TX-00737,ACCT-LEGIT-941,ACCT-LEGIT-551,1507.59,CASH_OUT,0,Normal
9,AML-TX-00738,ACCT-LEGIT-498,ACCT-LEGIT-376,4428.7,CASH_OUT,0,Normal
522,AML-TX-00739,ACCT-LEGIT-499,ACCT-LEGIT-492,188.52,PAYMENT,0,Normal
209,AML-TX-00740,ACCT-MULE-26,ACCT-CONDUIT-43,48054.24,TRANSFER,1,Fan_Out
484,AML-TX-00741,ACCT-LEGIT-327,ACCT-LEGIT-404,516.06,PAYMENT,0,Normal
503,AML-TX-00742,ACCT-MULE-12,ACCT-CONDUIT-43,24242.61,CASH_OUT,1,Smurfing_Structuring
407,AML-TX-00743,ACCT-LEGIT-769,ACCT-LEGIT-305,4922.35,PAYMENT,0,Normal
440,AML-TX-00744,ACCT-LEGIT-620,ACCT-LEGIT-606,1958.54,PAYMENT,0,Normal
590,AML-TX-00745,ACCT-LEGIT-577,ACCT-LEGIT-320,2538.07,TRANSFER,0,Normal
632,AML-TX-00746,ACCT-LEGIT-560,ACCT-LEGIT-941,2833.63,CASH_OUT,0,Normal
38,AML-TX-00747,ACCT-LEGIT-548,ACCT-LEGIT-967,8234.37,PAYMENT,0,Normal
197,AML-TX-00748,ACCT-LEGIT-337,ACCT-LEGIT-971,3973.38,CASH_OUT,0,Normal
230,AML-TX-00749,ACCT-MULE-18,ACCT-CONDUIT-25,55307.69,TRANSFER,1,Fan_Out
254,AML-TX-00750,ACCT-LEGIT-481,ACCT-LEGIT-908,3959.42,TRANSFER,0,Normal
351,AML-TX-00751,ACCT-LEGIT-109,ACCT-LEGIT-977,1697.21,CASH_OUT,0,Normal
582,AML-TX-00752,ACCT-MULE-27,U-8831,35219.08,TRANSFER,1,Fan_In
254,AML-TX-00753,ACCT-LEGIT-199,ACCT-LEGIT-601,2061.44,TRANSFER,0,Normal
115,AML-TX-00754,ACCT-LEGIT-343,ACCT-LEGIT-954,4838.54,TRANSFER,0,Normal
378,AML-TX-00755,ACCT-LEGIT-374,ACCT-LEGIT-683,386.16,PAYMENT,0,Normal
258,AML-TX-00756,ACCT-LEGIT-340,ACCT-LEGIT-578,2374.1,CASH_OUT,0,Normal
444,AML-TX-00757,ACCT-MULE-17,ACCT-CONDUIT-36,51418.12,TRANSFER,1,Fan_Out
615,AML-TX-00758,ACCT-LEGIT-803,ACCT-LEGIT-429,460.39,PAYMENT,0,Normal
561,AML-TX-00759,ACCT-LEGIT-947,ACCT-LEGIT-578,3931.12,TRANSFER,0,Normal
7,AML-TX-00760,ACCT-LEGIT-800,ACCT-LEGIT-942,1475.02,CASH_OUT,0,Normal
664,AML-TX-00761,ACCT-LEGIT-373,ACCT-LEGIT-164,1816.63,CASH_OUT,0,Normal
525,AML-TX-00762,ACCT-LEGIT-617,ACCT-LEGIT-372,282.1,PAYMENT,0,Normal
470,AML-TX-00763,ACCT-LEGIT-188,ACCT-LEGIT-652,378.01,CASH_OUT,0,Normal
338,AML-TX-00764,ACCT-LEGIT-953,ACCT-LEGIT-635,6816.98,PAYMENT,0,Normal
151,AML-TX-00765,ACCT-LEGIT-764,ACCT-LEGIT-127,6403.68,PAYMENT,0,Normal
102,AML-TX-00766,ACCT-LEGIT-124,ACCT-LEGIT-561,4258.94,TRANSFER,0,Normal
636,AML-TX-00767,ACCT-MULE-11,ACCT-CONDUIT-21,46801.49,TRANSFER,1,Mule_Layering
585,AML-TX-00768,ACCT-LEGIT-652,ACCT-LEGIT-154,284.98,PAYMENT,0,Normal
380,AML-TX-00769,ACCT-LEGIT-820,ACCT-LEGIT-340,2490.43,PAYMENT,0,Normal
198,AML-TX-00770,ACCT-LEGIT-484,ACCT-LEGIT-422,2569.79,CASH_OUT,0,Normal
194,AML-TX-00771,ACCT-LEGIT-498,ACCT-LEGIT-533,6560.21,TRANSFER,0,Normal
197,AML-TX-00772,ACCT-LEGIT-926,ACCT-LEGIT-797,411.87,CASH_OUT,0,Normal
122,AML-TX-00773,ACCT-LEGIT-843,ACCT-LEGIT-849,6633.05,TRANSFER,0,Normal
221,AML-TX-00774,ACCT-LEGIT-143,ACCT-LEGIT-238,4154.63,CASH_OUT,0,Normal
181,AML-TX-00775,ACCT-MULE-20,ACCT-CONDUIT-19,24218.33,CASH_OUT,1,Smurfing_Structuring
647,AML-TX-00776,ACCT-LEGIT-846,ACCT-LEGIT-215,863.67,CASH_OUT,0,Normal
232,AML-TX-00777,ACCT-LEGIT-909,ACCT-LEGIT-884,225.42,CASH_OUT,0,Normal
656,AML-TX-00778,ACCT-LEGIT-920,ACCT-LEGIT-831,3838.82,CASH_OUT,0,Normal
659,AML-TX-00779,ACCT-MULE-13,U-8831,55034.14,TRANSFER,1,Fan_In
506,AML-TX-00780,ACCT-LEGIT-635,ACCT-LEGIT-817,5872.27,PAYMENT,0,Normal
394,AML-TX-00781,ACCT-LEGIT-227,ACCT-LEGIT-183,273.76,CASH_OUT,0,Normal
401,AML-TX-00782,ACCT-LEGIT-319,ACCT-LEGIT-217,3102.26,CASH_OUT,0,Normal
533,AML-TX-00783,ACCT-LEGIT-456,ACCT-LEGIT-334,10974.19,CASH_OUT,0,Normal
525,AML-TX-00784,ACCT-LEGIT-264,ACCT-LEGIT-305,1000.98,CASH_OUT,0,Normal
234,AML-TX-00785,ACCT-LEGIT-705,ACCT-LEGIT-930,6719.07,TRANSFER,0,Normal
269,AML-TX-00786,ACCT-LEGIT-247,ACCT-LEGIT-158,6491.17,TRANSFER,0,Normal
516,AML-TX-00787,ACCT-LEGIT-415,ACCT-LEGIT-100,425.92,PAYMENT,0,Normal
637,AML-TX-00788,ACCT-LEGIT-411,ACCT-LEGIT-189,1093.11,CASH_OUT,0,Normal
283,AML-TX-00789,ACCT-LEGIT-928,ACCT-LEGIT-365,9576.31,PAYMENT,0,Normal
152,AML-TX-00790,ACCT-LEGIT-759,ACCT-LEGIT-685,1258.49,TRANSFER,0,Normal
298,AML-TX-00791,ACCT-LEGIT-175,ACCT-LEGIT-526,8210.09,TRANSFER,0,Normal
396,AML-TX-00792,ACCT-LEGIT-534,ACCT-LEGIT-974,3460.97,CASH_OUT,0,Normal
558,AML-TX-00793,ACCT-MULE-21,ACCT-CONDUIT-43,39083.63,TRANSFER,1,Fan_Out
466,AML-TX-00794,ACCT-LEGIT-365,ACCT-LEGIT-997,1459.21,PAYMENT,0,Normal
502,AML-TX-00795,ACCT-MULE-13,ACCT-CONDUIT-49,47678.31,TRANSFER,1,Mule_Layering
589,AML-TX-00796,ACCT-LEGIT-718,ACCT-LEGIT-689,2700.98,PAYMENT,0,Normal
597,AML-TX-00797,ACCT-LEGIT-417,ACCT-LEGIT-836,467.3,CASH_OUT,0,Normal
681,AML-TX-00798,ACCT-LEGIT-257,ACCT-LEGIT-993,911.29,CASH_OUT,0,Normal
640,AML-TX-00799,ACCT-LEGIT-540,ACCT-LEGIT-662,2651.1,TRANSFER,0,Normal
649,AML-TX-00800,ACCT-MULE-23,ACCT-CONDUIT-23,24505.16,CASH_OUT,1,Smurfing_Structuring
10,AML-TX-00801,ACCT-LEGIT-411,ACCT-LEGIT-436,1001.19,TRANSFER,0,Normal
627,AML-TX-00802,ACCT-LEGIT-556,ACCT-LEGIT-800,559.99,TRANSFER,0,Normal
592,AML-TX-00803,ACCT-LEGIT-211,ACCT-LEGIT-878,2977.94,CASH_OUT,0,Normal
254,AML-TX-00804,ACCT-LEGIT-980,ACCT-LEGIT-906,320.39,CASH_OUT,0,Normal
713,AML-TX-00805,ACCT-LEGIT-798,ACCT-LEGIT-295,1509.79,CASH_OUT,0,Normal
153,AML-TX-00806,ACCT-LEGIT-673,ACCT-LEGIT-366,13910.68,CASH_OUT,0,Normal
356,AML-TX-00807,ACCT-LEGIT-603,ACCT-LEGIT-416,1478.54,CASH_OUT,0,Normal
405,AML-TX-00808,ACCT-LEGIT-236,ACCT-LEGIT-834,5889.14,CASH_OUT,0,Normal
436,AML-TX-00809,ACCT-LEGIT-436,ACCT-LEGIT-100,1846.4,PAYMENT,0,Normal
64,AML-TX-00810,ACCT-LEGIT-224,ACCT-LEGIT-455,9282.64,PAYMENT,0,Normal
215,AML-TX-00811,ACCT-LEGIT-957,ACCT-LEGIT-799,452.84,PAYMENT,0,Normal
434,AML-TX-00812,ACCT-LEGIT-941,ACCT-LEGIT-958,3258.92,CASH_OUT,0,Normal
334,AML-TX-00813,ACCT-LEGIT-199,ACCT-LEGIT-618,10040.77,CASH_OUT,0,Normal
294,AML-TX-00814,ACCT-LEGIT-306,ACCT-LEGIT-659,2064.44,TRANSFER,0,Normal
392,AML-TX-00815,ACCT-LEGIT-680,ACCT-LEGIT-336,2311.13,PAYMENT,0,Normal
372,AML-TX-00816,ACCT-LEGIT-936,ACCT-LEGIT-428,271.73,PAYMENT,0,Normal
713,AML-TX-00817,ACCT-LEGIT-864,ACCT-LEGIT-217,4211.81,PAYMENT,0,Normal
74,AML-TX-00818,ACCT-LEGIT-471,ACCT-LEGIT-518,538.87,TRANSFER,0,Normal
727,AML-TX-00819,ACCT-LEGIT-712,ACCT-LEGIT-345,794.34,TRANSFER,0,Normal
167,AML-TX-00820,ACCT-MULE-13,ACCT-CONDUIT-36,79880.84,TRANSFER,1,Fan_Out
282,AML-TX-00821,ACCT-MULE-12,U-8831,50137.9,TRANSFER,1,Fan_In
117,AML-TX-00822,ACCT-LEGIT-259,ACCT-LEGIT-628,5508.37,TRANSFER,0,Normal
510,AML-TX-00823,ACCT-LEGIT-114,ACCT-LEGIT-474,360.92,CASH_OUT,0,Normal
607,AML-TX-00824,ACCT-LEGIT-963,ACCT-LEGIT-942,4791.94,TRANSFER,0,Normal
722,AML-TX-00825,ACCT-LEGIT-834,ACCT-LEGIT-836,260.93,CASH_OUT,0,Normal
524,AML-TX-00826,ACCT-MULE-11,ACCT-CONDUIT-17,35770.22,TRANSFER,1,Fan_Out
325,AML-TX-00827,ACCT-MULE-14,ACCT-CONDUIT-26,72978.96,TRANSFER,1,Cycle_Hawala
511,AML-TX-00828,ACCT-LEGIT-473,ACCT-LEGIT-829,654.09,TRANSFER,0,Normal
626,AML-TX-00829,ACCT-LEGIT-995,ACCT-LEGIT-946,5064.36,CASH_OUT,0,Normal
409,AML-TX-00830,ACCT-LEGIT-871,ACCT-LEGIT-585,4734.22,TRANSFER,0,Normal
544,AML-TX-00831,ACCT-MULE-10,ACCT-CONDUIT-39,62983.84,TRANSFER,1,Cycle_Hawala
54,AML-TX-00832,ACCT-MULE-25,ACCT-CONDUIT-23,24569.31,CASH_OUT,1,Smurfing_Structuring
626,AML-TX-00833,ACCT-MULE-20,ACCT-CONDUIT-11,56995.19,TRANSFER,1,Cycle_Hawala
689,AML-TX-00834,ACCT-LEGIT-932,ACCT-LEGIT-866,4085.82,TRANSFER,0,Normal
227,AML-TX-00835,ACCT-LEGIT-774,ACCT-LEGIT-528,4882.03,PAYMENT,0,Normal
595,AML-TX-00836,ACCT-LEGIT-562,ACCT-LEGIT-594,570.57,TRANSFER,0,Normal
420,AML-TX-00837,ACCT-LEGIT-953,ACCT-LEGIT-507,1796.35,CASH_OUT,0,Normal
576,AML-TX-00838,ACCT-LEGIT-752,ACCT-LEGIT-673,4438.01,TRANSFER,0,Normal
89,AML-TX-00839,ACCT-MULE-16,U-8831,45751.85,TRANSFER,1,Fan_In
514,AML-TX-00840,ACCT-LEGIT-139,ACCT-LEGIT-801,1824.79,PAYMENT,0,Normal
310,AML-TX-00841,ACCT-LEGIT-467,ACCT-LEGIT-653,5031.43,TRANSFER,0,Normal
357,AML-TX-00842,ACCT-LEGIT-390,ACCT-LEGIT-879,1955.69,TRANSFER,0,Normal
470,AML-TX-00843,ACCT-LEGIT-205,ACCT-LEGIT-665,212.83,CASH_OUT,0,Normal
603,AML-TX-00844,ACCT-MULE-17,U-8831,58099.64,TRANSFER,1,Fan_In
263,AML-TX-00845,ACCT-LEGIT-259,ACCT-LEGIT-592,2743.18,PAYMENT,0,Normal
67,AML-TX-00846,ACCT-LEGIT-540,ACCT-LEGIT-818,2338.44,CASH_OUT,0,Normal
24,AML-TX-00847,ACCT-LEGIT-951,ACCT-LEGIT-318,1589.66,PAYMENT,0,Normal
119,AML-TX-00848,ACCT-MULE-27,ACCT-CONDUIT-43,60835.15,TRANSFER,1,Cycle_Hawala
3,AML-TX-00849,ACCT-LEGIT-777,ACCT-LEGIT-351,1584.77,CASH_OUT,0,Normal
323,AML-TX-00850,ACCT-LEGIT-980,ACCT-LEGIT-128,2364.38,TRANSFER,0,Normal
468,AML-TX-00851,ACCT-LEGIT-885,ACCT-LEGIT-926,593.02,CASH_OUT,0,Normal
457,AML-TX-00852,ACCT-LEGIT-121,ACCT-LEGIT-702,860.76,CASH_OUT,0,Normal
563,AML-TX-00853,ACCT-LEGIT-167,ACCT-LEGIT-797,7342.69,TRANSFER,0,Normal
65,AML-TX-00854,ACCT-LEGIT-232,ACCT-LEGIT-537,1573.12,TRANSFER,0,Normal
446,AML-TX-00855,ACCT-LEGIT-890,ACCT-LEGIT-573,14153.6,CASH_OUT,0,Normal
643,AML-TX-00856,ACCT-LEGIT-927,ACCT-LEGIT-898,6499.99,CASH_OUT,0,Normal
167,AML-TX-00857,ACCT-MULE-10,ACCT-CONDUIT-33,77938.69,TRANSFER,1,Cycle_Hawala
295,AML-TX-00858,ACCT-LEGIT-406,ACCT-LEGIT-359,4169.48,CASH_OUT,0,Normal
12,AML-TX-00859,ACCT-LEGIT-709,ACCT-LEGIT-734,1056.66,PAYMENT,0,Normal
738,AML-TX-00860,ACCT-MULE-18,U-8831,61819.92,TRANSFER,1,Fan_In
721,AML-TX-00861,ACCT-LEGIT-398,ACCT-LEGIT-619,7949.4,CASH_OUT,0,Normal
47,AML-TX-00862,ACCT-MULE-28,ACCT-CONDUIT-36,24945.75,CASH_OUT,1,Smurfing_Structuring
572,AML-TX-00863,ACCT-LEGIT-665,ACCT-LEGIT-679,499.59,CASH_OUT,0,Normal
535,AML-TX-00864,ACCT-LEGIT-289,ACCT-LEGIT-381,4835.48,CASH_OUT,0,Normal
214,AML-TX-00865,ACCT-LEGIT-849,ACCT-LEGIT-198,4032.16,CASH_OUT,0,Normal
742,AML-TX-00866,ACCT-LEGIT-932,ACCT-LEGIT-391,538.26,PAYMENT,0,Normal
672,AML-TX-00867,ACCT-LEGIT-182,ACCT-LEGIT-731,6355.28,PAYMENT,0,Normal
739,AML-TX-00868,ACCT-LEGIT-720,ACCT-LEGIT-186,923.5,PAYMENT,0,Normal
508,AML-TX-00869,ACCT-LEGIT-140,ACCT-LEGIT-204,5916.15,PAYMENT,0,Normal
329,AML-TX-00870,ACCT-LEGIT-433,ACCT-LEGIT-427,6734.67,CASH_OUT,0,Normal
220,AML-TX-00871,ACCT-LEGIT-663,ACCT-LEGIT-597,1115.46,PAYMENT,0,Normal
517,AML-TX-00872,ACCT-MULE-16,U-8831,56858.91,TRANSFER,1,Fan_In
708,AML-TX-00873,ACCT-MULE-29,ACCT-CONDUIT-44,48433.26,TRANSFER,1,Fan_Out
106,AML-TX-00874,ACCT-LEGIT-283,ACCT-LEGIT-374,1343.32,CASH_OUT,0,Normal
608,AML-TX-00875,ACCT-LEGIT-114,ACCT-LEGIT-793,892.32,PAYMENT,0,Normal
68,AML-TX-00876,ACCT-LEGIT-485,ACCT-LEGIT-685,2110.7,CASH_OUT,0,Normal
453,AML-TX-00877,ACCT-MULE-23,ACCT-CONDUIT-26,59751.1,TRANSFER,1,Fan_Out
390,AML-TX-00878,ACCT-LEGIT-342,ACCT-LEGIT-526,4873.68,TRANSFER,0,Normal
498,AML-TX-00879,ACCT-LEGIT-621,ACCT-LEGIT-341,1262.35,PAYMENT,0,Normal
525,AML-TX-00880,ACCT-LEGIT-292,ACCT-LEGIT-165,1475.17,CASH_OUT,0,Normal
48,AML-TX-00881,ACCT-MULE-10,ACCT-CONDUIT-46,52197.83,TRANSFER,1,Fan_Out
111,AML-TX-00882,ACCT-LEGIT-409,ACCT-LEGIT-195,1937.87,PAYMENT,0,Normal
678,AML-TX-00883,ACCT-LEGIT-797,ACCT-LEGIT-189,4356.51,TRANSFER,0,Normal
416,AML-TX-00884,ACCT-LEGIT-696,ACCT-LEGIT-879,1262.57,PAYMENT,0,Normal
269,AML-TX-00885,ACCT-LEGIT-384,ACCT-LEGIT-826,314.74,PAYMENT,0,Normal
125,AML-TX-00886,ACCT-LEGIT-465,ACCT-LEGIT-608,869.85,CASH_OUT,0,Normal
276,AML-TX-00887,ACCT-LEGIT-707,ACCT-LEGIT-723,660.61,TRANSFER,0,Normal
464,AML-TX-00888,ACCT-LEGIT-182,ACCT-LEGIT-607,1403.93,PAYMENT,0,Normal
157,AML-TX-00889,ACCT-LEGIT-254,ACCT-LEGIT-400,1886.72,CASH_OUT,0,Normal
487,AML-TX-00890,ACCT-LEGIT-309,ACCT-LEGIT-582,402.11,TRANSFER,0,Normal
636,AML-TX-00891,ACCT-LEGIT-674,ACCT-LEGIT-670,163.18,CASH_OUT,0,Normal
487,AML-TX-00892,ACCT-MULE-20,U-8831,49802.58,TRANSFER,1,Fan_In
447,AML-TX-00893,ACCT-LEGIT-565,ACCT-LEGIT-178,885.46,TRANSFER,0,Normal
35,AML-TX-00894,ACCT-MULE-18,U-8831,64111.05,TRANSFER,1,Fan_In
109,AML-TX-00895,ACCT-MULE-21,ACCT-CONDUIT-38,81993.26,TRANSFER,1,Mule_Layering
532,AML-TX-00896,ACCT-LEGIT-246,ACCT-LEGIT-504,4499.21,CASH_OUT,0,Normal
712,AML-TX-00897,ACCT-LEGIT-984,ACCT-LEGIT-106,5559.09,PAYMENT,0,Normal
162,AML-TX-00898,ACCT-LEGIT-435,ACCT-LEGIT-600,5491.92,TRANSFER,0,Normal
657,AML-TX-00899,ACCT-LEGIT-431,ACCT-LEGIT-683,1005.12,TRANSFER,0,Normal
441,AML-TX-00900,ACCT-LEGIT-755,ACCT-LEGIT-921,1698.29,TRANSFER,0,Normal
240,AML-TX-00901,ACCT-LEGIT-152,ACCT-LEGIT-601,3530.3,CASH_OUT,0,Normal
182,AML-TX-00902,ACCT-LEGIT-345,ACCT-LEGIT-224,3349.6,CASH_OUT,0,Normal
113,AML-TX-00903,ACCT-LEGIT-418,ACCT-LEGIT-277,6793.47,PAYMENT,0,Normal
331,AML-TX-00904,ACCT-LEGIT-536,ACCT-LEGIT-155,595.54,TRANSFER,0,Normal
675,AML-TX-00905,ACCT-LEGIT-423,ACCT-LEGIT-712,2196.53,TRANSFER,0,Normal
688,AML-TX-00906,ACCT-LEGIT-273,ACCT-LEGIT-486,1811.44,TRANSFER,0,Normal
663,AML-TX-00907,ACCT-LEGIT-334,ACCT-LEGIT-771,3161.24,TRANSFER,0,Normal
159,AML-TX-00908,ACCT-LEGIT-410,ACCT-LEGIT-694,3075.84,PAYMENT,0,Normal
448,AML-TX-00909,ACCT-MULE-22,U-8831,62530.39,TRANSFER,1,Fan_In
82,AML-TX-00910,ACCT-LEGIT-765,ACCT-LEGIT-783,1000.24,TRANSFER,0,Normal
532,AML-TX-00911,ACCT-LEGIT-198,ACCT-LEGIT-216,2462.37,PAYMENT,0,Normal
566,AML-TX-00912,ACCT-LEGIT-139,ACCT-LEGIT-550,3585.01,TRANSFER,0,Normal
254,AML-TX-00913,ACCT-LEGIT-836,ACCT-LEGIT-601,4427.74,CASH_OUT,0,Normal
446,AML-TX-00914,ACCT-LEGIT-780,ACCT-LEGIT-482,1293.92,PAYMENT,0,Normal
417,AML-TX-00915,ACCT-LEGIT-653,ACCT-LEGIT-397,180.35,PAYMENT,0,Normal
55,AML-TX-00916,ACCT-LEGIT-345,ACCT-LEGIT-846,1444.23,PAYMENT,0,Normal
596,AML-TX-00917,ACCT-LEGIT-456,ACCT-LEGIT-641,1244.36,PAYMENT,0,Normal
133,AML-TX-00918,ACCT-LEGIT-635,ACCT-LEGIT-526,313.3,CASH_OUT,0,Normal
260,AML-TX-00919,ACCT-LEGIT-419,ACCT-LEGIT-335,182.02,TRANSFER,0,Normal
636,AML-TX-00920,ACCT-LEGIT-193,ACCT-LEGIT-356,6253.28,TRANSFER,0,Normal
306,AML-TX-00921,ACCT-LEGIT-612,ACCT-LEGIT-122,2585.21,TRANSFER,0,Normal
20,AML-TX-00922,ACCT-LEGIT-173,ACCT-LEGIT-528,1741.91,CASH_OUT,0,Normal
179,AML-TX-00923,ACCT-LEGIT-777,ACCT-LEGIT-525,13354.09,PAYMENT,0,Normal
731,AML-TX-00924,ACCT-LEGIT-245,ACCT-LEGIT-307,706.69,TRANSFER,0,Normal
242,AML-TX-00925,ACCT-LEGIT-124,ACCT-LEGIT-330,1604.62,TRANSFER,0,Normal
571,AML-TX-00926,ACCT-LEGIT-972,ACCT-LEGIT-848,7618.3,CASH_OUT,0,Normal
113,AML-TX-00927,ACCT-LEGIT-939,ACCT-LEGIT-828,2785.2,PAYMENT,0,Normal
272,AML-TX-00928,ACCT-LEGIT-689,ACCT-LEGIT-802,5706.66,TRANSFER,0,Normal
437,AML-TX-00929,ACCT-LEGIT-489,ACCT-LEGIT-373,620.35,TRANSFER,0,Normal
183,AML-TX-00930,ACCT-LEGIT-288,ACCT-LEGIT-422,1088.13,PAYMENT,0,Normal
508,AML-TX-00931,ACCT-MULE-20,U-8831,71025.36,TRANSFER,1,Fan_In
16,AML-TX-00932,ACCT-LEGIT-870,ACCT-LEGIT-414,1419.96,TRANSFER,0,Normal
189,AML-TX-00933,ACCT-MULE-10,ACCT-CONDUIT-20,24375.98,CASH_OUT,1,Smurfing_Structuring
507,AML-TX-00934,ACCT-LEGIT-589,ACCT-LEGIT-693,477.29,TRANSFER,0,Normal
20,AML-TX-00935,ACCT-MULE-25,ACCT-CONDUIT-46,49326.49,TRANSFER,1,Mule_Layering
409,AML-TX-00936,ACCT-LEGIT-892,ACCT-LEGIT-360,3089.88,PAYMENT,0,Normal
190,AML-TX-00937,ACCT-LEGIT-819,ACCT-LEGIT-668,4661.7,CASH_OUT,0,Normal
242,AML-TX-00938,ACCT-LEGIT-318,ACCT-LEGIT-899,381.5,PAYMENT,0,Normal
701,AML-TX-00939,ACCT-LEGIT-104,ACCT-LEGIT-321,1714.11,PAYMENT,0,Normal
141,AML-TX-00940,ACCT-LEGIT-702,ACCT-LEGIT-990,4997.94,TRANSFER,0,Normal
64,AML-TX-00941,ACCT-LEGIT-716,ACCT-LEGIT-632,4931.0,TRANSFER,0,Normal
53,AML-TX-00942,ACCT-LEGIT-898,ACCT-LEGIT-430,689.21,PAYMENT,0,Normal
56,AML-TX-00943,ACCT-LEGIT-513,ACCT-LEGIT-368,1232.54,PAYMENT,0,Normal
630,AML-TX-00944,ACCT-LEGIT-802,ACCT-LEGIT-941,4590.22,CASH_OUT,0,Normal
554,AML-TX-00945,ACCT-LEGIT-622,ACCT-LEGIT-534,2013.04,PAYMENT,0,Normal
574,AML-TX-00946,ACCT-LEGIT-418,ACCT-LEGIT-163,280.02,TRANSFER,0,Normal
562,AML-TX-00947,ACCT-LEGIT-686,ACCT-LEGIT-920,1301.89,TRANSFER,0,Normal
651,AML-TX-00948,ACCT-LEGIT-547,ACCT-LEGIT-135,4293.8,PAYMENT,0,Normal
377,AML-TX-00949,ACCT-LEGIT-616,ACCT-LEGIT-773,3659.83,CASH_OUT,0,Normal
326,AML-TX-00950,ACCT-LEGIT-844,ACCT-LEGIT-419,591.63,PAYMENT,0,Normal
709,AML-TX-00951,ACCT-MULE-17,ACCT-CONDUIT-41,24438.01,CASH_OUT,1,Smurfing_Structuring
60,AML-TX-00952,ACCT-LEGIT-614,ACCT-LEGIT-416,447.13,PAYMENT,0,Normal
129,AML-TX-00953,ACCT-MULE-17,ACCT-CONDUIT-39,24528.68,CASH_OUT,1,Smurfing_Structuring
133,AML-TX-00954,ACCT-LEGIT-390,ACCT-LEGIT-209,7741.4,CASH_OUT,0,Normal
391,AML-TX-00955,ACCT-LEGIT-223,ACCT-LEGIT-312,1102.7,TRANSFER,0,Normal
590,AML-TX-00956,ACCT-LEGIT-677,ACCT-LEGIT-330,2408.99,TRANSFER,0,Normal
668,AML-TX-00957,ACCT-LEGIT-461,ACCT-LEGIT-565,1037.95,PAYMENT,0,Normal
694,AML-TX-00958,ACCT-LEGIT-318,ACCT-LEGIT-746,1192.77,TRANSFER,0,Normal
394,AML-TX-00959,ACCT-LEGIT-371,ACCT-LEGIT-875,9335.7,TRANSFER,0,Normal
120,AML-TX-00960,ACCT-LEGIT-994,ACCT-LEGIT-525,758.59,TRANSFER,0,Normal
390,AML-TX-00961,ACCT-LEGIT-799,ACCT-LEGIT-852,285.57,PAYMENT,0,Normal
266,AML-TX-00962,ACCT-MULE-16,ACCT-CONDUIT-10,66031.92,TRANSFER,1,Fan_Out
25,AML-TX-00963,ACCT-LEGIT-636,ACCT-LEGIT-916,4694.46,PAYMENT,0,Normal
213,AML-TX-00964,ACCT-LEGIT-515,ACCT-LEGIT-777,4399.22,PAYMENT,0,Normal
558,AML-TX-00965,ACCT-MULE-11,U-8831,35226.17,TRANSFER,1,Fan_In
86,AML-TX-00966,ACCT-LEGIT-675,ACCT-LEGIT-224,1279.63,TRANSFER,0,Normal
252,AML-TX-00967,ACCT-LEGIT-939,ACCT-LEGIT-283,4183.01,CASH_OUT,0,Normal
739,AML-TX-00968,ACCT-LEGIT-109,ACCT-LEGIT-558,4775.13,PAYMENT,0,Normal
167,AML-TX-00969,ACCT-LEGIT-657,ACCT-LEGIT-865,380.97,TRANSFER,0,Normal
501,AML-TX-00970,ACCT-LEGIT-707,ACCT-LEGIT-454,3743.91,PAYMENT,0,Normal
438,AML-TX-00971,ACCT-LEGIT-707,ACCT-LEGIT-147,794.37,TRANSFER,0,Normal
430,AML-TX-00972,ACCT-LEGIT-462,ACCT-LEGIT-823,2217.2,TRANSFER,0,Normal
593,AML-TX-00973,ACCT-LEGIT-131,ACCT-LEGIT-206,3168.97,PAYMENT,0,Normal
601,AML-TX-00974,ACCT-LEGIT-598,ACCT-LEGIT-695,1807.21,TRANSFER,0,Normal
537,AML-TX-00975,ACCT-LEGIT-514,ACCT-LEGIT-468,7826.42,PAYMENT,0,Normal
358,AML-TX-00976,ACCT-LEGIT-309,ACCT-LEGIT-356,1650.15,CASH_OUT,0,Normal
407,AML-TX-00977,ACCT-MULE-23,ACCT-CONDUIT-29,24184.7,CASH_OUT,1,Smurfing_Structuring
713,AML-TX-00978,ACCT-LEGIT-465,ACCT-LEGIT-204,2462.46,PAYMENT,0,Normal
466,AML-TX-00979,ACCT-MULE-16,U-8831,61139.82,TRANSFER,1,Fan_In
669,AML-TX-00980,ACCT-LEGIT-466,ACCT-LEGIT-471,1463.97,TRANSFER,0,Normal
38,AML-TX-00981,ACCT-LEGIT-793,ACCT-LEGIT-965,6726.98,CASH_OUT,0,Normal
147,AML-TX-00982,ACCT-MULE-13,ACCT-CONDUIT-49,24330.94,CASH_OUT,1,Smurfing_Structuring
629,AML-TX-00983,ACCT-LEGIT-604,ACCT-LEGIT-560,1939.56,CASH_OUT,0,Normal
682,AML-TX-00984,ACCT-LEGIT-760,ACCT-LEGIT-775,4749.64,PAYMENT,0,Normal
48,AML-TX-00985,ACCT-LEGIT-412,ACCT-LEGIT-333,3076.39,CASH_OUT,0,Normal
240,AML-TX-00986,ACCT-LEGIT-818,ACCT-LEGIT-577,1243.52,PAYMENT,0,Normal
688,AML-TX-00987,ACCT-LEGIT-959,ACCT-LEGIT-403,1764.95,TRANSFER,0,Normal
103,AML-TX-00988,ACCT-LEGIT-400,ACCT-LEGIT-739,310.54,CASH_OUT,0,Normal
307,AML-TX-00989,ACCT-MULE-20,ACCT-CONDUIT-48,84783.4,TRANSFER,1,Mule_Layering
31,AML-TX-00990,ACCT-LEGIT-790,ACCT-LEGIT-811,1509.18,TRANSFER,0,Normal
570,AML-TX-00991,ACCT-LEGIT-991,ACCT-LEGIT-658,1916.48,CASH_OUT,0,Normal
710,AML-TX-00992,ACCT-LEGIT-474,ACCT-LEGIT-979,2700.8,CASH_OUT,0,Normal
241,AML-TX-00993,ACCT-LEGIT-546,ACCT-LEGIT-512,3961.17,PAYMENT,0,Normal
284,AML-TX-00994,ACCT-LEGIT-858,ACCT-LEGIT-850,1297.15,PAYMENT,0,Normal
414,AML-TX-00995,ACCT-LEGIT-977,ACCT-LEGIT-940,3617.32,TRANSFER,0,Normal
459,AML-TX-00996,ACCT-LEGIT-715,ACCT-LEGIT-403,10399.04,CASH_OUT,0,Normal
599,AML-TX-00997,ACCT-LEGIT-101,ACCT-LEGIT-793,313.42,TRANSFER,0,Normal
194,AML-TX-00998,ACCT-MULE-11,ACCT-CONDUIT-14,58529.27,TRANSFER,1,Cycle_Hawala
134,AML-TX-00999,ACCT-LEGIT-290,ACCT-LEGIT-620,603.49,CASH_OUT,0,Normal
639,AML-TX-01000,ACCT-MULE-17,U-8831,68024.51,TRANSFER,1,Fan_In
405,AML-TX-01001,ACCT-LEGIT-677,ACCT-LEGIT-368,608.6,CASH_OUT,0,Normal
26,AML-TX-01002,ACCT-LEGIT-981,ACCT-LEGIT-798,419.45,TRANSFER,0,Normal
731,AML-TX-01003,ACCT-LEGIT-837,ACCT-LEGIT-888,1398.04,TRANSFER,0,Normal
658,AML-TX-01004,ACCT-LEGIT-644,ACCT-LEGIT-799,11582.29,PAYMENT,0,Normal
200,AML-TX-01005,ACCT-MULE-17,ACCT-CONDUIT-30,24364.38,CASH_OUT,1,Smurfing_Structuring
197,AML-TX-01006,ACCT-LEGIT-821,ACCT-LEGIT-237,281.7,CASH_OUT,0,Normal
598,AML-TX-01007,ACCT-LEGIT-466,ACCT-LEGIT-826,1310.15,CASH_OUT,0,Normal
17,AML-TX-01008,ACCT-LEGIT-330,ACCT-LEGIT-203,2799.1,PAYMENT,0,Normal
384,AML-TX-01009,ACCT-LEGIT-232,ACCT-LEGIT-574,7636.83,TRANSFER,0,Normal
136,AML-TX-01010,ACCT-LEGIT-346,ACCT-LEGIT-116,4609.37,PAYMENT,0,Normal
300,AML-TX-01011,ACCT-MULE-10,ACCT-CONDUIT-46,41932.59,TRANSFER,1,Cycle_Hawala
236,AML-TX-01012,ACCT-MULE-28,ACCT-CONDUIT-41,70333.59,TRANSFER,1,Cycle_Hawala
181,AML-TX-01013,ACCT-LEGIT-667,ACCT-LEGIT-254,9883.01,PAYMENT,0,Normal
192,AML-TX-01014,ACCT-MULE-26,ACCT-CONDUIT-43,79850.92,TRANSFER,1,Cycle_Hawala
320,AML-TX-01015,ACCT-LEGIT-941,ACCT-LEGIT-428,8352.07,CASH_OUT,0,Normal
169,AML-TX-01016,ACCT-LEGIT-792,ACCT-LEGIT-809,411.2,TRANSFER,0,Normal
281,AML-TX-01017,ACCT-LEGIT-441,ACCT-LEGIT-183,2722.29,PAYMENT,0,Normal
290,AML-TX-01018,ACCT-LEGIT-900,ACCT-LEGIT-307,3366.05,TRANSFER,0,Normal
161,AML-TX-01019,ACCT-LEGIT-191,ACCT-LEGIT-854,2996.82,TRANSFER,0,Normal
107,AML-TX-01020,ACCT-LEGIT-674,ACCT-LEGIT-637,3985.82,TRANSFER,0,Normal
163,AML-TX-01021,ACCT-MULE-21,ACCT-CONDUIT-42,40746.68,TRANSFER,1,Fan_Out
206,AML-TX-01022,ACCT-LEGIT-504,ACCT-LEGIT-249,3314.88,PAYMENT,0,Normal
73,AML-TX-01023,ACCT-LEGIT-826,ACCT-LEGIT-997,1772.55,TRANSFER,0,Normal
645,AML-TX-01024,ACCT-LEGIT-666,ACCT-LEGIT-239,475.74,PAYMENT,0,Normal
499,AML-TX-01025,ACCT-LEGIT-843,ACCT-LEGIT-383,5403.47,CASH_OUT,0,Normal
150,AML-TX-01026,ACCT-LEGIT-591,ACCT-LEGIT-333,2645.15,TRANSFER,0,Normal
7,AML-TX-01027,ACCT-LEGIT-508,ACCT-LEGIT-911,1730.27,PAYMENT,0,Normal
438,AML-TX-01028,ACCT-LEGIT-242,ACCT-LEGIT-905,4438.98,TRANSFER,0,Normal
292,AML-TX-01029,ACCT-LEGIT-747,ACCT-LEGIT-192,981.17,CASH_OUT,0,Normal
207,AML-TX-01030,ACCT-LEGIT-734,ACCT-LEGIT-986,181.6,CASH_OUT,0,Normal
625,AML-TX-01031,ACCT-LEGIT-188,ACCT-LEGIT-571,5496.24,TRANSFER,0,Normal
381,AML-TX-01032,ACCT-LEGIT-854,ACCT-LEGIT-604,3736.91,CASH_OUT,0,Normal
621,AML-TX-01033,ACCT-LEGIT-621,ACCT-LEGIT-425,619.47,PAYMENT,0,Normal
640,AML-TX-01034,ACCT-LEGIT-470,ACCT-LEGIT-744,421.22,PAYMENT,0,Normal
429,AML-TX-01035,ACCT-LEGIT-921,ACCT-LEGIT-433,8167.15,CASH_OUT,0,Normal
175,AML-TX-01036,ACCT-LEGIT-414,ACCT-LEGIT-175,3637.91,TRANSFER,0,Normal
664,AML-TX-01037,ACCT-LEGIT-208,ACCT-LEGIT-128,499.24,PAYMENT,0,Normal
674,AML-TX-01038,ACCT-LEGIT-193,ACCT-LEGIT-831,1909.03,CASH_OUT,0,Normal
28,AML-TX-01039,ACCT-LEGIT-352,ACCT-LEGIT-223,3801.86,TRANSFER,0,Normal
358,AML-TX-01040,ACCT-MULE-10,U-8831,46221.62,TRANSFER,1,Fan_In
399,AML-TX-01041,ACCT-LEGIT-779,ACCT-LEGIT-612,866.44,TRANSFER,0,Normal
400,AML-TX-01042,ACCT-LEGIT-915,ACCT-LEGIT-842,3077.12,TRANSFER,0,Normal
384,AML-TX-01043,ACCT-LEGIT-304,ACCT-LEGIT-330,3583.95,PAYMENT,0,Normal
358,AML-TX-01044,ACCT-LEGIT-696,ACCT-LEGIT-400,1785.7,TRANSFER,0,Normal
5,AML-TX-01045,ACCT-LEGIT-229,ACCT-LEGIT-764,715.66,CASH_OUT,0,Normal
696,AML-TX-01046,ACCT-LEGIT-897,ACCT-LEGIT-893,6736.29,TRANSFER,0,Normal
68,AML-TX-01047,ACCT-LEGIT-295,ACCT-LEGIT-620,2151.48,TRANSFER,0,Normal
184,AML-TX-01048,ACCT-MULE-12,ACCT-CONDUIT-17,41621.82,TRANSFER,1,Fan_Out
530,AML-TX-01049,ACCT-LEGIT-948,ACCT-LEGIT-826,385.27,PAYMENT,0,Normal
358,AML-TX-01050,ACCT-LEGIT-745,ACCT-LEGIT-100,4919.18,CASH_OUT,0,Normal
389,AML-TX-01051,ACCT-LEGIT-949,ACCT-LEGIT-571,437.23,CASH_OUT,0,Normal
653,AML-TX-01052,ACCT-LEGIT-529,ACCT-LEGIT-221,3097.58,PAYMENT,0,Normal
9,AML-TX-01053,ACCT-LEGIT-921,ACCT-LEGIT-411,221.18,TRANSFER,0,Normal
64,AML-TX-01054,ACCT-LEGIT-546,ACCT-LEGIT-421,6977.53,CASH_OUT,0,Normal
10,AML-TX-01055,ACCT-LEGIT-497,ACCT-LEGIT-467,10194.16,CASH_OUT,0,Normal
158,AML-TX-01056,ACCT-LEGIT-499,ACCT-LEGIT-587,1182.97,CASH_OUT,0,Normal
263,AML-TX-01057,ACCT-LEGIT-431,ACCT-LEGIT-913,2740.46,TRANSFER,0,Normal
474,AML-TX-01058,ACCT-LEGIT-499,ACCT-LEGIT-277,1286.31,CASH_OUT,0,Normal
24,AML-TX-01059,ACCT-LEGIT-288,ACCT-LEGIT-647,2025.49,CASH_OUT,0,Normal
682,AML-TX-01060,ACCT-LEGIT-299,ACCT-LEGIT-241,411.47,CASH_OUT,0,Normal
730,AML-TX-01061,ACCT-LEGIT-856,ACCT-LEGIT-687,3359.9,TRANSFER,0,Normal
283,AML-TX-01062,ACCT-LEGIT-406,ACCT-LEGIT-332,1178.95,TRANSFER,0,Normal
79,AML-TX-01063,ACCT-LEGIT-677,ACCT-LEGIT-456,8535.37,CASH_OUT,0,Normal
622,AML-TX-01064,ACCT-LEGIT-856,ACCT-LEGIT-541,3357.46,CASH_OUT,0,Normal
11,AML-TX-01065,ACCT-LEGIT-773,ACCT-LEGIT-884,716.46,CASH_OUT,0,Normal
141,AML-TX-01066,ACCT-LEGIT-282,ACCT-LEGIT-333,1197.72,TRANSFER,0,Normal
403,AML-TX-01067,ACCT-LEGIT-680,ACCT-LEGIT-155,779.62,TRANSFER,0,Normal
117,AML-TX-01068,ACCT-LEGIT-615,ACCT-LEGIT-827,2112.31,TRANSFER,0,Normal
196,AML-TX-01069,ACCT-LEGIT-207,ACCT-LEGIT-327,5986.07,CASH_OUT,0,Normal
173,AML-TX-01070,ACCT-LEGIT-761,ACCT-LEGIT-273,1717.18,CASH_OUT,0,Normal
533,AML-TX-01071,ACCT-LEGIT-837,ACCT-LEGIT-557,2650.12,CASH_OUT,0,Normal
630,AML-TX-01072,ACCT-LEGIT-731,ACCT-LEGIT-298,1879.46,CASH_OUT,0,Normal
59,AML-TX-01073,ACCT-LEGIT-794,ACCT-LEGIT-562,6334.67,CASH_OUT,0,Normal
476,AML-TX-01074,ACCT-LEGIT-375,ACCT-LEGIT-666,4628.92,TRANSFER,0,Normal
438,AML-TX-01075,ACCT-LEGIT-774,ACCT-LEGIT-315,1038.2,CASH_OUT,0,Normal
427,AML-TX-01076,ACCT-LEGIT-530,ACCT-LEGIT-964,243.9,CASH_OUT,0,Normal
179,AML-TX-01077,ACCT-LEGIT-765,ACCT-LEGIT-331,19746.6,TRANSFER,0,Normal
452,AML-TX-01078,ACCT-LEGIT-885,ACCT-LEGIT-115,9645.3,TRANSFER,0,Normal
347,AML-TX-01079,ACCT-LEGIT-684,ACCT-LEGIT-949,195.03,TRANSFER,0,Normal
214,AML-TX-01080,ACCT-LEGIT-263,ACCT-LEGIT-218,6507.45,TRANSFER,0,Normal
448,AML-TX-01081,ACCT-LEGIT-808,ACCT-LEGIT-990,3661.8,CASH_OUT,0,Normal
691,AML-TX-01082,ACCT-LEGIT-626,ACCT-LEGIT-726,3273.26,CASH_OUT,0,Normal
134,AML-TX-01083,ACCT-MULE-29,U-8831,60988.64,TRANSFER,1,Fan_In
503,AML-TX-01084,ACCT-LEGIT-397,ACCT-LEGIT-795,3187.46,TRANSFER,0,Normal
209,AML-TX-01085,ACCT-LEGIT-218,ACCT-LEGIT-153,1825.13,PAYMENT,0,Normal
496,AML-TX-01086,ACCT-LEGIT-340,ACCT-LEGIT-726,9202.98,CASH_OUT,0,Normal
647,AML-TX-01087,ACCT-LEGIT-922,ACCT-LEGIT-587,697.18,CASH_OUT,0,Normal
114,AML-TX-01088,ACCT-LEGIT-820,ACCT-LEGIT-660,1051.28,TRANSFER,0,Normal
134,AML-TX-01089,ACCT-LEGIT-452,ACCT-LEGIT-193,1365.1,PAYMENT,0,Normal
637,AML-TX-01090,ACCT-LEGIT-626,ACCT-LEGIT-572,8878.94,TRANSFER,0,Normal
255,AML-TX-01091,ACCT-LEGIT-475,ACCT-LEGIT-118,2486.01,TRANSFER,0,Normal
615,AML-TX-01092,ACCT-LEGIT-408,ACCT-LEGIT-198,997.36,CASH_OUT,0,Normal
91,AML-TX-01093,ACCT-LEGIT-449,ACCT-LEGIT-192,6201.43,CASH_OUT,0,Normal
529,AML-TX-01094,ACCT-LEGIT-761,ACCT-LEGIT-927,4190.96,CASH_OUT,0,Normal
636,AML-TX-01095,ACCT-LEGIT-389,ACCT-LEGIT-317,2888.33,TRANSFER,0,Normal
610,AML-TX-01096,ACCT-LEGIT-874,ACCT-LEGIT-394,1558.23,PAYMENT,0,Normal
556,AML-TX-01097,ACCT-LEGIT-653,ACCT-LEGIT-819,1873.42,TRANSFER,0,Normal
149,AML-TX-01098,ACCT-LEGIT-553,ACCT-LEGIT-106,410.88,CASH_OUT,0,Normal
734,AML-TX-01099,ACCT-LEGIT-983,ACCT-LEGIT-100,4354.85,PAYMENT,0,Normal
158,AML-TX-01100,ACCT-LEGIT-629,ACCT-LEGIT-246,4858.45,TRANSFER,0,Normal
168,AML-TX-01101,ACCT-LEGIT-922,ACCT-LEGIT-642,1959.0,TRANSFER,0,Normal
663,AML-TX-01102,ACCT-LEGIT-254,ACCT-LEGIT-945,1351.05,PAYMENT,0,Normal
199,AML-TX-01103,ACCT-MULE-25,ACCT-CONDUIT-36,87403.17,TRANSFER,1,Mule_Layering
1,AML-TX-01104,ACCT-LEGIT-725,ACCT-LEGIT-953,3239.99,TRANSFER,0,Normal
30,AML-TX-01105,ACCT-LEGIT-772,ACCT-LEGIT-843,545.06,TRANSFER,0,Normal
186,AML-TX-01106,ACCT-LEGIT-810,ACCT-LEGIT-917,4420.57,CASH_OUT,0,Normal
731,AML-TX-01107,ACCT-LEGIT-342,ACCT-LEGIT-787,539.98,CASH_OUT,0,Normal
681,AML-TX-01108,ACCT-LEGIT-801,ACCT-LEGIT-916,8840.62,TRANSFER,0,Normal
162,AML-TX-01109,ACCT-LEGIT-625,ACCT-LEGIT-765,579.65,PAYMENT,0,Normal
681,AML-TX-01110,ACCT-LEGIT-211,ACCT-LEGIT-444,1118.9,PAYMENT,0,Normal
225,AML-TX-01111,ACCT-LEGIT-507,ACCT-LEGIT-859,5618.82,CASH_OUT,0,Normal
116,AML-TX-01112,ACCT-MULE-20,ACCT-CONDUIT-18,79262.69,TRANSFER,1,Mule_Layering
171,AML-TX-01113,ACCT-LEGIT-394,ACCT-LEGIT-941,5385.42,PAYMENT,0,Normal
635,AML-TX-01114,ACCT-LEGIT-263,ACCT-LEGIT-128,3532.36,PAYMENT,0,Normal
529,AML-TX-01115,ACCT-LEGIT-200,ACCT-LEGIT-880,5282.02,CASH_OUT,0,Normal
259,AML-TX-01116,ACCT-LEGIT-729,ACCT-LEGIT-158,6753.17,CASH_OUT,0,Normal
356,AML-TX-01117,ACCT-LEGIT-459,ACCT-LEGIT-578,333.17,PAYMENT,0,Normal
295,AML-TX-01118,ACCT-LEGIT-350,ACCT-LEGIT-475,13582.53,CASH_OUT,0,Normal
513,AML-TX-01119,ACCT-LEGIT-288,ACCT-LEGIT-539,3838.52,TRANSFER,0,Normal
250,AML-TX-01120,ACCT-LEGIT-902,ACCT-LEGIT-720,1117.89,CASH_OUT,0,Normal
163,AML-TX-01121,ACCT-LEGIT-495,ACCT-LEGIT-178,2691.95,CASH_OUT,0,Normal
499,AML-TX-01122,ACCT-LEGIT-952,ACCT-LEGIT-697,7125.29,CASH_OUT,0,Normal
464,AML-TX-01123,ACCT-LEGIT-149,ACCT-LEGIT-184,2534.29,TRANSFER,0,Normal
418,AML-TX-01124,ACCT-LEGIT-850,ACCT-LEGIT-701,6738.12,PAYMENT,0,Normal
208,AML-TX-01125,ACCT-LEGIT-537,ACCT-LEGIT-784,4308.46,PAYMENT,0,Normal
42,AML-TX-01126,ACCT-LEGIT-484,ACCT-LEGIT-526,257.76,CASH_OUT,0,Normal
222,AML-TX-01127,ACCT-LEGIT-581,ACCT-LEGIT-561,413.11,CASH_OUT,0,Normal
257,AML-TX-01128,ACCT-MULE-23,ACCT-CONDUIT-10,88029.96,TRANSFER,1,Mule_Layering
33,AML-TX-01129,ACCT-LEGIT-386,ACCT-LEGIT-807,8915.62,PAYMENT,0,Normal
211,AML-TX-01130,ACCT-LEGIT-544,ACCT-LEGIT-830,6298.43,TRANSFER,0,Normal
485,AML-TX-01131,ACCT-LEGIT-286,ACCT-LEGIT-440,1907.53,CASH_OUT,0,Normal
172,AML-TX-01132,ACCT-LEGIT-414,ACCT-LEGIT-527,585.55,TRANSFER,0,Normal
180,AML-TX-01133,ACCT-LEGIT-619,ACCT-LEGIT-548,13365.86,TRANSFER,0,Normal
201,AML-TX-01134,ACCT-LEGIT-962,ACCT-LEGIT-445,224.67,CASH_OUT,0,Normal
411,AML-TX-01135,ACCT-MULE-29,ACCT-CONDUIT-10,24613.39,CASH_OUT,1,Smurfing_Structuring
585,AML-TX-01136,ACCT-MULE-27,ACCT-CONDUIT-16,62764.45,TRANSFER,1,Cycle_Hawala
354,AML-TX-01137,ACCT-LEGIT-790,ACCT-LEGIT-694,5688.35,TRANSFER,0,Normal
76,AML-TX-01138,ACCT-MULE-28,ACCT-CONDUIT-47,39663.87,TRANSFER,1,Fan_Out
725,AML-TX-01139,ACCT-LEGIT-557,ACCT-LEGIT-640,10366.84,PAYMENT,0,Normal
142,AML-TX-01140,ACCT-LEGIT-556,ACCT-LEGIT-383,8991.43,TRANSFER,0,Normal
711,AML-TX-01141,ACCT-LEGIT-120,ACCT-LEGIT-103,5121.37,CASH_OUT,0,Normal
250,AML-TX-01142,ACCT-LEGIT-955,ACCT-LEGIT-494,5840.32,PAYMENT,0,Normal
355,AML-TX-01143,ACCT-LEGIT-254,ACCT-LEGIT-601,8202.12,TRANSFER,0,Normal
587,AML-TX-01144,ACCT-LEGIT-247,ACCT-LEGIT-637,334.53,CASH_OUT,0,Normal
434,AML-TX-01145,ACCT-LEGIT-703,ACCT-LEGIT-330,272.03,TRANSFER,0,Normal
531,AML-TX-01146,ACCT-LEGIT-220,ACCT-LEGIT-141,2223.46,CASH_OUT,0,Normal
479,AML-TX-01147,ACCT-LEGIT-706,ACCT-LEGIT-863,4443.29,CASH_OUT,0,Normal
499,AML-TX-01148,ACCT-MULE-16,ACCT-CONDUIT-37,64551.86,TRANSFER,1,Mule_Layering
526,AML-TX-01149,ACCT-LEGIT-397,ACCT-LEGIT-755,261.06,TRANSFER,0,Normal
390,AML-TX-01150,ACCT-LEGIT-396,ACCT-LEGIT-323,668.75,CASH_OUT,0,Normal
211,AML-TX-01151,ACCT-LEGIT-893,ACCT-LEGIT-857,2381.41,PAYMENT,0,Normal
334,AML-TX-01152,ACCT-MULE-25,ACCT-CONDUIT-17,40888.04,TRANSFER,1,Cycle_Hawala
328,AML-TX-01153,ACCT-LEGIT-535,ACCT-LEGIT-508,4174.63,PAYMENT,0,Normal
658,AML-TX-01154,ACCT-LEGIT-394,ACCT-LEGIT-329,836.43,TRANSFER,0,Normal
547,AML-TX-01155,ACCT-LEGIT-190,ACCT-LEGIT-209,1685.25,CASH_OUT,0,Normal
591,AML-TX-01156,ACCT-LEGIT-289,ACCT-LEGIT-360,2790.4,CASH_OUT,0,Normal
54,AML-TX-01157,ACCT-LEGIT-395,ACCT-LEGIT-855,5234.84,CASH_OUT,0,Normal
503,AML-TX-01158,ACCT-LEGIT-295,ACCT-LEGIT-313,294.01,CASH_OUT,0,Normal
422,AML-TX-01159,ACCT-LEGIT-994,ACCT-LEGIT-839,11803.7,CASH_OUT,0,Normal
727,AML-TX-01160,ACCT-LEGIT-625,ACCT-LEGIT-919,2385.41,TRANSFER,0,Normal
143,AML-TX-01161,ACCT-LEGIT-529,ACCT-LEGIT-461,5145.08,TRANSFER,0,Normal
330,AML-TX-01162,ACCT-LEGIT-499,ACCT-LEGIT-585,5237.98,CASH_OUT,0,Normal
730,AML-TX-01163,ACCT-LEGIT-707,ACCT-LEGIT-213,5620.16,CASH_OUT,0,Normal
213,AML-TX-01164,ACCT-LEGIT-829,ACCT-LEGIT-645,3278.9,CASH_OUT,0,Normal
635,AML-TX-01165,ACCT-MULE-20,ACCT-CONDUIT-10,66870.11,TRANSFER,1,Cycle_Hawala
295,AML-TX-01166,ACCT-LEGIT-295,ACCT-LEGIT-451,432.71,TRANSFER,0,Normal
545,AML-TX-01167,ACCT-LEGIT-573,ACCT-LEGIT-357,1562.17,TRANSFER,0,Normal
461,AML-TX-01168,ACCT-LEGIT-812,ACCT-LEGIT-567,512.55,CASH_OUT,0,Normal
304,AML-TX-01169,ACCT-LEGIT-857,ACCT-LEGIT-210,1845.83,CASH_OUT,0,Normal
244,AML-TX-01170,ACCT-MULE-17,ACCT-CONDUIT-40,50932.84,TRANSFER,1,Cycle_Hawala
368,AML-TX-01171,ACCT-LEGIT-686,ACCT-LEGIT-990,1335.48,PAYMENT,0,Normal
544,AML-TX-01172,ACCT-LEGIT-494,ACCT-LEGIT-314,3986.67,CASH_OUT,0,Normal
728,AML-TX-01173,ACCT-LEGIT-204,ACCT-LEGIT-877,13913.49,CASH_OUT,0,Normal
228,AML-TX-01174,ACCT-LEGIT-652,ACCT-LEGIT-282,3801.58,PAYMENT,0,Normal
129,AML-TX-01175,ACCT-LEGIT-716,ACCT-LEGIT-184,612.57,PAYMENT,0,Normal
145,AML-TX-01176,ACCT-LEGIT-717,ACCT-LEGIT-252,4406.73,CASH_OUT,0,Normal
735,AML-TX-01177,ACCT-LEGIT-904,ACCT-LEGIT-535,2622.57,TRANSFER,0,Normal
395,AML-TX-01178,ACCT-LEGIT-961,ACCT-LEGIT-867,2951.09,PAYMENT,0,Normal
505,AML-TX-01179,ACCT-LEGIT-347,ACCT-LEGIT-808,567.21,PAYMENT,0,Normal
137,AML-TX-01180,ACCT-LEGIT-856,ACCT-LEGIT-863,638.1,TRANSFER,0,Normal
209,AML-TX-01181,ACCT-LEGIT-673,ACCT-LEGIT-858,3493.7,CASH_OUT,0,Normal
5,AML-TX-01182,ACCT-LEGIT-347,ACCT-LEGIT-417,250.79,PAYMENT,0,Normal
230,AML-TX-01183,ACCT-LEGIT-101,ACCT-LEGIT-520,1507.99,PAYMENT,0,Normal
354,AML-TX-01184,ACCT-LEGIT-125,ACCT-LEGIT-253,4735.94,CASH_OUT,0,Normal
600,AML-TX-01185,ACCT-LEGIT-254,ACCT-LEGIT-108,612.7,TRANSFER,0,Normal
244,AML-TX-01186,ACCT-LEGIT-272,ACCT-LEGIT-910,2195.0,TRANSFER,0,Normal
640,AML-TX-01187,ACCT-LEGIT-606,ACCT-LEGIT-264,657.61,PAYMENT,0,Normal
630,AML-TX-01188,ACCT-LEGIT-847,ACCT-LEGIT-237,711.75,CASH_OUT,0,Normal
420,AML-TX-01189,ACCT-LEGIT-465,ACCT-LEGIT-360,2199.14,CASH_OUT,0,Normal
200,AML-TX-01190,ACCT-LEGIT-392,ACCT-LEGIT-263,4610.41,CASH_OUT,0,Normal
124,AML-TX-01191,ACCT-MULE-10,ACCT-CONDUIT-30,78075.05,TRANSFER,1,Cycle_Hawala
172,AML-TX-01192,ACCT-LEGIT-782,ACCT-LEGIT-362,1173.97,PAYMENT,0,Normal
204,AML-TX-01193,ACCT-LEGIT-533,ACCT-LEGIT-202,8508.85,PAYMENT,0,Normal
82,AML-TX-01194,ACCT-LEGIT-822,ACCT-LEGIT-798,6493.8,TRANSFER,0,Normal
391,AML-TX-01195,ACCT-LEGIT-421,ACCT-LEGIT-651,6569.03,TRANSFER,0,Normal
487,AML-TX-01196,ACCT-LEGIT-619,ACCT-LEGIT-549,1335.91,PAYMENT,0,Normal
95,AML-TX-01197,ACCT-LEGIT-239,ACCT-LEGIT-582,3850.83,PAYMENT,0,Normal
109,AML-TX-01198,ACCT-LEGIT-492,ACCT-LEGIT-681,2296.04,PAYMENT,0,Normal
80,AML-TX-01199,ACCT-LEGIT-726,ACCT-LEGIT-754,1593.2,PAYMENT,0,Normal
641,AML-TX-01200,ACCT-LEGIT-210,ACCT-LEGIT-543,3243.23,TRANSFER,0,Normal
620,AML-TX-01201,ACCT-LEGIT-862,ACCT-LEGIT-689,3936.31,PAYMENT,0,Normal
204,AML-TX-01202,ACCT-LEGIT-793,ACCT-LEGIT-185,2851.73,CASH_OUT,0,Normal
321,AML-TX-01203,ACCT-LEGIT-353,ACCT-LEGIT-119,5217.37,TRANSFER,0,Normal
9,AML-TX-01204,ACCT-LEGIT-611,ACCT-LEGIT-254,3237.31,PAYMENT,0,Normal
180,AML-TX-01205,ACCT-LEGIT-321,ACCT-LEGIT-939,4274.23,PAYMENT,0,Normal
386,AML-TX-01206,ACCT-LEGIT-893,ACCT-LEGIT-355,2150.16,PAYMENT,0,Normal
356,AML-TX-01207,ACCT-LEGIT-305,ACCT-LEGIT-360,5789.43,PAYMENT,0,Normal
573,AML-TX-01208,ACCT-LEGIT-430,ACCT-LEGIT-907,1578.72,PAYMENT,0,Normal
363,AML-TX-01209,ACCT-LEGIT-376,ACCT-LEGIT-822,1544.81,PAYMENT,0,Normal
386,AML-TX-01210,ACCT-LEGIT-640,ACCT-LEGIT-641,275.93,CASH_OUT,0,Normal
736,AML-TX-01211,ACCT-LEGIT-971,ACCT-LEGIT-951,3105.64,PAYMENT,0,Normal
425,AML-TX-01212,ACCT-MULE-12,ACCT-CONDUIT-15,94709.63,TRANSFER,1,Mule_Layering
688,AML-TX-01213,ACCT-LEGIT-966,ACCT-LEGIT-235,1243.63,CASH_OUT,0,Normal
66,AML-TX-01214,ACCT-LEGIT-712,ACCT-LEGIT-836,10984.97,CASH_OUT,0,Normal
303,AML-TX-01215,ACCT-LEGIT-503,ACCT-LEGIT-169,279.21,PAYMENT,0,Normal
162,AML-TX-01216,ACCT-LEGIT-213,ACCT-LEGIT-504,1012.58,TRANSFER,0,Normal
355,AML-TX-01217,ACCT-MULE-28,ACCT-CONDUIT-31,24802.37,CASH_OUT,1,Smurfing_Structuring
688,AML-TX-01218,ACCT-LEGIT-487,ACCT-LEGIT-268,12347.76,CASH_OUT,0,Normal
541,AML-TX-01219,ACCT-LEGIT-483,ACCT-LEGIT-268,2993.06,PAYMENT,0,Normal
329,AML-TX-01220,ACCT-MULE-11,ACCT-CONDUIT-44,24445.07,CASH_OUT,1,Smurfing_Structuring
418,AML-TX-01221,ACCT-LEGIT-561,ACCT-LEGIT-556,10439.94,PAYMENT,0,Normal
553,AML-TX-01222,ACCT-LEGIT-704,ACCT-LEGIT-739,3691.84,TRANSFER,0,Normal
474,AML-TX-01223,ACCT-MULE-14,ACCT-CONDUIT-44,24523.99,CASH_OUT,1,Smurfing_Structuring
646,AML-TX-01224,ACCT-LEGIT-779,ACCT-LEGIT-215,3044.49,PAYMENT,0,Normal
262,AML-TX-01225,ACCT-LEGIT-796,ACCT-LEGIT-347,13591.41,CASH_OUT,0,Normal
734,AML-TX-01226,ACCT-LEGIT-936,ACCT-LEGIT-330,659.37,TRANSFER,0,Normal
515,AML-TX-01227,ACCT-LEGIT-789,ACCT-LEGIT-497,286.88,CASH_OUT,0,Normal
458,AML-TX-01228,ACCT-LEGIT-287,ACCT-LEGIT-874,5985.05,TRANSFER,0,Normal
116,AML-TX-01229,ACCT-LEGIT-603,ACCT-LEGIT-193,4990.39,PAYMENT,0,Normal
101,AML-TX-01230,ACCT-LEGIT-565,ACCT-LEGIT-704,1680.87,PAYMENT,0,Normal
446,AML-TX-01231,ACCT-LEGIT-386,ACCT-LEGIT-876,9184.25,TRANSFER,0,Normal
319,AML-TX-01232,ACCT-MULE-15,ACCT-CONDUIT-32,84170.37,TRANSFER,1,Mule_Layering
278,AML-TX-01233,ACCT-LEGIT-481,ACCT-LEGIT-946,3524.53,CASH_OUT,0,Normal
140,AML-TX-01234,ACCT-MULE-22,ACCT-CONDUIT-18,24738.32,CASH_OUT,1,Smurfing_Structuring
556,AML-TX-01235,ACCT-MULE-12,ACCT-CONDUIT-33,24748.13,CASH_OUT,1,Smurfing_Structuring
471,AML-TX-01236,ACCT-LEGIT-589,ACCT-LEGIT-837,2336.72,TRANSFER,0,Normal
256,AML-TX-01237,ACCT-LEGIT-348,ACCT-LEGIT-454,631.2,TRANSFER,0,Normal
4,AML-TX-01238,ACCT-LEGIT-517,ACCT-LEGIT-130,5048.01,CASH_OUT,0,Normal
443,AML-TX-01239,ACCT-MULE-10,ACCT-CONDUIT-15,74587.62,TRANSFER,1,Cycle_Hawala
133,AML-TX-01240,ACCT-LEGIT-995,ACCT-LEGIT-534,8752.79,PAYMENT,0,Normal
216,AML-TX-01241,ACCT-LEGIT-608,ACCT-LEGIT-598,1892.77,PAYMENT,0,Normal
487,AML-TX-01242,ACCT-MULE-15,ACCT-CONDUIT-32,78744.37,TRANSFER,1,Cycle_Hawala
204,AML-TX-01243,ACCT-LEGIT-584,ACCT-LEGIT-248,4028.35,CASH_OUT,0,Normal
365,AML-TX-01244,ACCT-LEGIT-354,ACCT-LEGIT-553,4113.49,TRANSFER,0,Normal
439,AML-TX-01245,ACCT-LEGIT-987,ACCT-LEGIT-612,400.52,CASH_OUT,0,Normal
145,AML-TX-01246,ACCT-LEGIT-468,ACCT-LEGIT-108,250.36,PAYMENT,0,Normal
279,AML-TX-01247,ACCT-LEGIT-110,ACCT-LEGIT-213,290.9,CASH_OUT,0,Normal
706,AML-TX-01248,ACCT-LEGIT-245,ACCT-LEGIT-742,14952.07,TRANSFER,0,Normal
491,AML-TX-01249,ACCT-LEGIT-289,ACCT-LEGIT-574,2257.68,CASH_OUT,0,Normal
408,AML-TX-01250,ACCT-LEGIT-592,ACCT-LEGIT-891,5845.78,TRANSFER,0,Normal
323,AML-TX-01251,ACCT-LEGIT-403,ACCT-LEGIT-401,670.42,CASH_OUT,0,Normal
64,AML-TX-01252,ACCT-LEGIT-977,ACCT-LEGIT-880,3173.52,CASH_OUT,0,Normal
620,AML-TX-01253,ACCT-MULE-28,ACCT-CONDUIT-13,47246.91,TRANSFER,1,Fan_Out
513,AML-TX-01254,ACCT-LEGIT-667,ACCT-LEGIT-872,382.85,TRANSFER,0,Normal
283,AML-TX-01255,ACCT-MULE-21,U-8831,47789.31,TRANSFER,1,Fan_In
743,AML-TX-01256,ACCT-LEGIT-132,ACCT-LEGIT-472,1363.94,CASH_OUT,0,Normal
423,AML-TX-01257,ACCT-LEGIT-145,ACCT-LEGIT-978,1294.17,TRANSFER,0,Normal
449,AML-TX-01258,ACCT-MULE-10,ACCT-CONDUIT-41,24101.17,CASH_OUT,1,Smurfing_Structuring
414,AML-TX-01259,ACCT-MULE-24,U-8831,75004.8,TRANSFER,1,Fan_In
285,AML-TX-01260,ACCT-LEGIT-379,ACCT-LEGIT-582,1500.08,CASH_OUT,0,Normal
192,AML-TX-01261,ACCT-LEGIT-493,ACCT-LEGIT-485,1680.75,TRANSFER,0,Normal
531,AML-TX-01262,ACCT-LEGIT-687,ACCT-LEGIT-966,1123.64,TRANSFER,0,Normal
218,AML-TX-01263,ACCT-LEGIT-393,ACCT-LEGIT-328,6274.63,CASH_OUT,0,Normal
701,AML-TX-01264,ACCT-MULE-18,ACCT-CONDUIT-38,35027.48,TRANSFER,1,Fan_Out
348,AML-TX-01265,ACCT-LEGIT-440,ACCT-LEGIT-111,377.44,PAYMENT,0,Normal
569,AML-TX-01266,ACCT-LEGIT-974,ACCT-LEGIT-964,3247.14,PAYMENT,0,Normal
238,AML-TX-01267,ACCT-LEGIT-210,ACCT-LEGIT-880,3340.78,TRANSFER,0,Normal
150,AML-TX-01268,ACCT-LEGIT-499,ACCT-LEGIT-591,706.47,CASH_OUT,0,Normal
164,AML-TX-01269,ACCT-LEGIT-120,ACCT-LEGIT-721,1737.88,CASH_OUT,0,Normal
171,AML-TX-01270,ACCT-MULE-24,ACCT-CONDUIT-31,70788.67,TRANSFER,1,Cycle_Hawala
697,AML-TX-01271,ACCT-LEGIT-571,ACCT-LEGIT-822,8161.91,CASH_OUT,0,Normal
727,AML-TX-01272,ACCT-LEGIT-832,ACCT-LEGIT-216,732.47,PAYMENT,0,Normal
283,AML-TX-01273,ACCT-LEGIT-399,ACCT-LEGIT-260,2045.58,CASH_OUT,0,Normal
274,AML-TX-01274,ACCT-LEGIT-840,ACCT-LEGIT-509,5114.87,CASH_OUT,0,Normal
143,AML-TX-01275,ACCT-LEGIT-152,ACCT-LEGIT-824,9027.96,TRANSFER,0,Normal
391,AML-TX-01276,ACCT-MULE-23,ACCT-CONDUIT-37,24348.97,CASH_OUT,1,Smurfing_Structuring
446,AML-TX-01277,ACCT-LEGIT-554,ACCT-LEGIT-389,587.49,PAYMENT,0,Normal
353,AML-TX-01278,ACCT-MULE-25,ACCT-CONDUIT-48,46495.91,TRANSFER,1,Cycle_Hawala
440,AML-TX-01279,ACCT-LEGIT-369,ACCT-LEGIT-503,172.68,PAYMENT,0,Normal
111,AML-TX-01280,ACCT-LEGIT-409,ACCT-LEGIT-879,608.3,TRANSFER,0,Normal
628,AML-TX-01281,ACCT-LEGIT-891,ACCT-LEGIT-780,853.25,CASH_OUT,0,Normal
381,AML-TX-01282,ACCT-MULE-14,ACCT-CONDUIT-24,69803.64,TRANSFER,1,Fan_Out
58,AML-TX-01283,ACCT-LEGIT-474,ACCT-LEGIT-672,2630.72,TRANSFER,0,Normal
274,AML-TX-01284,ACCT-MULE-22,U-8831,44781.37,TRANSFER,1,Fan_In
177,AML-TX-01285,ACCT-LEGIT-402,ACCT-LEGIT-339,5378.21,TRANSFER,0,Normal
68,AML-TX-01286,ACCT-LEGIT-323,ACCT-LEGIT-491,1037.34,TRANSFER,0,Normal
284,AML-TX-01287,ACCT-LEGIT-954,ACCT-LEGIT-727,2446.27,CASH_OUT,0,Normal
562,AML-TX-01288,ACCT-LEGIT-704,ACCT-LEGIT-226,3007.06,TRANSFER,0,Normal
387,AML-TX-01289,ACCT-LEGIT-905,ACCT-LEGIT-689,6876.78,CASH_OUT,0,Normal
11,AML-TX-01290,ACCT-LEGIT-704,ACCT-LEGIT-327,699.75,CASH_OUT,0,Normal
130,AML-TX-01291,ACCT-MULE-23,ACCT-CONDUIT-12,24541.28,CASH_OUT,1,Smurfing_Structuring
440,AML-TX-01292,ACCT-LEGIT-144,ACCT-LEGIT-980,6103.36,CASH_OUT,0,Normal
542,AML-TX-01293,ACCT-LEGIT-421,ACCT-LEGIT-625,8092.84,TRANSFER,0,Normal
271,AML-TX-01294,ACCT-LEGIT-706,ACCT-LEGIT-486,1008.05,TRANSFER,0,Normal
78,AML-TX-01295,ACCT-MULE-28,ACCT-CONDUIT-11,65256.88,TRANSFER,1,Fan_Out
481,AML-TX-01296,ACCT-LEGIT-349,ACCT-LEGIT-280,1232.22,TRANSFER,0,Normal
356,AML-TX-01297,ACCT-LEGIT-525,ACCT-LEGIT-445,440.34,PAYMENT,0,Normal
16,AML-TX-01298,ACCT-LEGIT-492,ACCT-LEGIT-374,2145.41,CASH_OUT,0,Normal
212,AML-TX-01299,ACCT-LEGIT-446,ACCT-LEGIT-380,1841.79,TRANSFER,0,Normal
389,AML-TX-01300,ACCT-LEGIT-595,ACCT-LEGIT-240,2362.37,PAYMENT,0,Normal
261,AML-TX-01301,ACCT-LEGIT-491,ACCT-LEGIT-784,2340.21,CASH_OUT,0,Normal
341,AML-TX-01302,ACCT-LEGIT-182,ACCT-LEGIT-490,4415.17,CASH_OUT,0,Normal
643,AML-TX-01303,ACCT-LEGIT-157,ACCT-LEGIT-816,994.42,CASH_OUT,0,Normal
28,AML-TX-01304,ACCT-LEGIT-453,ACCT-LEGIT-914,908.36,PAYMENT,0,Normal
677,AML-TX-01305,ACCT-LEGIT-983,ACCT-LEGIT-487,5466.59,PAYMENT,0,Normal
319,AML-TX-01306,ACCT-LEGIT-410,ACCT-LEGIT-648,4203.27,TRANSFER,0,Normal
253,AML-TX-01307,ACCT-MULE-16,ACCT-CONDUIT-30,69985.24,TRANSFER,1,Mule_Layering
400,AML-TX-01308,ACCT-LEGIT-465,ACCT-LEGIT-550,289.07,CASH_OUT,0,Normal
622,AML-TX-01309,ACCT-LEGIT-793,ACCT-LEGIT-321,2277.26,CASH_OUT,0,Normal
66,AML-TX-01310,ACCT-LEGIT-541,ACCT-LEGIT-662,3107.1,PAYMENT,0,Normal
583,AML-TX-01311,ACCT-LEGIT-443,ACCT-LEGIT-647,1234.52,TRANSFER,0,Normal
175,AML-TX-01312,ACCT-LEGIT-216,ACCT-LEGIT-613,5095.72,TRANSFER,0,Normal
376,AML-TX-01313,ACCT-LEGIT-165,ACCT-LEGIT-727,795.87,PAYMENT,0,Normal
201,AML-TX-01314,ACCT-LEGIT-797,ACCT-LEGIT-661,3108.08,TRANSFER,0,Normal
29,AML-TX-01315,ACCT-LEGIT-237,ACCT-LEGIT-277,4059.58,TRANSFER,0,Normal
120,AML-TX-01316,ACCT-LEGIT-758,ACCT-LEGIT-919,1452.87,PAYMENT,0,Normal
732,AML-TX-01317,ACCT-MULE-14,ACCT-CONDUIT-16,48166.17,TRANSFER,1,Mule_Layering
692,AML-TX-01318,ACCT-LEGIT-655,ACCT-LEGIT-724,2738.23,CASH_OUT,0,Normal
151,AML-TX-01319,ACCT-LEGIT-365,ACCT-LEGIT-567,2663.28,TRANSFER,0,Normal
524,AML-TX-01320,ACCT-MULE-20,ACCT-CONDUIT-20,53861.81,TRANSFER,1,Mule_Layering
447,AML-TX-01321,ACCT-LEGIT-511,ACCT-LEGIT-802,970.32,TRANSFER,0,Normal
420,AML-TX-01322,ACCT-MULE-13,ACCT-CONDUIT-39,24377.71,CASH_OUT,1,Smurfing_Structuring
26,AML-TX-01323,ACCT-LEGIT-487,ACCT-LEGIT-982,3884.88,CASH_OUT,0,Normal
568,AML-TX-01324,ACCT-LEGIT-379,ACCT-LEGIT-864,5828.61,TRANSFER,0,Normal
582,AML-TX-01325,ACCT-MULE-16,ACCT-CONDUIT-29,94056.33,TRANSFER,1,Mule_Layering
513,AML-TX-01326,ACCT-LEGIT-487,ACCT-LEGIT-623,1332.32,PAYMENT,0,Normal
55,AML-TX-01327,ACCT-LEGIT-627,ACCT-LEGIT-228,2279.43,TRANSFER,0,Normal
433,AML-TX-01328,ACCT-LEGIT-346,ACCT-LEGIT-875,10836.05,CASH_OUT,0,Normal
277,AML-TX-01329,ACCT-LEGIT-161,ACCT-LEGIT-869,1385.71,PAYMENT,0,Normal
561,AML-TX-01330,ACCT-LEGIT-125,ACCT-LEGIT-356,1504.97,CASH_OUT,0,Normal
653,AML-TX-01331,ACCT-MULE-15,ACCT-CONDUIT-29,24660.41,CASH_OUT,1,Smurfing_Structuring
314,AML-TX-01332,ACCT-LEGIT-695,ACCT-LEGIT-610,9211.47,PAYMENT,0,Normal
674,AML-TX-01333,ACCT-LEGIT-885,ACCT-LEGIT-880,3077.02,PAYMENT,0,Normal
702,AML-TX-01334,ACCT-MULE-21,ACCT-CONDUIT-37,69666.74,TRANSFER,1,Cycle_Hawala
158,AML-TX-01335,ACCT-LEGIT-866,ACCT-LEGIT-228,2923.52,CASH_OUT,0,Normal
284,AML-TX-01336,ACCT-LEGIT-540,ACCT-LEGIT-138,1153.27,CASH_OUT,0,Normal
101,AML-TX-01337,ACCT-LEGIT-678,ACCT-LEGIT-357,12689.71,PAYMENT,0,Normal
171,AML-TX-01338,ACCT-LEGIT-329,ACCT-LEGIT-258,1736.76,CASH_OUT,0,Normal
199,AML-TX-01339,ACCT-LEGIT-164,ACCT-LEGIT-805,3909.71,TRANSFER,0,Normal
569,AML-TX-01340,ACCT-LEGIT-130,ACCT-LEGIT-452,2204.83,TRANSFER,0,Normal
98,AML-TX-01341,ACCT-LEGIT-205,ACCT-LEGIT-308,1175.05,PAYMENT,0,Normal
639,AML-TX-01342,ACCT-LEGIT-492,ACCT-LEGIT-278,657.41,CASH_OUT,0,Normal
309,AML-TX-01343,ACCT-LEGIT-941,ACCT-LEGIT-416,6951.0,PAYMENT,0,Normal
307,AML-TX-01344,ACCT-LEGIT-776,ACCT-LEGIT-947,3079.21,PAYMENT,0,Normal
158,AML-TX-01345,ACCT-LEGIT-759,ACCT-LEGIT-164,372.67,PAYMENT,0,Normal
411,AML-TX-01346,ACCT-LEGIT-283,ACCT-LEGIT-873,2190.43,TRANSFER,0,Normal
467,AML-TX-01347,ACCT-LEGIT-189,ACCT-LEGIT-978,731.7,TRANSFER,0,Normal
423,AML-TX-01348,ACCT-MULE-23,U-8831,42901.62,TRANSFER,1,Fan_In
137,AML-TX-01349,ACCT-LEGIT-408,ACCT-LEGIT-461,865.68,CASH_OUT,0,Normal
496,AML-TX-01350,ACCT-LEGIT-929,ACCT-LEGIT-361,4813.45,PAYMENT,0,Normal
549,AML-TX-01351,ACCT-LEGIT-218,ACCT-LEGIT-584,1645.69,PAYMENT,0,Normal
500,AML-TX-01352,ACCT-LEGIT-862,ACCT-LEGIT-185,4383.46,TRANSFER,0,Normal
391,AML-TX-01353,ACCT-MULE-15,ACCT-CONDUIT-22,71072.46,TRANSFER,1,Fan_Out
208,AML-TX-01354,ACCT-LEGIT-781,ACCT-LEGIT-951,904.74,PAYMENT,0,Normal
136,AML-TX-01355,ACCT-LEGIT-443,ACCT-LEGIT-455,3317.48,PAYMENT,0,Normal
136,AML-TX-01356,ACCT-LEGIT-427,ACCT-LEGIT-831,947.56,TRANSFER,0,Normal
659,AML-TX-01357,ACCT-LEGIT-672,ACCT-LEGIT-998,1841.8,PAYMENT,0,Normal
243,AML-TX-01358,ACCT-LEGIT-607,ACCT-LEGIT-537,660.5,CASH_OUT,0,Normal
184,AML-TX-01359,ACCT-LEGIT-543,ACCT-LEGIT-537,1247.41,TRANSFER,0,Normal
422,AML-TX-01360,ACCT-LEGIT-516,ACCT-LEGIT-289,1127.98,TRANSFER,0,Normal
280,AML-TX-01361,ACCT-LEGIT-787,ACCT-LEGIT-459,1235.7,TRANSFER,0,Normal
704,AML-TX-01362,ACCT-LEGIT-864,ACCT-LEGIT-406,529.34,TRANSFER,0,Normal
457,AML-TX-01363,ACCT-LEGIT-550,ACCT-LEGIT-305,2553.57,CASH_OUT,0,Normal
99,AML-TX-01364,ACCT-LEGIT-157,ACCT-LEGIT-773,2812.01,CASH_OUT,0,Normal
139,AML-TX-01365,ACCT-LEGIT-919,ACCT-LEGIT-506,1928.76,PAYMENT,0,Normal
2,AML-TX-01366,ACCT-LEGIT-696,ACCT-LEGIT-950,2488.08,PAYMENT,0,Normal
478,AML-TX-01367,ACCT-LEGIT-909,ACCT-LEGIT-271,1164.09,TRANSFER,0,Normal
134,AML-TX-01368,ACCT-LEGIT-131,ACCT-LEGIT-409,9147.02,TRANSFER,0,Normal
463,AML-TX-01369,ACCT-LEGIT-493,ACCT-LEGIT-980,1865.63,PAYMENT,0,Normal
701,AML-TX-01370,ACCT-LEGIT-463,ACCT-LEGIT-894,3921.49,CASH_OUT,0,Normal
217,AML-TX-01371,ACCT-LEGIT-124,ACCT-LEGIT-487,1288.0,TRANSFER,0,Normal
417,AML-TX-01372,ACCT-LEGIT-944,ACCT-LEGIT-890,725.97,CASH_OUT,0,Normal
598,AML-TX-01373,ACCT-LEGIT-265,ACCT-LEGIT-580,2906.39,TRANSFER,0,Normal
425,AML-TX-01374,ACCT-LEGIT-760,ACCT-LEGIT-377,1293.88,TRANSFER,0,Normal
343,AML-TX-01375,ACCT-MULE-26,ACCT-CONDUIT-24,78277.97,TRANSFER,1,Mule_Layering
430,AML-TX-01376,ACCT-LEGIT-821,ACCT-LEGIT-477,863.52,CASH_OUT,0,Normal
151,AML-TX-01377,ACCT-LEGIT-949,ACCT-LEGIT-164,163.2,CASH_OUT,0,Normal
573,AML-TX-01378,ACCT-LEGIT-852,ACCT-LEGIT-265,3977.32,CASH_OUT,0,Normal
406,AML-TX-01379,ACCT-LEGIT-899,ACCT-LEGIT-134,2090.78,PAYMENT,0,Normal
672,AML-TX-01380,ACCT-LEGIT-905,ACCT-LEGIT-592,2558.0,PAYMENT,0,Normal
459,AML-TX-01381,ACCT-LEGIT-531,ACCT-LEGIT-709,2130.04,PAYMENT,0,Normal
330,AML-TX-01382,ACCT-LEGIT-705,ACCT-LEGIT-214,3378.21,CASH_OUT,0,Normal
393,AML-TX-01383,ACCT-MULE-29,ACCT-CONDUIT-30,71901.52,TRANSFER,1,Cycle_Hawala
279,AML-TX-01384,ACCT-LEGIT-542,ACCT-LEGIT-613,649.23,CASH_OUT,0,Normal
472,AML-TX-01385,ACCT-LEGIT-440,ACCT-LEGIT-841,282.89,PAYMENT,0,Normal
671,AML-TX-01386,ACCT-LEGIT-882,ACCT-LEGIT-438,1273.52,TRANSFER,0,Normal
101,AML-TX-01387,ACCT-LEGIT-499,ACCT-LEGIT-368,2746.88,PAYMENT,0,Normal
197,AML-TX-01388,ACCT-LEGIT-230,ACCT-LEGIT-457,760.83,PAYMENT,0,Normal
180,AML-TX-01389,ACCT-LEGIT-834,ACCT-LEGIT-501,230.47,PAYMENT,0,Normal
696,AML-TX-01390,ACCT-MULE-18,ACCT-CONDUIT-22,24720.88,CASH_OUT,1,Smurfing_Structuring
320,AML-TX-01391,ACCT-LEGIT-417,ACCT-LEGIT-170,153.62,CASH_OUT,0,Normal
255,AML-TX-01392,ACCT-LEGIT-622,ACCT-LEGIT-484,9744.14,PAYMENT,0,Normal
107,AML-TX-01393,ACCT-MULE-11,ACCT-CONDUIT-46,47505.3,TRANSFER,1,Cycle_Hawala
694,AML-TX-01394,ACCT-LEGIT-105,ACCT-LEGIT-732,960.54,TRANSFER,0,Normal
685,AML-TX-01395,ACCT-LEGIT-388,ACCT-LEGIT-255,4120.94,TRANSFER,0,Normal
490,AML-TX-01396,ACCT-LEGIT-688,ACCT-LEGIT-115,2183.18,TRANSFER,0,Normal
354,AML-TX-01397,ACCT-LEGIT-674,ACCT-LEGIT-632,719.66,CASH_OUT,0,Normal
386,AML-TX-01398,ACCT-MULE-20,ACCT-CONDUIT-27,50716.04,TRANSFER,1,Fan_Out
305,AML-TX-01399,ACCT-LEGIT-409,ACCT-LEGIT-370,6930.0,PAYMENT,0,Normal
418,AML-TX-01400,ACCT-MULE-26,ACCT-CONDUIT-17,24098.09,CASH_OUT,1,Smurfing_Structuring
434,AML-TX-01401,ACCT-LEGIT-208,ACCT-LEGIT-905,3874.51,CASH_OUT,0,Normal
40,AML-TX-01402,ACCT-LEGIT-461,ACCT-LEGIT-188,6110.49,PAYMENT,0,Normal
659,AML-TX-01403,ACCT-LEGIT-208,ACCT-LEGIT-820,11064.45,PAYMENT,0,Normal
322,AML-TX-01404,ACCT-LEGIT-296,ACCT-LEGIT-368,3205.91,PAYMENT,0,Normal
640,AML-TX-01405,ACCT-LEGIT-391,ACCT-LEGIT-424,10221.65,PAYMENT,0,Normal
601,AML-TX-01406,ACCT-LEGIT-134,ACCT-LEGIT-875,485.2,CASH_OUT,0,Normal
591,AML-TX-01407,ACCT-LEGIT-995,ACCT-LEGIT-940,4764.51,TRANSFER,0,Normal
321,AML-TX-01408,ACCT-LEGIT-540,ACCT-LEGIT-446,3814.49,TRANSFER,0,Normal
617,AML-TX-01409,ACCT-LEGIT-801,ACCT-LEGIT-810,3702.81,PAYMENT,0,Normal
652,AML-TX-01410,ACCT-LEGIT-975,ACCT-LEGIT-411,6231.96,PAYMENT,0,Normal
661,AML-TX-01411,ACCT-LEGIT-445,ACCT-LEGIT-605,2729.02,CASH_OUT,0,Normal
683,AML-TX-01412,ACCT-LEGIT-938,ACCT-LEGIT-616,1184.31,CASH_OUT,0,Normal
421,AML-TX-01413,ACCT-LEGIT-599,ACCT-LEGIT-866,3447.56,PAYMENT,0,Normal
253,AML-TX-01414,ACCT-LEGIT-113,ACCT-LEGIT-972,9434.14,CASH_OUT,0,Normal
515,AML-TX-01415,ACCT-MULE-25,ACCT-CONDUIT-42,24078.65,CASH_OUT,1,Smurfing_Structuring
612,AML-TX-01416,ACCT-MULE-23,U-8831,63902.44,TRANSFER,1,Fan_In
181,AML-TX-01417,ACCT-LEGIT-181,ACCT-LEGIT-536,3675.26,TRANSFER,0,Normal
676,AML-TX-01418,ACCT-MULE-19,ACCT-CONDUIT-42,67302.6,TRANSFER,1,Mule_Layering
406,AML-TX-01419,ACCT-LEGIT-822,ACCT-LEGIT-640,574.23,TRANSFER,0,Normal
309,AML-TX-01420,ACCT-LEGIT-404,ACCT-LEGIT-924,868.16,CASH_OUT,0,Normal
25,AML-TX-01421,ACCT-LEGIT-400,ACCT-LEGIT-894,1724.45,CASH_OUT,0,Normal
664,AML-TX-01422,ACCT-LEGIT-687,ACCT-LEGIT-541,922.87,CASH_OUT,0,Normal
60,AML-TX-01423,ACCT-LEGIT-710,ACCT-LEGIT-436,1252.88,PAYMENT,0,Normal
109,AML-TX-01424,ACCT-LEGIT-397,ACCT-LEGIT-551,761.16,TRANSFER,0,Normal
612,AML-TX-01425,ACCT-LEGIT-344,ACCT-LEGIT-296,3065.79,PAYMENT,0,Normal
33,AML-TX-01426,ACCT-LEGIT-684,ACCT-LEGIT-875,1946.61,CASH_OUT,0,Normal
622,AML-TX-01427,ACCT-LEGIT-836,ACCT-LEGIT-858,3594.58,CASH_OUT,0,Normal
609,AML-TX-01428,ACCT-LEGIT-777,ACCT-LEGIT-516,3590.52,CASH_OUT,0,Normal
211,AML-TX-01429,ACCT-MULE-14,ACCT-CONDUIT-43,58880.0,TRANSFER,1,Mule_Layering
637,AML-TX-01430,ACCT-LEGIT-892,ACCT-LEGIT-776,4699.23,CASH_OUT,0,Normal
355,AML-TX-01431,ACCT-LEGIT-449,ACCT-LEGIT-841,901.8,CASH_OUT,0,Normal
419,AML-TX-01432,ACCT-LEGIT-615,ACCT-LEGIT-165,4192.6,CASH_OUT,0,Normal
52,AML-TX-01433,ACCT-LEGIT-498,ACCT-LEGIT-647,4147.42,TRANSFER,0,Normal
57,AML-TX-01434,ACCT-LEGIT-613,ACCT-LEGIT-713,2341.95,CASH_OUT,0,Normal
335,AML-TX-01435,ACCT-MULE-25,ACCT-CONDUIT-45,42389.86,TRANSFER,1,Cycle_Hawala
361,AML-TX-01436,ACCT-LEGIT-691,ACCT-LEGIT-229,2252.44,CASH_OUT,0,Normal
42,AML-TX-01437,ACCT-LEGIT-800,ACCT-LEGIT-868,4496.15,PAYMENT,0,Normal
365,AML-TX-01438,ACCT-LEGIT-454,ACCT-LEGIT-378,3731.9,PAYMENT,0,Normal
418,AML-TX-01439,ACCT-LEGIT-564,ACCT-LEGIT-894,1925.74,PAYMENT,0,Normal
14,AML-TX-01440,ACCT-LEGIT-681,ACCT-LEGIT-965,5194.91,CASH_OUT,0,Normal
144,AML-TX-01441,ACCT-MULE-27,ACCT-CONDUIT-47,85338.38,TRANSFER,1,Mule_Layering
374,AML-TX-01442,ACCT-LEGIT-573,ACCT-LEGIT-171,2215.94,CASH_OUT,0,Normal
413,AML-TX-01443,ACCT-LEGIT-261,ACCT-LEGIT-279,6970.17,TRANSFER,0,Normal
716,AML-TX-01444,ACCT-LEGIT-110,ACCT-LEGIT-390,4728.88,TRANSFER,0,Normal
150,AML-TX-01445,ACCT-LEGIT-488,ACCT-LEGIT-873,2675.97,CASH_OUT,0,Normal
293,AML-TX-01446,ACCT-MULE-25,U-8831,63025.98,TRANSFER,1,Fan_In
424,AML-TX-01447,ACCT-MULE-10,ACCT-CONDUIT-29,64155.39,TRANSFER,1,Fan_Out
464,AML-TX-01448,ACCT-LEGIT-995,ACCT-LEGIT-466,514.69,PAYMENT,0,Normal
33,AML-TX-01449,ACCT-LEGIT-328,ACCT-LEGIT-617,1269.45,CASH_OUT,0,Normal
424,AML-TX-01450,ACCT-LEGIT-793,ACCT-LEGIT-431,2458.79,TRANSFER,0,Normal
541,AML-TX-01451,ACCT-LEGIT-471,ACCT-LEGIT-673,4803.18,PAYMENT,0,Normal
340,AML-TX-01452,ACCT-LEGIT-728,ACCT-LEGIT-323,3040.28,PAYMENT,0,Normal
203,AML-TX-01453,ACCT-LEGIT-477,ACCT-LEGIT-481,1850.51,PAYMENT,0,Normal
388,AML-TX-01454,ACCT-LEGIT-337,ACCT-LEGIT-429,3525.79,CASH_OUT,0,Normal
535,AML-TX-01455,ACCT-MULE-25,ACCT-CONDUIT-40,37952.55,TRANSFER,1,Cycle_Hawala
491,AML-TX-01456,ACCT-MULE-16,ACCT-CONDUIT-31,24031.71,CASH_OUT,1,Smurfing_Structuring
340,AML-TX-01457,ACCT-LEGIT-171,ACCT-LEGIT-960,2343.8,CASH_OUT,0,Normal
181,AML-TX-01458,ACCT-MULE-15,ACCT-CONDUIT-30,89907.36,TRANSFER,1,Mule_Layering
489,AML-TX-01459,ACCT-LEGIT-936,ACCT-LEGIT-469,1754.19,TRANSFER,0,Normal
167,AML-TX-01460,ACCT-LEGIT-816,ACCT-LEGIT-731,2630.3,CASH_OUT,0,Normal
61,AML-TX-01461,ACCT-LEGIT-651,ACCT-LEGIT-981,4055.31,PAYMENT,0,Normal
329,AML-TX-01462,ACCT-LEGIT-364,ACCT-LEGIT-163,3527.91,PAYMENT,0,Normal
268,AML-TX-01463,ACCT-LEGIT-246,ACCT-LEGIT-788,2684.61,PAYMENT,0,Normal
213,AML-TX-01464,ACCT-LEGIT-743,ACCT-LEGIT-890,496.22,CASH_OUT,0,Normal
714,AML-TX-01465,ACCT-MULE-20,U-8831,77274.79,TRANSFER,1,Fan_In
165,AML-TX-01466,ACCT-LEGIT-954,ACCT-LEGIT-892,552.29,PAYMENT,0,Normal
336,AML-TX-01467,ACCT-LEGIT-860,ACCT-LEGIT-862,2414.64,PAYMENT,0,Normal
126,AML-TX-01468,ACCT-LEGIT-365,ACCT-LEGIT-637,348.17,TRANSFER,0,Normal
187,AML-TX-01469,ACCT-LEGIT-470,ACCT-LEGIT-988,2298.35,CASH_OUT,0,Normal
189,AML-TX-01470,ACCT-LEGIT-626,ACCT-LEGIT-822,1092.61,CASH_OUT,0,Normal
365,AML-TX-01471,ACCT-LEGIT-204,ACCT-LEGIT-291,4073.82,TRANSFER,0,Normal
130,AML-TX-01472,ACCT-LEGIT-778,ACCT-LEGIT-691,1708.67,PAYMENT,0,Normal
560,AML-TX-01473,ACCT-LEGIT-882,ACCT-LEGIT-458,16349.05,TRANSFER,0,Normal
505,AML-TX-01474,ACCT-LEGIT-640,ACCT-LEGIT-309,280.72,CASH_OUT,0,Normal
202,AML-TX-01475,ACCT-LEGIT-715,ACCT-LEGIT-687,5342.92,CASH_OUT,0,Normal
330,AML-TX-01476,ACCT-MULE-23,ACCT-CONDUIT-32,79016.83,TRANSFER,1,Mule_Layering
168,AML-TX-01477,ACCT-LEGIT-689,ACCT-LEGIT-560,985.33,TRANSFER,0,Normal
552,AML-TX-01478,ACCT-MULE-20,ACCT-CONDUIT-30,35849.48,TRANSFER,1,Fan_Out
379,AML-TX-01479,ACCT-LEGIT-781,ACCT-LEGIT-932,1969.5,CASH_OUT,0,Normal
433,AML-TX-01480,ACCT-LEGIT-579,ACCT-LEGIT-166,2986.3,TRANSFER,0,Normal
360,AML-TX-01481,ACCT-LEGIT-682,ACCT-LEGIT-710,1241.23,PAYMENT,0,Normal
26,AML-TX-01482,ACCT-LEGIT-639,ACCT-LEGIT-877,3074.46,TRANSFER,0,Normal
733,AML-TX-01483,ACCT-LEGIT-428,ACCT-LEGIT-126,668.03,PAYMENT,0,Normal
226,AML-TX-01484,ACCT-LEGIT-160,ACCT-LEGIT-457,250.55,CASH_OUT,0,Normal
123,AML-TX-01485,ACCT-LEGIT-977,ACCT-LEGIT-429,5889.45,CASH_OUT,0,Normal
84,AML-TX-01486,ACCT-LEGIT-913,ACCT-LEGIT-147,2967.4,CASH_OUT,0,Normal
333,AML-TX-01487,ACCT-LEGIT-397,ACCT-LEGIT-148,4914.64,PAYMENT,0,Normal
404,AML-TX-01488,ACCT-LEGIT-930,ACCT-LEGIT-820,2365.31,CASH_OUT,0,Normal
179,AML-TX-01489,ACCT-MULE-15,ACCT-CONDUIT-47,66008.22,TRANSFER,1,Fan_Out
447,AML-TX-01490,ACCT-MULE-21,ACCT-CONDUIT-19,24432.47,CASH_OUT,1,Smurfing_Structuring
537,AML-TX-01491,ACCT-LEGIT-883,ACCT-LEGIT-880,549.7,TRANSFER,0,Normal
598,AML-TX-01492,ACCT-LEGIT-543,ACCT-LEGIT-446,3889.48,TRANSFER,0,Normal
4,AML-TX-01493,ACCT-LEGIT-420,ACCT-LEGIT-451,1892.05,CASH_OUT,0,Normal
135,AML-TX-01494,ACCT-LEGIT-161,ACCT-LEGIT-776,1488.12,CASH_OUT,0,Normal
286,AML-TX-01495,ACCT-MULE-18,ACCT-CONDUIT-37,73984.17,TRANSFER,1,Mule_Layering
265,AML-TX-01496,ACCT-LEGIT-258,ACCT-LEGIT-177,8320.75,PAYMENT,0,Normal
16,AML-TX-01497,ACCT-LEGIT-899,ACCT-LEGIT-837,1305.59,CASH_OUT,0,Normal
294,AML-TX-01498,ACCT-LEGIT-430,ACCT-LEGIT-716,467.19,CASH_OUT,0,Normal
428,AML-TX-01499,ACCT-LEGIT-535,ACCT-LEGIT-700,2160.57,PAYMENT,0,Normal
604,AML-TX-01500,ACCT-LEGIT-496,ACCT-LEGIT-236,923.73,TRANSFER,0,Normal
206,AML-TX-01501,ACCT-LEGIT-342,ACCT-LEGIT-849,331.43,CASH_OUT,0,Normal
418,AML-TX-01502,ACCT-LEGIT-547,ACCT-LEGIT-361,4676.23,CASH_OUT,0,Normal
246,AML-TX-01503,ACCT-LEGIT-837,ACCT-LEGIT-540,551.26,PAYMENT,0,Normal
481,AML-TX-01504,ACCT-MULE-23,ACCT-CONDUIT-26,24471.27,CASH_OUT,1,Smurfing_Structuring
211,AML-TX-01505,ACCT-LEGIT-951,ACCT-LEGIT-533,175.09,PAYMENT,0,Normal
720,AML-TX-01506,ACCT-LEGIT-675,ACCT-LEGIT-864,3705.07,PAYMENT,0,Normal
452,AML-TX-01507,ACCT-LEGIT-600,ACCT-LEGIT-512,3329.64,CASH_OUT,0,Normal
464,AML-TX-01508,ACCT-MULE-19,ACCT-CONDUIT-30,92728.15,TRANSFER,1,Mule_Layering
380,AML-TX-01509,ACCT-LEGIT-659,ACCT-LEGIT-816,5206.27,TRANSFER,0,Normal
731,AML-TX-01510,ACCT-LEGIT-183,ACCT-LEGIT-591,10736.95,TRANSFER,0,Normal
100,AML-TX-01511,ACCT-MULE-26,ACCT-CONDUIT-40,80183.75,TRANSFER,1,Mule_Layering
401,AML-TX-01512,ACCT-LEGIT-401,ACCT-LEGIT-975,2739.92,PAYMENT,0,Normal
453,AML-TX-01513,ACCT-LEGIT-471,ACCT-LEGIT-726,1963.94,TRANSFER,0,Normal
516,AML-TX-01514,ACCT-LEGIT-973,ACCT-LEGIT-479,2044.18,PAYMENT,0,Normal
533,AML-TX-01515,ACCT-LEGIT-742,ACCT-LEGIT-881,2198.86,PAYMENT,0,Normal
522,AML-TX-01516,ACCT-LEGIT-842,ACCT-LEGIT-307,6680.04,CASH_OUT,0,Normal
61,AML-TX-01517,ACCT-LEGIT-294,ACCT-LEGIT-173,1378.32,TRANSFER,0,Normal
264,AML-TX-01518,ACCT-LEGIT-708,ACCT-LEGIT-449,4123.84,TRANSFER,0,Normal
66,AML-TX-01519,ACCT-MULE-26,ACCT-CONDUIT-26,33880.57,TRANSFER,1,Cycle_Hawala
181,AML-TX-01520,ACCT-MULE-29,ACCT-CONDUIT-44,68261.89,TRANSFER,1,Cycle_Hawala
336,AML-TX-01521,ACCT-LEGIT-909,ACCT-LEGIT-465,408.59,CASH_OUT,0,Normal
257,AML-TX-01522,ACCT-LEGIT-315,ACCT-LEGIT-130,7731.85,PAYMENT,0,Normal
249,AML-TX-01523,ACCT-LEGIT-139,ACCT-LEGIT-258,1842.56,PAYMENT,0,Normal
635,AML-TX-01524,ACCT-LEGIT-316,ACCT-LEGIT-591,633.5,PAYMENT,0,Normal
72,AML-TX-01525,ACCT-LEGIT-957,ACCT-LEGIT-528,2181.83,CASH_OUT,0,Normal
247,AML-TX-01526,ACCT-LEGIT-195,ACCT-LEGIT-426,3387.02,TRANSFER,0,Normal
705,AML-TX-01527,ACCT-LEGIT-546,ACCT-LEGIT-853,5670.97,PAYMENT,0,Normal
705,AML-TX-01528,ACCT-LEGIT-187,ACCT-LEGIT-671,298.52,PAYMENT,0,Normal
550,AML-TX-01529,ACCT-LEGIT-280,ACCT-LEGIT-767,3033.25,PAYMENT,0,Normal
560,AML-TX-01530,ACCT-LEGIT-320,ACCT-LEGIT-758,2352.52,PAYMENT,0,Normal
484,AML-TX-01531,ACCT-MULE-20,ACCT-CONDUIT-12,32772.27,TRANSFER,1,Fan_Out
148,AML-TX-01532,ACCT-LEGIT-876,ACCT-LEGIT-170,2470.17,TRANSFER,0,Normal
442,AML-TX-01533,ACCT-LEGIT-702,ACCT-LEGIT-919,855.13,CASH_OUT,0,Normal
26,AML-TX-01534,ACCT-LEGIT-375,ACCT-LEGIT-700,3146.05,PAYMENT,0,Normal
96,AML-TX-01535,ACCT-LEGIT-573,ACCT-LEGIT-655,3192.09,PAYMENT,0,Normal
291,AML-TX-01536,ACCT-LEGIT-106,ACCT-LEGIT-224,2360.52,TRANSFER,0,Normal
633,AML-TX-01537,ACCT-LEGIT-809,ACCT-LEGIT-165,487.24,TRANSFER,0,Normal
87,AML-TX-01538,ACCT-LEGIT-504,ACCT-LEGIT-518,9581.44,TRANSFER,0,Normal
138,AML-TX-01539,ACCT-LEGIT-246,ACCT-LEGIT-400,906.23,PAYMENT,0,Normal
462,AML-TX-01540,ACCT-LEGIT-505,ACCT-LEGIT-536,2896.97,PAYMENT,0,Normal
655,AML-TX-01541,ACCT-LEGIT-499,ACCT-LEGIT-444,584.73,PAYMENT,0,Normal
195,AML-TX-01542,ACCT-LEGIT-262,ACCT-LEGIT-241,5363.67,TRANSFER,0,Normal
704,AML-TX-01543,ACCT-LEGIT-785,ACCT-LEGIT-539,441.48,PAYMENT,0,Normal
423,AML-TX-01544,ACCT-LEGIT-965,ACCT-LEGIT-813,5222.89,PAYMENT,0,Normal
495,AML-TX-01545,ACCT-LEGIT-795,ACCT-LEGIT-583,4493.34,TRANSFER,0,Normal
405,AML-TX-01546,ACCT-LEGIT-854,ACCT-LEGIT-665,3136.32,PAYMENT,0,Normal
51,AML-TX-01547,ACCT-LEGIT-529,ACCT-LEGIT-555,798.63,CASH_OUT,0,Normal
60,AML-TX-01548,ACCT-LEGIT-932,ACCT-LEGIT-902,1104.78,PAYMENT,0,Normal
720,AML-TX-01549,ACCT-LEGIT-577,ACCT-LEGIT-129,914.85,TRANSFER,0,Normal
407,AML-TX-01550,ACCT-LEGIT-565,ACCT-LEGIT-190,299.24,CASH_OUT,0,Normal
726,AML-TX-01551,ACCT-LEGIT-161,ACCT-LEGIT-211,419.87,TRANSFER,0,Normal
71,AML-TX-01552,ACCT-MULE-19,U-8831,52624.55,TRANSFER,1,Fan_In
713,AML-TX-01553,ACCT-LEGIT-192,ACCT-LEGIT-329,5660.82,TRANSFER,0,Normal
558,AML-TX-01554,ACCT-LEGIT-514,ACCT-LEGIT-401,5516.4,CASH_OUT,0,Normal
258,AML-TX-01555,ACCT-LEGIT-158,ACCT-LEGIT-116,7511.1,TRANSFER,0,Normal
99,AML-TX-01556,ACCT-LEGIT-160,ACCT-LEGIT-826,8648.11,CASH_OUT,0,Normal
74,AML-TX-01557,ACCT-LEGIT-850,ACCT-LEGIT-336,199.32,CASH_OUT,0,Normal
27,AML-TX-01558,ACCT-LEGIT-508,ACCT-LEGIT-689,570.71,CASH_OUT,0,Normal
684,AML-TX-01559,ACCT-LEGIT-409,ACCT-LEGIT-577,1744.57,PAYMENT,0,Normal
107,AML-TX-01560,ACCT-MULE-26,U-8831,69604.36,TRANSFER,1,Fan_In
659,AML-TX-01561,ACCT-LEGIT-927,ACCT-LEGIT-230,5526.06,PAYMENT,0,Normal
60,AML-TX-01562,ACCT-LEGIT-175,ACCT-LEGIT-179,377.19,CASH_OUT,0,Normal
33,AML-TX-01563,ACCT-LEGIT-641,ACCT-LEGIT-843,945.76,CASH_OUT,0,Normal
372,AML-TX-01564,ACCT-LEGIT-584,ACCT-LEGIT-577,3568.41,TRANSFER,0,Normal
53,AML-TX-01565,ACCT-LEGIT-144,ACCT-LEGIT-925,5463.37,TRANSFER,0,Normal
708,AML-TX-01566,ACCT-LEGIT-237,ACCT-LEGIT-897,1028.03,TRANSFER,0,Normal
408,AML-TX-01567,ACCT-LEGIT-538,ACCT-LEGIT-362,367.56,PAYMENT,0,Normal
342,AML-TX-01568,ACCT-LEGIT-302,ACCT-LEGIT-419,2792.3,TRANSFER,0,Normal
496,AML-TX-01569,ACCT-LEGIT-201,ACCT-LEGIT-175,662.67,TRANSFER,0,Normal
739,AML-TX-01570,ACCT-LEGIT-228,ACCT-LEGIT-298,190.73,PAYMENT,0,Normal
250,AML-TX-01571,ACCT-LEGIT-339,ACCT-LEGIT-758,2641.69,TRANSFER,0,Normal
158,AML-TX-01572,ACCT-LEGIT-250,ACCT-LEGIT-586,1983.03,CASH_OUT,0,Normal
275,AML-TX-01573,ACCT-LEGIT-717,ACCT-LEGIT-451,2649.12,PAYMENT,0,Normal
333,AML-TX-01574,ACCT-LEGIT-698,ACCT-LEGIT-303,186.74,CASH_OUT,0,Normal
229,AML-TX-01575,ACCT-LEGIT-258,ACCT-LEGIT-736,734.02,TRANSFER,0,Normal
156,AML-TX-01576,ACCT-LEGIT-285,ACCT-LEGIT-759,987.53,PAYMENT,0,Normal
533,AML-TX-01577,ACCT-LEGIT-264,ACCT-LEGIT-865,3767.83,CASH_OUT,0,Normal
548,AML-TX-01578,ACCT-LEGIT-762,ACCT-LEGIT-229,1333.78,PAYMENT,0,Normal
690,AML-TX-01579,ACCT-LEGIT-942,ACCT-LEGIT-539,2872.45,PAYMENT,0,Normal
87,AML-TX-01580,ACCT-LEGIT-248,ACCT-LEGIT-666,2795.51,CASH_OUT,0,Normal
179,AML-TX-01581,ACCT-LEGIT-922,ACCT-LEGIT-968,6714.1,PAYMENT,0,Normal
359,AML-TX-01582,ACCT-LEGIT-561,ACCT-LEGIT-621,218.96,TRANSFER,0,Normal
312,AML-TX-01583,ACCT-LEGIT-484,ACCT-LEGIT-465,4325.21,TRANSFER,0,Normal
716,AML-TX-01584,ACCT-MULE-24,ACCT-CONDUIT-48,76458.13,TRANSFER,1,Cycle_Hawala
701,AML-TX-01585,ACCT-LEGIT-247,ACCT-LEGIT-889,3569.9,TRANSFER,0,Normal
232,AML-TX-01586,ACCT-LEGIT-750,ACCT-LEGIT-470,5207.81,TRANSFER,0,Normal
469,AML-TX-01587,ACCT-LEGIT-339,ACCT-LEGIT-651,594.21,PAYMENT,0,Normal
339,AML-TX-01588,ACCT-MULE-15,U-8831,61372.34,TRANSFER,1,Fan_In
384,AML-TX-01589,ACCT-LEGIT-177,ACCT-LEGIT-301,1326.11,PAYMENT,0,Normal
544,AML-TX-01590,ACCT-LEGIT-485,ACCT-LEGIT-795,2983.67,TRANSFER,0,Normal
499,AML-TX-01591,ACCT-LEGIT-520,ACCT-LEGIT-248,763.21,PAYMENT,0,Normal
605,AML-TX-01592,ACCT-LEGIT-608,ACCT-LEGIT-703,11575.2,CASH_OUT,0,Normal
454,AML-TX-01593,ACCT-LEGIT-260,ACCT-LEGIT-363,1054.73,PAYMENT,0,Normal
609,AML-TX-01594,ACCT-LEGIT-354,ACCT-LEGIT-372,4324.68,PAYMENT,0,Normal
287,AML-TX-01595,ACCT-LEGIT-432,ACCT-LEGIT-344,1288.7,PAYMENT,0,Normal
127,AML-TX-01596,ACCT-LEGIT-190,ACCT-LEGIT-155,879.63,PAYMENT,0,Normal
219,AML-TX-01597,ACCT-LEGIT-713,ACCT-LEGIT-947,8868.1,PAYMENT,0,Normal
494,AML-TX-01598,ACCT-LEGIT-376,ACCT-LEGIT-401,16878.53,PAYMENT,0,Normal
335,AML-TX-01599,ACCT-LEGIT-579,ACCT-LEGIT-213,416.46,TRANSFER,0,Normal
727,AML-TX-01600,ACCT-LEGIT-139,ACCT-LEGIT-291,3237.67,TRANSFER,0,Normal
166,AML-TX-01601,ACCT-LEGIT-757,ACCT-LEGIT-143,1085.51,CASH_OUT,0,Normal
525,AML-TX-01602,ACCT-LEGIT-786,ACCT-LEGIT-902,3479.29,TRANSFER,0,Normal
262,AML-TX-01603,ACCT-MULE-27,ACCT-CONDUIT-15,66901.35,TRANSFER,1,Mule_Layering
161,AML-TX-01604,ACCT-LEGIT-893,ACCT-LEGIT-365,2021.42,TRANSFER,0,Normal
466,AML-TX-01605,ACCT-MULE-27,U-8831,50153.51,TRANSFER,1,Fan_In
3,AML-TX-01606,ACCT-LEGIT-900,ACCT-LEGIT-170,995.86,CASH_OUT,0,Normal
27,AML-TX-01607,ACCT-LEGIT-345,ACCT-LEGIT-305,6648.44,PAYMENT,0,Normal
231,AML-TX-01608,ACCT-LEGIT-762,ACCT-LEGIT-345,3593.89,CASH_OUT,0,Normal
239,AML-TX-01609,ACCT-MULE-28,U-8831,55580.56,TRANSFER,1,Fan_In
534,AML-TX-01610,ACCT-LEGIT-224,ACCT-LEGIT-844,378.24,TRANSFER,0,Normal
446,AML-TX-01611,ACCT-LEGIT-982,ACCT-LEGIT-714,3161.57,PAYMENT,0,Normal
509,AML-TX-01612,ACCT-MULE-11,ACCT-CONDUIT-42,63246.29,TRANSFER,1,Fan_Out
321,AML-TX-01613,ACCT-MULE-17,ACCT-CONDUIT-35,59403.67,TRANSFER,1,Fan_Out
267,AML-TX-01614,ACCT-MULE-26,U-8831,37079.71,TRANSFER,1,Fan_In
211,AML-TX-01615,ACCT-LEGIT-537,ACCT-LEGIT-539,696.96,TRANSFER,0,Normal
357,AML-TX-01616,ACCT-MULE-27,U-8831,38204.61,TRANSFER,1,Fan_In
427,AML-TX-01617,ACCT-LEGIT-156,ACCT-LEGIT-275,2531.02,CASH_OUT,0,Normal
4,AML-TX-01618,ACCT-LEGIT-279,ACCT-LEGIT-199,4549.08,TRANSFER,0,Normal
479,AML-TX-01619,ACCT-MULE-13,U-8831,62436.04,TRANSFER,1,Fan_In
513,AML-TX-01620,ACCT-LEGIT-199,ACCT-LEGIT-442,2204.72,CASH_OUT,0,Normal
638,AML-TX-01621,ACCT-LEGIT-566,ACCT-LEGIT-609,2298.95,PAYMENT,0,Normal
407,AML-TX-01622,ACCT-LEGIT-298,ACCT-LEGIT-533,1666.82,TRANSFER,0,Normal
512,AML-TX-01623,ACCT-LEGIT-811,ACCT-LEGIT-963,3758.49,TRANSFER,0,Normal
628,AML-TX-01624,ACCT-LEGIT-973,ACCT-LEGIT-902,1033.87,PAYMENT,0,Normal
132,AML-TX-01625,ACCT-LEGIT-886,ACCT-LEGIT-808,3173.5,PAYMENT,0,Normal
490,AML-TX-01626,ACCT-LEGIT-641,ACCT-LEGIT-435,1081.9,TRANSFER,0,Normal
365,AML-TX-01627,ACCT-LEGIT-462,ACCT-LEGIT-144,4721.11,PAYMENT,0,Normal
97,AML-TX-01628,ACCT-LEGIT-297,ACCT-LEGIT-693,7289.12,CASH_OUT,0,Normal
675,AML-TX-01629,ACCT-LEGIT-823,ACCT-LEGIT-231,643.32,CASH_OUT,0,Normal
263,AML-TX-01630,ACCT-LEGIT-240,ACCT-LEGIT-229,2787.77,CASH_OUT,0,Normal
7,AML-TX-01631,ACCT-LEGIT-539,ACCT-LEGIT-786,3573.0,PAYMENT,0,Normal
376,AML-TX-01632,ACCT-LEGIT-349,ACCT-LEGIT-850,2580.94,CASH_OUT,0,Normal
240,AML-TX-01633,ACCT-LEGIT-601,ACCT-LEGIT-579,2445.99,TRANSFER,0,Normal
195,AML-TX-01634,ACCT-LEGIT-394,ACCT-LEGIT-522,5725.55,CASH_OUT,0,Normal
268,AML-TX-01635,ACCT-LEGIT-552,ACCT-LEGIT-299,3076.24,PAYMENT,0,Normal
183,AML-TX-01636,ACCT-LEGIT-720,ACCT-LEGIT-151,641.27,PAYMENT,0,Normal
590,AML-TX-01637,ACCT-LEGIT-577,ACCT-LEGIT-598,733.98,CASH_OUT,0,Normal
604,AML-TX-01638,ACCT-MULE-13,ACCT-CONDUIT-35,65152.8,TRANSFER,1,Fan_Out
454,AML-TX-01639,ACCT-LEGIT-417,ACCT-LEGIT-233,1506.68,PAYMENT,0,Normal
264,AML-TX-01640,ACCT-LEGIT-218,ACCT-LEGIT-359,1067.78,CASH_OUT,0,Normal
125,AML-TX-01641,ACCT-LEGIT-896,ACCT-LEGIT-825,2243.44,TRANSFER,0,Normal
35,AML-TX-01642,ACCT-LEGIT-474,ACCT-LEGIT-674,735.3,TRANSFER,0,Normal
444,AML-TX-01643,ACCT-LEGIT-123,ACCT-LEGIT-204,18457.62,CASH_OUT,0,Normal
289,AML-TX-01644,ACCT-LEGIT-860,ACCT-LEGIT-578,763.93,CASH_OUT,0,Normal
484,AML-TX-01645,ACCT-LEGIT-471,ACCT-LEGIT-462,629.92,PAYMENT,0,Normal
141,AML-TX-01646,ACCT-LEGIT-149,ACCT-LEGIT-774,1364.06,TRANSFER,0,Normal
511,AML-TX-01647,ACCT-LEGIT-814,ACCT-LEGIT-247,2142.94,TRANSFER,0,Normal
338,AML-TX-01648,ACCT-MULE-22,ACCT-CONDUIT-37,75430.09,TRANSFER,1,Fan_Out
120,AML-TX-01649,ACCT-LEGIT-657,ACCT-LEGIT-903,483.13,TRANSFER,0,Normal
679,AML-TX-01650,ACCT-LEGIT-569,ACCT-LEGIT-361,2837.39,PAYMENT,0,Normal
286,AML-TX-01651,ACCT-LEGIT-581,ACCT-LEGIT-730,303.37,CASH_OUT,0,Normal
438,AML-TX-01652,ACCT-LEGIT-277,ACCT-LEGIT-841,262.86,PAYMENT,0,Normal
631,AML-TX-01653,ACCT-LEGIT-837,ACCT-LEGIT-751,326.38,TRANSFER,0,Normal
61,AML-TX-01654,ACCT-LEGIT-141,ACCT-LEGIT-232,800.48,CASH_OUT,0,Normal
180,AML-TX-01655,ACCT-LEGIT-711,ACCT-LEGIT-758,592.79,TRANSFER,0,Normal
624,AML-TX-01656,ACCT-MULE-29,ACCT-CONDUIT-16,24544.71,CASH_OUT,1,Smurfing_Structuring
1,AML-TX-01657,ACCT-MULE-18,ACCT-CONDUIT-44,54066.36,TRANSFER,1,Fan_Out
90,AML-TX-01658,ACCT-LEGIT-301,ACCT-LEGIT-722,10762.54,TRANSFER,0,Normal
443,AML-TX-01659,ACCT-LEGIT-960,ACCT-LEGIT-299,4427.6,TRANSFER,0,Normal
731,AML-TX-01660,ACCT-LEGIT-382,ACCT-LEGIT-470,589.88,PAYMENT,0,Normal
714,AML-TX-01661,ACCT-MULE-17,U-8831,57672.96,TRANSFER,1,Fan_In
446,AML-TX-01662,ACCT-LEGIT-982,ACCT-LEGIT-818,1342.23,TRANSFER,0,Normal
739,AML-TX-01663,ACCT-LEGIT-562,ACCT-LEGIT-420,4190.64,PAYMENT,0,Normal
375,AML-TX-01664,ACCT-MULE-20,ACCT-CONDUIT-35,35187.87,TRANSFER,1,Fan_Out
634,AML-TX-01665,ACCT-LEGIT-451,ACCT-LEGIT-315,3557.99,PAYMENT,0,Normal
36,AML-TX-01666,ACCT-LEGIT-697,ACCT-LEGIT-684,1341.94,CASH_OUT,0,Normal
569,AML-TX-01667,ACCT-LEGIT-226,ACCT-LEGIT-479,11384.23,CASH_OUT,0,Normal
231,AML-TX-01668,ACCT-LEGIT-977,ACCT-LEGIT-641,5657.84,TRANSFER,0,Normal
618,AML-TX-01669,ACCT-LEGIT-641,ACCT-LEGIT-868,2692.46,CASH_OUT,0,Normal
588,AML-TX-01670,ACCT-LEGIT-399,ACCT-LEGIT-552,3880.49,CASH_OUT,0,Normal
719,AML-TX-01671,ACCT-LEGIT-549,ACCT-LEGIT-872,1168.29,CASH_OUT,0,Normal
472,AML-TX-01672,ACCT-LEGIT-124,ACCT-LEGIT-241,2101.89,PAYMENT,0,Normal
346,AML-TX-01673,ACCT-LEGIT-225,ACCT-LEGIT-276,460.1,PAYMENT,0,Normal
397,AML-TX-01674,ACCT-LEGIT-473,ACCT-LEGIT-184,2806.69,CASH_OUT,0,Normal
251,AML-TX-01675,ACCT-LEGIT-370,ACCT-LEGIT-989,5622.53,PAYMENT,0,Normal
523,AML-TX-01676,ACCT-MULE-18,ACCT-CONDUIT-34,24146.61,CASH_OUT,1,Smurfing_Structuring
134,AML-TX-01677,ACCT-LEGIT-276,ACCT-LEGIT-575,301.42,CASH_OUT,0,Normal
73,AML-TX-01678,ACCT-LEGIT-743,ACCT-LEGIT-105,2203.8,PAYMENT,0,Normal
511,AML-TX-01679,ACCT-LEGIT-601,ACCT-LEGIT-658,3647.85,TRANSFER,0,Normal
556,AML-TX-01680,ACCT-LEGIT-281,ACCT-LEGIT-920,1508.18,TRANSFER,0,Normal
399,AML-TX-01681,ACCT-LEGIT-552,ACCT-LEGIT-781,2959.49,CASH_OUT,0,Normal
357,AML-TX-01682,ACCT-LEGIT-277,ACCT-LEGIT-340,199.76,PAYMENT,0,Normal
709,AML-TX-01683,ACCT-LEGIT-568,ACCT-LEGIT-872,574.08,PAYMENT,0,Normal
639,AML-TX-01684,ACCT-LEGIT-323,ACCT-LEGIT-320,308.56,TRANSFER,0,Normal
603,AML-TX-01685,ACCT-LEGIT-108,ACCT-LEGIT-983,10460.22,TRANSFER,0,Normal
650,AML-TX-01686,ACCT-LEGIT-922,ACCT-LEGIT-638,1923.65,TRANSFER,0,Normal
164,AML-TX-01687,ACCT-LEGIT-414,ACCT-LEGIT-524,2216.13,CASH_OUT,0,Normal
504,AML-TX-01688,ACCT-LEGIT-326,ACCT-LEGIT-279,4062.14,CASH_OUT,0,Normal
191,AML-TX-01689,ACCT-LEGIT-628,ACCT-LEGIT-758,1768.0,CASH_OUT,0,Normal
221,AML-TX-01690,ACCT-MULE-26,U-8831,73959.69,TRANSFER,1,Fan_In
74,AML-TX-01691,ACCT-LEGIT-795,ACCT-LEGIT-463,545.8,TRANSFER,0,Normal
28,AML-TX-01692,ACCT-LEGIT-773,ACCT-LEGIT-146,463.3,TRANSFER,0,Normal
719,AML-TX-01693,ACCT-LEGIT-815,ACCT-LEGIT-223,402.08,TRANSFER,0,Normal
637,AML-TX-01694,ACCT-LEGIT-705,ACCT-LEGIT-913,161.48,PAYMENT,0,Normal
529,AML-TX-01695,ACCT-LEGIT-423,ACCT-LEGIT-352,1815.28,TRANSFER,0,Normal
26,AML-TX-01696,ACCT-LEGIT-384,ACCT-LEGIT-233,1012.24,TRANSFER,0,Normal
576,AML-TX-01697,ACCT-MULE-28,ACCT-CONDUIT-35,40274.85,TRANSFER,1,Cycle_Hawala
713,AML-TX-01698,ACCT-LEGIT-736,ACCT-LEGIT-234,552.85,CASH_OUT,0,Normal
592,AML-TX-01699,ACCT-LEGIT-857,ACCT-LEGIT-742,826.69,PAYMENT,0,Normal
306,AML-TX-01700,ACCT-LEGIT-921,ACCT-LEGIT-384,2307.28,TRANSFER,0,Normal
256,AML-TX-01701,ACCT-LEGIT-665,ACCT-LEGIT-754,5036.79,PAYMENT,0,Normal
597,AML-TX-01702,ACCT-LEGIT-945,ACCT-LEGIT-703,2292.7,TRANSFER,0,Normal
448,AML-TX-01703,ACCT-LEGIT-661,ACCT-LEGIT-239,4478.32,CASH_OUT,0,Normal
491,AML-TX-01704,ACCT-LEGIT-948,ACCT-LEGIT-226,214.06,TRANSFER,0,Normal
715,AML-TX-01705,ACCT-LEGIT-310,ACCT-LEGIT-120,3726.5,PAYMENT,0,Normal
716,AML-TX-01706,ACCT-LEGIT-757,ACCT-LEGIT-579,624.32,PAYMENT,0,Normal
322,AML-TX-01707,ACCT-LEGIT-474,ACCT-LEGIT-893,6730.5,CASH_OUT,0,Normal
381,AML-TX-01708,ACCT-LEGIT-267,ACCT-LEGIT-189,6009.88,TRANSFER,0,Normal
295,AML-TX-01709,ACCT-MULE-27,ACCT-CONDUIT-39,48523.48,TRANSFER,1,Mule_Layering
583,AML-TX-01710,ACCT-LEGIT-250,ACCT-LEGIT-919,4035.93,PAYMENT,0,Normal
279,AML-TX-01711,ACCT-LEGIT-177,ACCT-LEGIT-173,9262.27,TRANSFER,0,Normal
94,AML-TX-01712,ACCT-MULE-24,ACCT-CONDUIT-25,78581.67,TRANSFER,1,Fan_Out
329,AML-TX-01713,ACCT-LEGIT-684,ACCT-LEGIT-277,571.96,PAYMENT,0,Normal
1,AML-TX-01714,ACCT-LEGIT-494,ACCT-LEGIT-748,17670.29,TRANSFER,0,Normal
160,AML-TX-01715,ACCT-LEGIT-277,ACCT-LEGIT-136,2154.73,CASH_OUT,0,Normal
689,AML-TX-01716,ACCT-LEGIT-637,ACCT-LEGIT-397,153.84,PAYMENT,0,Normal
511,AML-TX-01717,ACCT-LEGIT-359,ACCT-LEGIT-269,471.59,TRANSFER,0,Normal
81,AML-TX-01718,ACCT-MULE-12,ACCT-CONDUIT-39,24170.2,CASH_OUT,1,Smurfing_Structuring
210,AML-TX-01719,ACCT-MULE-24,ACCT-CONDUIT-16,53411.81,TRANSFER,1,Fan_Out
232,AML-TX-01720,ACCT-LEGIT-620,ACCT-LEGIT-622,374.23,CASH_OUT,0,Normal
567,AML-TX-01721,ACCT-LEGIT-768,ACCT-LEGIT-539,635.44,PAYMENT,0,Normal
441,AML-TX-01722,ACCT-LEGIT-107,ACCT-LEGIT-571,9734.89,CASH_OUT,0,Normal
32,AML-TX-01723,ACCT-LEGIT-151,ACCT-LEGIT-411,6882.72,CASH_OUT,0,Normal
389,AML-TX-01724,ACCT-MULE-21,ACCT-CONDUIT-46,68322.65,TRANSFER,1,Fan_Out
467,AML-TX-01725,ACCT-LEGIT-488,ACCT-LEGIT-230,1045.96,CASH_OUT,0,Normal
392,AML-TX-01726,ACCT-LEGIT-383,ACCT-LEGIT-778,3218.69,CASH_OUT,0,Normal
724,AML-TX-01727,ACCT-LEGIT-467,ACCT-LEGIT-684,2420.43,CASH_OUT,0,Normal
730,AML-TX-01728,ACCT-LEGIT-600,ACCT-LEGIT-192,298.29,CASH_OUT,0,Normal
118,AML-TX-01729,ACCT-LEGIT-754,ACCT-LEGIT-931,1016.73,TRANSFER,0,Normal
577,AML-TX-01730,ACCT-LEGIT-927,ACCT-LEGIT-904,1251.07,TRANSFER,0,Normal
46,AML-TX-01731,ACCT-LEGIT-540,ACCT-LEGIT-509,1897.87,TRANSFER,0,Normal
546,AML-TX-01732,ACCT-LEGIT-481,ACCT-LEGIT-458,476.17,TRANSFER,0,Normal
439,AML-TX-01733,ACCT-LEGIT-396,ACCT-LEGIT-201,3455.32,PAYMENT,0,Normal
156,AML-TX-01734,ACCT-LEGIT-423,ACCT-LEGIT-522,5235.48,CASH_OUT,0,Normal
67,AML-TX-01735,ACCT-LEGIT-973,ACCT-LEGIT-830,3289.18,TRANSFER,0,Normal
652,AML-TX-01736,ACCT-MULE-17,ACCT-CONDUIT-47,24175.52,CASH_OUT,1,Smurfing_Structuring
120,AML-TX-01737,ACCT-LEGIT-520,ACCT-LEGIT-589,3212.46,CASH_OUT,0,Normal
635,AML-TX-01738,ACCT-LEGIT-440,ACCT-LEGIT-890,1595.75,TRANSFER,0,Normal
693,AML-TX-01739,ACCT-LEGIT-691,ACCT-LEGIT-684,16617.72,TRANSFER,0,Normal
405,AML-TX-01740,ACCT-LEGIT-741,ACCT-LEGIT-692,10036.31,PAYMENT,0,Normal
640,AML-TX-01741,ACCT-LEGIT-815,ACCT-LEGIT-943,294.14,CASH_OUT,0,Normal
242,AML-TX-01742,ACCT-LEGIT-487,ACCT-LEGIT-248,730.17,PAYMENT,0,Normal
416,AML-TX-01743,ACCT-LEGIT-367,ACCT-LEGIT-176,2416.9,TRANSFER,0,Normal
526,AML-TX-01744,ACCT-LEGIT-930,ACCT-LEGIT-358,2001.39,PAYMENT,0,Normal
687,AML-TX-01745,ACCT-LEGIT-949,ACCT-LEGIT-935,2272.57,TRANSFER,0,Normal
740,AML-TX-01746,ACCT-LEGIT-630,ACCT-LEGIT-848,314.12,CASH_OUT,0,Normal
132,AML-TX-01747,ACCT-LEGIT-662,ACCT-LEGIT-200,5966.12,TRANSFER,0,Normal
135,AML-TX-01748,ACCT-LEGIT-459,ACCT-LEGIT-484,1684.48,PAYMENT,0,Normal
667,AML-TX-01749,ACCT-LEGIT-445,ACCT-LEGIT-873,508.77,TRANSFER,0,Normal
514,AML-TX-01750,ACCT-LEGIT-551,ACCT-LEGIT-277,2158.81,PAYMENT,0,Normal
578,AML-TX-01751,ACCT-LEGIT-333,ACCT-LEGIT-591,1348.1,PAYMENT,0,Normal
728,AML-TX-01752,ACCT-LEGIT-596,ACCT-LEGIT-496,2141.95,CASH_OUT,0,Normal
280,AML-TX-01753,ACCT-MULE-13,ACCT-CONDUIT-10,64577.31,TRANSFER,1,Mule_Layering
189,AML-TX-01754,ACCT-MULE-18,ACCT-CONDUIT-21,47706.32,TRANSFER,1,Fan_Out
254,AML-TX-01755,ACCT-LEGIT-669,ACCT-LEGIT-861,6380.33,TRANSFER,0,Normal
2,AML-TX-01756,ACCT-LEGIT-693,ACCT-LEGIT-409,891.7,PAYMENT,0,Normal
200,AML-TX-01757,ACCT-LEGIT-799,ACCT-LEGIT-808,2076.57,CASH_OUT,0,Normal
630,AML-TX-01758,ACCT-LEGIT-158,ACCT-LEGIT-431,1927.23,TRANSFER,0,Normal
221,AML-TX-01759,ACCT-LEGIT-991,ACCT-LEGIT-949,219.44,TRANSFER,0,Normal
586,AML-TX-01760,ACCT-LEGIT-808,ACCT-LEGIT-365,353.1,TRANSFER,0,Normal
525,AML-TX-01761,ACCT-LEGIT-388,ACCT-LEGIT-476,177.09,CASH_OUT,0,Normal
127,AML-TX-01762,ACCT-LEGIT-529,ACCT-LEGIT-187,368.94,PAYMENT,0,Normal
444,AML-TX-01763,ACCT-MULE-12,ACCT-CONDUIT-24,39984.14,TRANSFER,1,Fan_Out
647,AML-TX-01764,ACCT-MULE-16,ACCT-CONDUIT-19,24325.43,CASH_OUT,1,Smurfing_Structuring
135,AML-TX-01765,ACCT-MULE-21,U-8831,63878.91,TRANSFER,1,Fan_In
27,AML-TX-01766,ACCT-LEGIT-638,ACCT-LEGIT-492,9141.6,TRANSFER,0,Normal
583,AML-TX-01767,ACCT-LEGIT-990,ACCT-LEGIT-625,1672.96,PAYMENT,0,Normal
333,AML-TX-01768,ACCT-LEGIT-642,ACCT-LEGIT-177,789.24,PAYMENT,0,Normal
319,AML-TX-01769,ACCT-LEGIT-191,ACCT-LEGIT-454,3662.04,CASH_OUT,0,Normal
386,AML-TX-01770,ACCT-MULE-14,ACCT-CONDUIT-34,44085.76,TRANSFER,1,Fan_Out
548,AML-TX-01771,ACCT-LEGIT-158,ACCT-LEGIT-946,2464.12,TRANSFER,0,Normal
738,AML-TX-01772,ACCT-LEGIT-342,ACCT-LEGIT-570,2522.31,PAYMENT,0,Normal
472,AML-TX-01773,ACCT-LEGIT-638,ACCT-LEGIT-312,5051.89,CASH_OUT,0,Normal
269,AML-TX-01774,ACCT-LEGIT-464,ACCT-LEGIT-845,3622.57,CASH_OUT,0,Normal
36,AML-TX-01775,ACCT-LEGIT-278,ACCT-LEGIT-531,1794.83,PAYMENT,0,Normal
449,AML-TX-01776,ACCT-LEGIT-330,ACCT-LEGIT-449,3823.76,TRANSFER,0,Normal
171,AML-TX-01777,ACCT-LEGIT-242,ACCT-LEGIT-453,2532.89,CASH_OUT,0,Normal
181,AML-TX-01778,ACCT-LEGIT-306,ACCT-LEGIT-835,215.48,CASH_OUT,0,Normal
410,AML-TX-01779,ACCT-LEGIT-426,ACCT-LEGIT-810,1498.06,CASH_OUT,0,Normal
36,AML-TX-01780,ACCT-LEGIT-467,ACCT-LEGIT-218,7429.26,PAYMENT,0,Normal
608,AML-TX-01781,ACCT-LEGIT-519,ACCT-LEGIT-247,433.88,TRANSFER,0,Normal
665,AML-TX-01782,ACCT-LEGIT-769,ACCT-LEGIT-739,1794.16,TRANSFER,0,Normal
129,AML-TX-01783,ACCT-LEGIT-153,ACCT-LEGIT-535,242.1,CASH_OUT,0,Normal
12,AML-TX-01784,ACCT-LEGIT-131,ACCT-LEGIT-599,763.7,CASH_OUT,0,Normal
331,AML-TX-01785,ACCT-MULE-20,ACCT-CONDUIT-38,85596.5,TRANSFER,1,Mule_Layering
291,AML-TX-01786,ACCT-MULE-27,ACCT-CONDUIT-24,92938.38,TRANSFER,1,Mule_Layering
201,AML-TX-01787,ACCT-LEGIT-453,ACCT-LEGIT-158,1881.42,CASH_OUT,0,Normal
378,AML-TX-01788,ACCT-LEGIT-253,ACCT-LEGIT-684,1198.59,PAYMENT,0,Normal
173,AML-TX-01789,ACCT-MULE-17,ACCT-CONDUIT-26,60808.14,TRANSFER,1,Cycle_Hawala
458,AML-TX-01790,ACCT-MULE-14,ACCT-CONDUIT-20,24435.67,CASH_OUT,1,Smurfing_Structuring
36,AML-TX-01791,ACCT-LEGIT-590,ACCT-LEGIT-702,6734.82,TRANSFER,0,Normal
369,AML-TX-01792,ACCT-LEGIT-633,ACCT-LEGIT-595,2312.47,TRANSFER,0,Normal
110,AML-TX-01793,ACCT-LEGIT-861,ACCT-LEGIT-831,1163.17,CASH_OUT,0,Normal
201,AML-TX-01794,ACCT-LEGIT-830,ACCT-LEGIT-218,3106.32,CASH_OUT,0,Normal
28,AML-TX-01795,ACCT-LEGIT-228,ACCT-LEGIT-668,3439.7,PAYMENT,0,Normal
369,AML-TX-01796,ACCT-MULE-21,U-8831,30927.45,TRANSFER,1,Fan_In
86,AML-TX-01797,ACCT-MULE-10,ACCT-CONDUIT-48,61419.58,TRANSFER,1,Cycle_Hawala
673,AML-TX-01798,ACCT-LEGIT-258,ACCT-LEGIT-139,869.3,TRANSFER,0,Normal
413,AML-TX-01799,ACCT-LEGIT-255,ACCT-LEGIT-745,1962.68,PAYMENT,0,Normal
141,AML-TX-01800,ACCT-LEGIT-150,ACCT-LEGIT-102,2127.99,TRANSFER,0,Normal
286,AML-TX-01801,ACCT-LEGIT-125,ACCT-LEGIT-567,195.05,TRANSFER,0,Normal
265,AML-TX-01802,ACCT-LEGIT-222,ACCT-LEGIT-695,614.76,CASH_OUT,0,Normal
365,AML-TX-01803,ACCT-LEGIT-227,ACCT-LEGIT-604,4159.58,TRANSFER,0,Normal
98,AML-TX-01804,ACCT-LEGIT-200,ACCT-LEGIT-820,4244.1,PAYMENT,0,Normal
421,AML-TX-01805,ACCT-LEGIT-786,ACCT-LEGIT-831,3060.68,CASH_OUT,0,Normal
139,AML-TX-01806,ACCT-LEGIT-700,ACCT-LEGIT-449,2048.58,CASH_OUT,0,Normal
354,AML-TX-01807,ACCT-LEGIT-471,ACCT-LEGIT-874,1180.03,TRANSFER,0,Normal
186,AML-TX-01808,ACCT-LEGIT-712,ACCT-LEGIT-384,12457.53,CASH_OUT,0,Normal
629,AML-TX-01809,ACCT-LEGIT-200,ACCT-LEGIT-197,423.64,PAYMENT,0,Normal
157,AML-TX-01810,ACCT-LEGIT-978,ACCT-LEGIT-562,449.61,CASH_OUT,0,Normal
246,AML-TX-01811,ACCT-LEGIT-390,ACCT-LEGIT-271,2495.15,TRANSFER,0,Normal
311,AML-TX-01812,ACCT-LEGIT-904,ACCT-LEGIT-503,12970.78,PAYMENT,0,Normal
375,AML-TX-01813,ACCT-LEGIT-703,ACCT-LEGIT-781,3217.67,PAYMENT,0,Normal
409,AML-TX-01814,ACCT-LEGIT-819,ACCT-LEGIT-504,4242.29,TRANSFER,0,Normal
553,AML-TX-01815,ACCT-LEGIT-661,ACCT-LEGIT-213,1482.82,PAYMENT,0,Normal
733,AML-TX-01816,ACCT-MULE-22,ACCT-CONDUIT-21,49875.1,TRANSFER,1,Fan_Out
427,AML-TX-01817,ACCT-LEGIT-908,ACCT-LEGIT-798,2068.29,TRANSFER,0,Normal
154,AML-TX-01818,ACCT-LEGIT-772,ACCT-LEGIT-316,1460.01,TRANSFER,0,Normal
268,AML-TX-01819,ACCT-LEGIT-188,ACCT-LEGIT-554,4153.68,TRANSFER,0,Normal
541,AML-TX-01820,ACCT-MULE-14,ACCT-CONDUIT-22,24674.11,CASH_OUT,1,Smurfing_Structuring
703,AML-TX-01821,ACCT-LEGIT-408,ACCT-LEGIT-998,1225.1,TRANSFER,0,Normal
157,AML-TX-01822,ACCT-LEGIT-906,ACCT-LEGIT-574,293.96,PAYMENT,0,Normal
583,AML-TX-01823,ACCT-MULE-14,ACCT-CONDUIT-22,24204.33,CASH_OUT,1,Smurfing_Structuring
217,AML-TX-01824,ACCT-LEGIT-679,ACCT-LEGIT-998,946.26,PAYMENT,0,Normal
667,AML-TX-01825,ACCT-LEGIT-478,ACCT-LEGIT-666,384.16,PAYMENT,0,Normal
537,AML-TX-01826,ACCT-LEGIT-494,ACCT-LEGIT-309,4549.99,TRANSFER,0,Normal
151,AML-TX-01827,ACCT-LEGIT-848,ACCT-LEGIT-514,1447.82,TRANSFER,0,Normal
75,AML-TX-01828,ACCT-LEGIT-616,ACCT-LEGIT-711,1571.71,PAYMENT,0,Normal
531,AML-TX-01829,ACCT-LEGIT-200,ACCT-LEGIT-497,6356.9,CASH_OUT,0,Normal
471,AML-TX-01830,ACCT-LEGIT-220,ACCT-LEGIT-723,1324.6,TRANSFER,0,Normal
335,AML-TX-01831,ACCT-LEGIT-751,ACCT-LEGIT-440,1163.58,TRANSFER,0,Normal
266,AML-TX-01832,ACCT-LEGIT-699,ACCT-LEGIT-931,797.15,PAYMENT,0,Normal
288,AML-TX-01833,ACCT-LEGIT-328,ACCT-LEGIT-816,996.85,PAYMENT,0,Normal
219,AML-TX-01834,ACCT-LEGIT-251,ACCT-LEGIT-557,1665.1,PAYMENT,0,Normal
739,AML-TX-01835,ACCT-LEGIT-728,ACCT-LEGIT-266,1244.59,PAYMENT,0,Normal
131,AML-TX-01836,ACCT-MULE-20,ACCT-CONDUIT-13,66089.81,TRANSFER,1,Cycle_Hawala
681,AML-TX-01837,ACCT-LEGIT-649,ACCT-LEGIT-311,4732.89,CASH_OUT,0,Normal
389,AML-TX-01838,ACCT-MULE-25,ACCT-CONDUIT-30,33323.42,TRANSFER,1,Cycle_Hawala
39,AML-TX-01839,ACCT-LEGIT-944,ACCT-LEGIT-576,1722.54,CASH_OUT,0,Normal
71,AML-TX-01840,ACCT-LEGIT-518,ACCT-LEGIT-865,2138.42,CASH_OUT,0,Normal
453,AML-TX-01841,ACCT-MULE-27,ACCT-CONDUIT-10,37676.25,TRANSFER,1,Fan_Out
732,AML-TX-01842,ACCT-LEGIT-303,ACCT-LEGIT-925,640.91,PAYMENT,0,Normal
710,AML-TX-01843,ACCT-LEGIT-484,ACCT-LEGIT-200,3606.39,PAYMENT,0,Normal
632,AML-TX-01844,ACCT-LEGIT-532,ACCT-LEGIT-901,4182.28,PAYMENT,0,Normal
734,AML-TX-01845,ACCT-LEGIT-272,ACCT-LEGIT-925,1745.21,PAYMENT,0,Normal
332,AML-TX-01846,ACCT-LEGIT-308,ACCT-LEGIT-872,433.09,CASH_OUT,0,Normal
685,AML-TX-01847,ACCT-LEGIT-155,ACCT-LEGIT-254,9572.38,TRANSFER,0,Normal
212,AML-TX-01848,ACCT-LEGIT-115,ACCT-LEGIT-410,9503.16,CASH_OUT,0,Normal
526,AML-TX-01849,ACCT-LEGIT-893,ACCT-LEGIT-475,6226.98,CASH_OUT,0,Normal
430,AML-TX-01850,ACCT-MULE-23,ACCT-CONDUIT-17,51295.99,TRANSFER,1,Cycle_Hawala
141,AML-TX-01851,ACCT-MULE-29,ACCT-CONDUIT-48,24514.47,CASH_OUT,1,Smurfing_Structuring
176,AML-TX-01852,ACCT-LEGIT-795,ACCT-LEGIT-338,2766.25,PAYMENT,0,Normal
477,AML-TX-01853,ACCT-LEGIT-774,ACCT-LEGIT-304,1774.75,CASH_OUT,0,Normal
139,AML-TX-01854,ACCT-MULE-10,ACCT-CONDUIT-15,59533.61,TRANSFER,1,Mule_Layering
272,AML-TX-01855,ACCT-LEGIT-581,ACCT-LEGIT-926,247.4,CASH_OUT,0,Normal
141,AML-TX-01856,ACCT-LEGIT-443,ACCT-LEGIT-832,5391.27,TRANSFER,0,Normal
540,AML-TX-01857,ACCT-LEGIT-921,ACCT-LEGIT-216,1443.7,TRANSFER,0,Normal
623,AML-TX-01858,ACCT-LEGIT-141,ACCT-LEGIT-813,5760.38,TRANSFER,0,Normal
96,AML-TX-01859,ACCT-LEGIT-919,ACCT-LEGIT-578,1099.4,PAYMENT,0,Normal
609,AML-TX-01860,ACCT-LEGIT-537,ACCT-LEGIT-824,5248.92,PAYMENT,0,Normal
157,AML-TX-01861,ACCT-LEGIT-668,ACCT-LEGIT-852,1141.37,CASH_OUT,0,Normal
734,AML-TX-01862,ACCT-LEGIT-155,ACCT-LEGIT-879,6348.56,PAYMENT,0,Normal
613,AML-TX-01863,ACCT-LEGIT-147,ACCT-LEGIT-335,919.87,CASH_OUT,0,Normal
519,AML-TX-01864,ACCT-LEGIT-843,ACCT-LEGIT-920,4107.99,PAYMENT,0,Normal
548,AML-TX-01865,ACCT-LEGIT-388,ACCT-LEGIT-980,7540.33,TRANSFER,0,Normal
154,AML-TX-01866,ACCT-LEGIT-865,ACCT-LEGIT-390,758.62,CASH_OUT,0,Normal
611,AML-TX-01867,ACCT-LEGIT-369,ACCT-LEGIT-252,4678.68,PAYMENT,0,Normal
173,AML-TX-01868,ACCT-LEGIT-663,ACCT-LEGIT-894,10657.23,TRANSFER,0,Normal
47,AML-TX-01869,ACCT-LEGIT-564,ACCT-LEGIT-197,4800.39,TRANSFER,0,Normal
121,AML-TX-01870,ACCT-LEGIT-370,ACCT-LEGIT-864,3437.71,PAYMENT,0,Normal
604,AML-TX-01871,ACCT-LEGIT-967,ACCT-LEGIT-370,769.12,TRANSFER,0,Normal
215,AML-TX-01872,ACCT-LEGIT-571,ACCT-LEGIT-427,1094.01,TRANSFER,0,Normal
267,AML-TX-01873,ACCT-MULE-23,ACCT-CONDUIT-35,79754.88,TRANSFER,1,Fan_Out
244,AML-TX-01874,ACCT-LEGIT-258,ACCT-LEGIT-854,934.15,CASH_OUT,0,Normal
590,AML-TX-01875,ACCT-LEGIT-886,ACCT-LEGIT-464,2215.13,PAYMENT,0,Normal
711,AML-TX-01876,ACCT-LEGIT-483,ACCT-LEGIT-101,510.12,CASH_OUT,0,Normal
49,AML-TX-01877,ACCT-MULE-24,ACCT-CONDUIT-44,76648.46,TRANSFER,1,Mule_Layering
81,AML-TX-01878,ACCT-LEGIT-696,ACCT-LEGIT-396,4848.76,CASH_OUT,0,Normal
634,AML-TX-01879,ACCT-LEGIT-584,ACCT-LEGIT-137,967.77,PAYMENT,0,Normal
445,AML-TX-01880,ACCT-LEGIT-173,ACCT-LEGIT-972,645.39,CASH_OUT,0,Normal
417,AML-TX-01881,ACCT-LEGIT-257,ACCT-LEGIT-169,1151.29,PAYMENT,0,Normal
333,AML-TX-01882,ACCT-MULE-12,ACCT-CONDUIT-20,67316.61,TRANSFER,1,Mule_Layering
601,AML-TX-01883,ACCT-LEGIT-824,ACCT-LEGIT-558,2204.52,PAYMENT,0,Normal
272,AML-TX-01884,ACCT-MULE-24,U-8831,56234.66,TRANSFER,1,Fan_In
591,AML-TX-01885,ACCT-LEGIT-858,ACCT-LEGIT-303,2567.34,CASH_OUT,0,Normal
592,AML-TX-01886,ACCT-LEGIT-911,ACCT-LEGIT-278,828.15,TRANSFER,0,Normal
657,AML-TX-01887,ACCT-MULE-13,ACCT-CONDUIT-16,57392.8,TRANSFER,1,Fan_Out
447,AML-TX-01888,ACCT-LEGIT-949,ACCT-LEGIT-911,204.51,PAYMENT,0,Normal
401,AML-TX-01889,ACCT-LEGIT-809,ACCT-LEGIT-802,2371.28,CASH_OUT,0,Normal
493,AML-TX-01890,ACCT-MULE-10,ACCT-CONDUIT-17,46237.11,TRANSFER,1,Fan_Out
114,AML-TX-01891,ACCT-MULE-26,ACCT-CONDUIT-12,49226.48,TRANSFER,1,Cycle_Hawala
399,AML-TX-01892,ACCT-LEGIT-262,ACCT-LEGIT-231,3792.11,TRANSFER,0,Normal
248,AML-TX-01893,ACCT-LEGIT-424,ACCT-LEGIT-808,450.72,TRANSFER,0,Normal
72,AML-TX-01894,ACCT-LEGIT-557,ACCT-LEGIT-797,6792.35,CASH_OUT,0,Normal
266,AML-TX-01895,ACCT-LEGIT-871,ACCT-LEGIT-758,1992.86,CASH_OUT,0,Normal
130,AML-TX-01896,ACCT-LEGIT-346,ACCT-LEGIT-973,2977.42,TRANSFER,0,Normal
56,AML-TX-01897,ACCT-MULE-19,ACCT-CONDUIT-33,87408.04,TRANSFER,1,Mule_Layering
544,AML-TX-01898,ACCT-LEGIT-911,ACCT-LEGIT-665,510.99,TRANSFER,0,Normal
552,AML-TX-01899,ACCT-LEGIT-408,ACCT-LEGIT-206,3068.9,CASH_OUT,0,Normal
110,AML-TX-01900,ACCT-LEGIT-106,ACCT-LEGIT-409,3424.23,PAYMENT,0,Normal
407,AML-TX-01901,ACCT-LEGIT-795,ACCT-LEGIT-840,2844.06,PAYMENT,0,Normal
333,AML-TX-01902,ACCT-LEGIT-295,ACCT-LEGIT-833,1830.01,TRANSFER,0,Normal
716,AML-TX-01903,ACCT-LEGIT-355,ACCT-LEGIT-751,1106.16,PAYMENT,0,Normal
581,AML-TX-01904,ACCT-LEGIT-377,ACCT-LEGIT-922,5709.75,PAYMENT,0,Normal
210,AML-TX-01905,ACCT-LEGIT-948,ACCT-LEGIT-548,2277.07,PAYMENT,0,Normal
699,AML-TX-01906,ACCT-LEGIT-277,ACCT-LEGIT-617,429.45,PAYMENT,0,Normal
230,AML-TX-01907,ACCT-LEGIT-411,ACCT-LEGIT-813,439.45,CASH_OUT,0,Normal
303,AML-TX-01908,ACCT-MULE-17,ACCT-CONDUIT-21,33611.66,TRANSFER,1,Fan_Out
445,AML-TX-01909,ACCT-LEGIT-277,ACCT-LEGIT-503,4641.98,CASH_OUT,0,Normal
124,AML-TX-01910,ACCT-LEGIT-627,ACCT-LEGIT-834,239.35,CASH_OUT,0,Normal
481,AML-TX-01911,ACCT-MULE-15,ACCT-CONDUIT-36,24939.13,CASH_OUT,1,Smurfing_Structuring
400,AML-TX-01912,ACCT-LEGIT-803,ACCT-LEGIT-483,1520.73,CASH_OUT,0,Normal
494,AML-TX-01913,ACCT-LEGIT-791,ACCT-LEGIT-391,308.48,PAYMENT,0,Normal
369,AML-TX-01914,ACCT-LEGIT-660,ACCT-LEGIT-676,1103.74,PAYMENT,0,Normal
470,AML-TX-01915,ACCT-LEGIT-180,ACCT-LEGIT-455,188.05,PAYMENT,0,Normal
330,AML-TX-01916,ACCT-LEGIT-769,ACCT-LEGIT-634,2234.4,CASH_OUT,0,Normal
567,AML-TX-01917,ACCT-MULE-19,ACCT-CONDUIT-38,62529.41,TRANSFER,1,Cycle_Hawala
2,AML-TX-01918,ACCT-MULE-16,ACCT-CONDUIT-23,53694.44,TRANSFER,1,Mule_Layering
674,AML-TX-01919,ACCT-LEGIT-158,ACCT-LEGIT-984,1109.17,TRANSFER,0,Normal
565,AML-TX-01920,ACCT-LEGIT-924,ACCT-LEGIT-968,168.89,PAYMENT,0,Normal
267,AML-TX-01921,ACCT-LEGIT-934,ACCT-LEGIT-420,4685.3,CASH_OUT,0,Normal
391,AML-TX-01922,ACCT-LEGIT-205,ACCT-LEGIT-176,4418.14,PAYMENT,0,Normal
171,AML-TX-01923,ACCT-MULE-28,ACCT-CONDUIT-19,24214.91,CASH_OUT,1,Smurfing_Structuring
87,AML-TX-01924,ACCT-LEGIT-767,ACCT-LEGIT-173,1501.24,CASH_OUT,0,Normal
576,AML-TX-01925,ACCT-LEGIT-581,ACCT-LEGIT-136,1843.73,TRANSFER,0,Normal
31,AML-TX-01926,ACCT-LEGIT-891,ACCT-LEGIT-773,451.15,PAYMENT,0,Normal
652,AML-TX-01927,ACCT-LEGIT-991,ACCT-LEGIT-426,195.51,TRANSFER,0,Normal
731,AML-TX-01928,ACCT-LEGIT-842,ACCT-LEGIT-346,2789.41,CASH_OUT,0,Normal
256,AML-TX-01929,ACCT-LEGIT-653,ACCT-LEGIT-207,2917.77,PAYMENT,0,Normal
611,AML-TX-01930,ACCT-LEGIT-215,ACCT-LEGIT-805,15745.08,PAYMENT,0,Normal
707,AML-TX-01931,ACCT-LEGIT-710,ACCT-LEGIT-372,1559.77,TRANSFER,0,Normal
522,AML-TX-01932,ACCT-MULE-14,ACCT-CONDUIT-33,24015.62,CASH_OUT,1,Smurfing_Structuring
616,AML-TX-01933,ACCT-MULE-24,ACCT-CONDUIT-48,24543.02,CASH_OUT,1,Smurfing_Structuring
39,AML-TX-01934,ACCT-LEGIT-902,ACCT-LEGIT-506,1780.77,TRANSFER,0,Normal
320,AML-TX-01935,ACCT-LEGIT-829,ACCT-LEGIT-373,702.44,TRANSFER,0,Normal
293,AML-TX-01936,ACCT-LEGIT-993,ACCT-LEGIT-291,1447.56,TRANSFER,0,Normal
420,AML-TX-01937,ACCT-LEGIT-270,ACCT-LEGIT-990,589.23,CASH_OUT,0,Normal
657,AML-TX-01938,ACCT-LEGIT-707,ACCT-LEGIT-275,774.32,CASH_OUT,0,Normal
344,AML-TX-01939,ACCT-LEGIT-452,ACCT-LEGIT-749,3261.55,TRANSFER,0,Normal
379,AML-TX-01940,ACCT-LEGIT-184,ACCT-LEGIT-830,2817.14,CASH_OUT,0,Normal
681,AML-TX-01941,ACCT-LEGIT-763,ACCT-LEGIT-332,415.04,TRANSFER,0,Normal
623,AML-TX-01942,ACCT-LEGIT-427,ACCT-LEGIT-691,5092.34,CASH_OUT,0,Normal
559,AML-TX-01943,ACCT-LEGIT-135,ACCT-LEGIT-255,3256.57,TRANSFER,0,Normal
231,AML-TX-01944,ACCT-LEGIT-410,ACCT-LEGIT-111,1980.91,PAYMENT,0,Normal
610,AML-TX-01945,ACCT-LEGIT-355,ACCT-LEGIT-349,5100.08,PAYMENT,0,Normal
495,AML-TX-01946,ACCT-LEGIT-567,ACCT-LEGIT-941,4264.75,TRANSFER,0,Normal
169,AML-TX-01947,ACCT-LEGIT-624,ACCT-LEGIT-600,8322.51,TRANSFER,0,Normal
373,AML-TX-01948,ACCT-LEGIT-510,ACCT-LEGIT-762,439.22,CASH_OUT,0,Normal
351,AML-TX-01949,ACCT-LEGIT-908,ACCT-LEGIT-534,5284.92,TRANSFER,0,Normal
1,AML-TX-01950,ACCT-LEGIT-809,ACCT-LEGIT-522,1778.59,CASH_OUT,0,Normal
521,AML-TX-01951,ACCT-MULE-25,ACCT-CONDUIT-14,77081.7,TRANSFER,1,Mule_Layering
202,AML-TX-01952,ACCT-LEGIT-260,ACCT-LEGIT-822,1129.97,PAYMENT,0,Normal
383,AML-TX-01953,ACCT-LEGIT-182,ACCT-LEGIT-936,1255.82,TRANSFER,0,Normal
239,AML-TX-01954,ACCT-LEGIT-607,ACCT-LEGIT-514,695.86,CASH_OUT,0,Normal
633,AML-TX-01955,ACCT-LEGIT-688,ACCT-LEGIT-431,4230.55,PAYMENT,0,Normal
420,AML-TX-01956,ACCT-MULE-15,U-8831,30136.68,TRANSFER,1,Fan_In
454,AML-TX-01957,ACCT-LEGIT-256,ACCT-LEGIT-948,8479.63,CASH_OUT,0,Normal
559,AML-TX-01958,ACCT-LEGIT-450,ACCT-LEGIT-328,1921.73,PAYMENT,0,Normal
176,AML-TX-01959,ACCT-MULE-17,U-8831,62684.69,TRANSFER,1,Fan_In
560,AML-TX-01960,ACCT-MULE-23,ACCT-CONDUIT-25,91981.07,TRANSFER,1,Mule_Layering
381,AML-TX-01961,ACCT-LEGIT-299,ACCT-LEGIT-380,3761.08,CASH_OUT,0,Normal
612,AML-TX-01962,ACCT-LEGIT-710,ACCT-LEGIT-398,2560.54,PAYMENT,0,Normal
538,AML-TX-01963,ACCT-LEGIT-661,ACCT-LEGIT-377,1413.62,TRANSFER,0,Normal
691,AML-TX-01964,ACCT-LEGIT-736,ACCT-LEGIT-620,744.45,TRANSFER,0,Normal
232,AML-TX-01965,ACCT-LEGIT-491,ACCT-LEGIT-745,3478.41,CASH_OUT,0,Normal
28,AML-TX-01966,ACCT-LEGIT-621,ACCT-LEGIT-638,7031.52,CASH_OUT,0,Normal
656,AML-TX-01967,ACCT-LEGIT-988,ACCT-LEGIT-191,2769.79,PAYMENT,0,Normal
213,AML-TX-01968,ACCT-LEGIT-899,ACCT-LEGIT-853,3323.47,TRANSFER,0,Normal
570,AML-TX-01969,ACCT-LEGIT-223,ACCT-LEGIT-314,4705.84,TRANSFER,0,Normal
205,AML-TX-01970,ACCT-LEGIT-731,ACCT-LEGIT-376,617.1,CASH_OUT,0,Normal
414,AML-TX-01971,ACCT-LEGIT-655,ACCT-LEGIT-328,1682.25,TRANSFER,0,Normal
501,AML-TX-01972,ACCT-LEGIT-322,ACCT-LEGIT-771,2061.46,PAYMENT,0,Normal
315,AML-TX-01973,ACCT-LEGIT-203,ACCT-LEGIT-852,479.44,CASH_OUT,0,Normal
150,AML-TX-01974,ACCT-LEGIT-399,ACCT-LEGIT-924,4189.26,TRANSFER,0,Normal
495,AML-TX-01975,ACCT-LEGIT-594,ACCT-LEGIT-419,1278.68,PAYMENT,0,Normal
240,AML-TX-01976,ACCT-MULE-15,ACCT-CONDUIT-39,75247.67,TRANSFER,1,Cycle_Hawala
242,AML-TX-01977,ACCT-LEGIT-284,ACCT-LEGIT-997,1108.61,TRANSFER,0,Normal
194,AML-TX-01978,ACCT-MULE-25,U-8831,54211.53,TRANSFER,1,Fan_In
613,AML-TX-01979,ACCT-LEGIT-351,ACCT-LEGIT-687,658.18,PAYMENT,0,Normal
302,AML-TX-01980,ACCT-LEGIT-757,ACCT-LEGIT-707,2544.49,TRANSFER,0,Normal
555,AML-TX-01981,ACCT-LEGIT-323,ACCT-LEGIT-567,3983.22,CASH_OUT,0,Normal
193,AML-TX-01982,ACCT-LEGIT-993,ACCT-LEGIT-315,4276.86,PAYMENT,0,Normal
55,AML-TX-01983,ACCT-LEGIT-525,ACCT-LEGIT-399,4404.35,PAYMENT,0,Normal
466,AML-TX-01984,ACCT-LEGIT-109,ACCT-LEGIT-487,7713.85,TRANSFER,0,Normal
282,AML-TX-01985,ACCT-LEGIT-263,ACCT-LEGIT-221,2465.63,PAYMENT,0,Normal
466,AML-TX-01986,ACCT-LEGIT-887,ACCT-LEGIT-504,3434.47,CASH_OUT,0,Normal
564,AML-TX-01987,ACCT-LEGIT-708,ACCT-LEGIT-272,4877.72,PAYMENT,0,Normal
364,AML-TX-01988,ACCT-LEGIT-194,ACCT-LEGIT-152,1521.83,TRANSFER,0,Normal
421,AML-TX-01989,ACCT-LEGIT-391,ACCT-LEGIT-632,509.77,PAYMENT,0,Normal
634,AML-TX-01990,ACCT-LEGIT-717,ACCT-LEGIT-752,802.77,PAYMENT,0,Normal
593,AML-TX-01991,ACCT-LEGIT-190,ACCT-LEGIT-503,1372.55,PAYMENT,0,Normal
125,AML-TX-01992,ACCT-LEGIT-780,ACCT-LEGIT-830,426.35,CASH_OUT,0,Normal
275,AML-TX-01993,ACCT-LEGIT-502,ACCT-LEGIT-185,3539.61,CASH_OUT,0,Normal
492,AML-TX-01994,ACCT-LEGIT-285,ACCT-LEGIT-388,3411.5,TRANSFER,0,Normal
94,AML-TX-01995,ACCT-MULE-20,ACCT-CONDUIT-14,64919.1,TRANSFER,1,Mule_Layering
689,AML-TX-01996,ACCT-LEGIT-858,ACCT-LEGIT-379,11159.02,CASH_OUT,0,Normal
690,AML-TX-01997,ACCT-LEGIT-158,ACCT-LEGIT-757,4265.24,CASH_OUT,0,Normal
369,AML-TX-01998,ACCT-LEGIT-268,ACCT-LEGIT-289,2080.71,TRANSFER,0,Normal
651,AML-TX-01999,ACCT-LEGIT-781,ACCT-LEGIT-247,4215.37,PAYMENT,0,Normal
601,AML-TX-02000,ACCT-LEGIT-330,ACCT-LEGIT-210,523.81,TRANSFER,0,Normal
396,AML-TX-02001,ACCT-LEGIT-756,ACCT-LEGIT-703,2649.78,TRANSFER,0,Normal
242,AML-TX-02002,ACCT-LEGIT-981,ACCT-LEGIT-329,152.7,CASH_OUT,0,Normal
190,AML-TX-02003,ACCT-LEGIT-701,ACCT-LEGIT-252,14826.37,CASH_OUT,0,Normal
7,AML-TX-02004,ACCT-LEGIT-961,ACCT-LEGIT-726,736.14,TRANSFER,0,Normal
108,AML-TX-02005,ACCT-LEGIT-822,ACCT-LEGIT-743,2252.99,TRANSFER,0,Normal
182,AML-TX-02006,ACCT-LEGIT-856,ACCT-LEGIT-647,4573.11,PAYMENT,0,Normal
428,AML-TX-02007,ACCT-LEGIT-948,ACCT-LEGIT-101,4391.75,CASH_OUT,0,Normal
38,AML-TX-02008,ACCT-LEGIT-186,ACCT-LEGIT-805,1566.48,CASH_OUT,0,Normal
245,AML-TX-02009,ACCT-MULE-19,U-8831,57946.1,TRANSFER,1,Fan_In
575,AML-TX-02010,ACCT-LEGIT-763,ACCT-LEGIT-712,732.84,CASH_OUT,0,Normal
224,AML-TX-02011,ACCT-LEGIT-106,ACCT-LEGIT-995,2503.07,TRANSFER,0,Normal
67,AML-TX-02012,ACCT-LEGIT-833,ACCT-LEGIT-478,3294.57,TRANSFER,0,Normal
399,AML-TX-02013,ACCT-MULE-21,U-8831,77910.64,TRANSFER,1,Fan_In
520,AML-TX-02014,ACCT-LEGIT-241,ACCT-LEGIT-816,4977.12,PAYMENT,0,Normal
159,AML-TX-02015,ACCT-MULE-24,ACCT-CONDUIT-26,66935.64,TRANSFER,1,Cycle_Hawala
118,AML-TX-02016,ACCT-MULE-10,ACCT-CONDUIT-36,59129.08,TRANSFER,1,Fan_Out
34,AML-TX-02017,ACCT-LEGIT-499,ACCT-LEGIT-885,2497.02,CASH_OUT,0,Normal
278,AML-TX-02018,ACCT-LEGIT-335,ACCT-LEGIT-234,1514.93,CASH_OUT,0,Normal
527,AML-TX-02019,ACCT-LEGIT-474,ACCT-LEGIT-765,5712.39,PAYMENT,0,Normal
1,AML-TX-02020,ACCT-LEGIT-194,ACCT-LEGIT-901,1753.33,PAYMENT,0,Normal
588,AML-TX-02021,ACCT-LEGIT-651,ACCT-LEGIT-818,2748.39,TRANSFER,0,Normal
709,AML-TX-02022,ACCT-LEGIT-535,ACCT-LEGIT-769,6705.29,PAYMENT,0,Normal
613,AML-TX-02023,ACCT-LEGIT-844,ACCT-LEGIT-764,12425.83,PAYMENT,0,Normal
232,AML-TX-02024,ACCT-LEGIT-239,ACCT-LEGIT-763,6622.76,CASH_OUT,0,Normal
61,AML-TX-02025,ACCT-LEGIT-732,ACCT-LEGIT-674,1335.29,TRANSFER,0,Normal
663,AML-TX-02026,ACCT-LEGIT-951,ACCT-LEGIT-651,2029.53,TRANSFER,0,Normal
101,AML-TX-02027,ACCT-MULE-24,ACCT-CONDUIT-37,61389.83,TRANSFER,1,Fan_Out
247,AML-TX-02028,ACCT-LEGIT-367,ACCT-LEGIT-581,1303.95,CASH_OUT,0,Normal
354,AML-TX-02029,ACCT-LEGIT-498,ACCT-LEGIT-566,2572.94,TRANSFER,0,Normal
627,AML-TX-02030,ACCT-MULE-14,U-8831,67253.21,TRANSFER,1,Fan_In
238,AML-TX-02031,ACCT-MULE-23,ACCT-CONDUIT-25,38424.06,TRANSFER,1,Cycle_Hawala
226,AML-TX-02032,ACCT-LEGIT-386,ACCT-LEGIT-765,2888.86,CASH_OUT,0,Normal
167,AML-TX-02033,ACCT-LEGIT-450,ACCT-LEGIT-410,1870.02,TRANSFER,0,Normal
78,AML-TX-02034,ACCT-LEGIT-871,ACCT-LEGIT-996,1295.51,PAYMENT,0,Normal
223,AML-TX-02035,ACCT-LEGIT-158,ACCT-LEGIT-938,4284.56,PAYMENT,0,Normal
25,AML-TX-02036,ACCT-LEGIT-326,ACCT-LEGIT-305,1697.5,TRANSFER,0,Normal
87,AML-TX-02037,ACCT-LEGIT-715,ACCT-LEGIT-292,2273.43,PAYMENT,0,Normal
640,AML-TX-02038,ACCT-LEGIT-710,ACCT-LEGIT-176,3475.81,TRANSFER,0,Normal
337,AML-TX-02039,ACCT-MULE-13,ACCT-CONDUIT-12,61632.22,TRANSFER,1,Mule_Layering
496,AML-TX-02040,ACCT-LEGIT-332,ACCT-LEGIT-203,325.22,CASH_OUT,0,Normal
559,AML-TX-02041,ACCT-LEGIT-953,ACCT-LEGIT-413,1646.11,TRANSFER,0,Normal
536,AML-TX-02042,ACCT-LEGIT-947,ACCT-LEGIT-198,4500.46,TRANSFER,0,Normal
478,AML-TX-02043,ACCT-LEGIT-239,ACCT-LEGIT-761,1336.06,TRANSFER,0,Normal
378,AML-TX-02044,ACCT-LEGIT-580,ACCT-LEGIT-962,4467.53,CASH_OUT,0,Normal
229,AML-TX-02045,ACCT-LEGIT-488,ACCT-LEGIT-494,4567.12,CASH_OUT,0,Normal
536,AML-TX-02046,ACCT-LEGIT-790,ACCT-LEGIT-477,804.12,PAYMENT,0,Normal
212,AML-TX-02047,ACCT-LEGIT-904,ACCT-LEGIT-151,1515.24,CASH_OUT,0,Normal
602,AML-TX-02048,ACCT-LEGIT-921,ACCT-LEGIT-462,585.0,TRANSFER,0,Normal
154,AML-TX-02049,ACCT-MULE-23,ACCT-CONDUIT-13,45379.71,TRANSFER,1,Mule_Layering
64,AML-TX-02050,ACCT-LEGIT-958,ACCT-LEGIT-506,534.94,CASH_OUT,0,Normal
738,AML-TX-02051,ACCT-LEGIT-483,ACCT-LEGIT-763,2014.96,PAYMENT,0,Normal
688,AML-TX-02052,ACCT-LEGIT-666,ACCT-LEGIT-706,5878.43,PAYMENT,0,Normal
279,AML-TX-02053,ACCT-LEGIT-479,ACCT-LEGIT-493,635.78,TRANSFER,0,Normal
720,AML-TX-02054,ACCT-LEGIT-200,ACCT-LEGIT-766,162.32,PAYMENT,0,Normal
1,AML-TX-02055,ACCT-LEGIT-768,ACCT-LEGIT-161,161.78,TRANSFER,0,Normal
487,AML-TX-02056,ACCT-LEGIT-333,ACCT-LEGIT-312,2190.92,PAYMENT,0,Normal
123,AML-TX-02057,ACCT-LEGIT-112,ACCT-LEGIT-268,6879.75,TRANSFER,0,Normal
238,AML-TX-02058,ACCT-LEGIT-898,ACCT-LEGIT-789,2433.16,TRANSFER,0,Normal
590,AML-TX-02059,ACCT-LEGIT-943,ACCT-LEGIT-238,1983.27,TRANSFER,0,Normal
100,AML-TX-02060,ACCT-LEGIT-607,ACCT-LEGIT-401,3287.0,PAYMENT,0,Normal
304,AML-TX-02061,ACCT-LEGIT-819,ACCT-LEGIT-189,3891.91,PAYMENT,0,Normal
436,AML-TX-02062,ACCT-LEGIT-858,ACCT-LEGIT-912,732.74,CASH_OUT,0,Normal
734,AML-TX-02063,ACCT-LEGIT-412,ACCT-LEGIT-746,2512.79,CASH_OUT,0,Normal
31,AML-TX-02064,ACCT-LEGIT-447,ACCT-LEGIT-936,9418.25,TRANSFER,0,Normal
80,AML-TX-02065,ACCT-MULE-18,ACCT-CONDUIT-44,58355.45,TRANSFER,1,Fan_Out
565,AML-TX-02066,ACCT-LEGIT-814,ACCT-LEGIT-401,5002.43,CASH_OUT,0,Normal
414,AML-TX-02067,ACCT-LEGIT-920,ACCT-LEGIT-872,502.2,CASH_OUT,0,Normal
663,AML-TX-02068,ACCT-LEGIT-487,ACCT-LEGIT-289,2976.36,PAYMENT,0,Normal
254,AML-TX-02069,ACCT-LEGIT-312,ACCT-LEGIT-755,1433.45,CASH_OUT,0,Normal
59,AML-TX-02070,ACCT-MULE-29,ACCT-CONDUIT-48,75523.42,TRANSFER,1,Fan_Out
324,AML-TX-02071,ACCT-LEGIT-263,ACCT-LEGIT-541,3666.63,PAYMENT,0,Normal
70,AML-TX-02072,ACCT-LEGIT-833,ACCT-LEGIT-333,1331.57,PAYMENT,0,Normal
65,AML-TX-02073,ACCT-LEGIT-165,ACCT-LEGIT-140,5134.21,TRANSFER,0,Normal
10,AML-TX-02074,ACCT-LEGIT-154,ACCT-LEGIT-530,746.74,TRANSFER,0,Normal
442,AML-TX-02075,ACCT-MULE-10,ACCT-CONDUIT-43,76987.6,TRANSFER,1,Fan_Out
143,AML-TX-02076,ACCT-LEGIT-610,ACCT-LEGIT-853,1966.25,CASH_OUT,0,Normal
31,AML-TX-02077,ACCT-MULE-16,ACCT-CONDUIT-32,44162.67,TRANSFER,1,Cycle_Hawala
655,AML-TX-02078,ACCT-LEGIT-652,ACCT-LEGIT-927,7061.66,TRANSFER,0,Normal
293,AML-TX-02079,ACCT-LEGIT-735,ACCT-LEGIT-125,1512.89,CASH_OUT,0,Normal
332,AML-TX-02080,ACCT-MULE-14,ACCT-CONDUIT-37,46292.46,TRANSFER,1,Mule_Layering
501,AML-TX-02081,ACCT-LEGIT-686,ACCT-LEGIT-483,356.47,CASH_OUT,0,Normal
544,AML-TX-02082,ACCT-LEGIT-779,ACCT-LEGIT-844,3967.92,PAYMENT,0,Normal
27,AML-TX-02083,ACCT-LEGIT-329,ACCT-LEGIT-231,782.76,TRANSFER,0,Normal
306,AML-TX-02084,ACCT-MULE-23,ACCT-CONDUIT-23,60228.02,TRANSFER,1,Cycle_Hawala
5,AML-TX-02085,ACCT-LEGIT-860,ACCT-LEGIT-245,509.73,CASH_OUT,0,Normal
77,AML-TX-02086,ACCT-MULE-12,ACCT-CONDUIT-47,67186.64,TRANSFER,1,Fan_Out
660,AML-TX-02087,ACCT-MULE-20,ACCT-CONDUIT-32,35439.54,TRANSFER,1,Fan_Out
675,AML-TX-02088,ACCT-LEGIT-328,ACCT-LEGIT-591,5678.25,CASH_OUT,0,Normal
164,AML-TX-02089,ACCT-LEGIT-205,ACCT-LEGIT-430,1227.73,TRANSFER,0,Normal
142,AML-TX-02090,ACCT-LEGIT-540,ACCT-LEGIT-580,6765.48,TRANSFER,0,Normal
723,AML-TX-02091,ACCT-LEGIT-836,ACCT-LEGIT-769,343.56,CASH_OUT,0,Normal
492,AML-TX-02092,ACCT-LEGIT-479,ACCT-LEGIT-370,1551.71,CASH_OUT,0,Normal
564,AML-TX-02093,ACCT-LEGIT-137,ACCT-LEGIT-182,767.61,CASH_OUT,0,Normal
553,AML-TX-02094,ACCT-LEGIT-734,ACCT-LEGIT-193,612.23,CASH_OUT,0,Normal
540,AML-TX-02095,ACCT-LEGIT-856,ACCT-LEGIT-875,2208.91,CASH_OUT,0,Normal
657,AML-TX-02096,ACCT-LEGIT-512,ACCT-LEGIT-840,1516.0,PAYMENT,0,Normal
323,AML-TX-02097,ACCT-LEGIT-579,ACCT-LEGIT-810,3823.1,TRANSFER,0,Normal
306,AML-TX-02098,ACCT-LEGIT-251,ACCT-LEGIT-673,2425.34,CASH_OUT,0,Normal
35,AML-TX-02099,ACCT-LEGIT-223,ACCT-LEGIT-935,1215.32,TRANSFER,0,Normal
411,AML-TX-02100,ACCT-LEGIT-508,ACCT-LEGIT-827,802.25,CASH_OUT,0,Normal
38,AML-TX-02101,ACCT-LEGIT-350,ACCT-LEGIT-112,1741.67,PAYMENT,0,Normal
220,AML-TX-02102,ACCT-LEGIT-379,ACCT-LEGIT-920,2997.01,PAYMENT,0,Normal
129,AML-TX-02103,ACCT-LEGIT-886,ACCT-LEGIT-310,6816.48,CASH_OUT,0,Normal
252,AML-TX-02104,ACCT-LEGIT-369,ACCT-LEGIT-844,1998.53,CASH_OUT,0,Normal
546,AML-TX-02105,ACCT-LEGIT-144,ACCT-LEGIT-493,1649.8,TRANSFER,0,Normal
44,AML-TX-02106,ACCT-MULE-10,U-8831,39989.72,TRANSFER,1,Fan_In
576,AML-TX-02107,ACCT-LEGIT-402,ACCT-LEGIT-316,6059.47,TRANSFER,0,Normal
385,AML-TX-02108,ACCT-LEGIT-112,ACCT-LEGIT-775,1537.1,CASH_OUT,0,Normal
349,AML-TX-02109,ACCT-LEGIT-738,ACCT-LEGIT-449,246.45,TRANSFER,0,Normal
446,AML-TX-02110,ACCT-LEGIT-784,ACCT-LEGIT-453,1627.3,PAYMENT,0,Normal
725,AML-TX-02111,ACCT-LEGIT-610,ACCT-LEGIT-395,560.41,PAYMENT,0,Normal
475,AML-TX-02112,ACCT-LEGIT-797,ACCT-LEGIT-216,462.82,CASH_OUT,0,Normal
650,AML-TX-02113,ACCT-LEGIT-569,ACCT-LEGIT-672,9645.43,TRANSFER,0,Normal
539,AML-TX-02114,ACCT-LEGIT-149,ACCT-LEGIT-777,7751.21,TRANSFER,0,Normal
442,AML-TX-02115,ACCT-LEGIT-764,ACCT-LEGIT-618,1019.55,CASH_OUT,0,Normal
628,AML-TX-02116,ACCT-LEGIT-987,ACCT-LEGIT-629,4951.27,CASH_OUT,0,Normal
202,AML-TX-02117,ACCT-LEGIT-458,ACCT-LEGIT-307,548.45,CASH_OUT,0,Normal
322,AML-TX-02118,ACCT-LEGIT-866,ACCT-LEGIT-784,459.02,CASH_OUT,0,Normal
130,AML-TX-02119,ACCT-LEGIT-596,ACCT-LEGIT-497,5364.94,TRANSFER,0,Normal
184,AML-TX-02120,ACCT-MULE-16,ACCT-CONDUIT-14,81902.97,TRANSFER,1,Mule_Layering
440,AML-TX-02121,ACCT-LEGIT-669,ACCT-LEGIT-657,2716.42,PAYMENT,0,Normal
12,AML-TX-02122,ACCT-MULE-26,ACCT-CONDUIT-47,50921.54,TRANSFER,1,Mule_Layering
185,AML-TX-02123,ACCT-LEGIT-262,ACCT-LEGIT-410,9411.47,PAYMENT,0,Normal
350,AML-TX-02124,ACCT-LEGIT-222,ACCT-LEGIT-240,902.4,PAYMENT,0,Normal
494,AML-TX-02125,ACCT-LEGIT-489,ACCT-LEGIT-975,9329.22,PAYMENT,0,Normal
706,AML-TX-02126,ACCT-LEGIT-927,ACCT-LEGIT-418,1647.4,PAYMENT,0,Normal
686,AML-TX-02127,ACCT-LEGIT-451,ACCT-LEGIT-196,6349.11,CASH_OUT,0,Normal
513,AML-TX-02128,ACCT-LEGIT-557,ACCT-LEGIT-875,7396.8,TRANSFER,0,Normal
342,AML-TX-02129,ACCT-LEGIT-841,ACCT-LEGIT-913,1680.58,TRANSFER,0,Normal
430,AML-TX-02130,ACCT-LEGIT-151,ACCT-LEGIT-543,354.49,CASH_OUT,0,Normal
221,AML-TX-02131,ACCT-LEGIT-126,ACCT-LEGIT-896,3946.23,PAYMENT,0,Normal
628,AML-TX-02132,ACCT-LEGIT-460,ACCT-LEGIT-528,708.65,TRANSFER,0,Normal
308,AML-TX-02133,ACCT-LEGIT-978,ACCT-LEGIT-933,2062.59,CASH_OUT,0,Normal
20,AML-TX-02134,ACCT-LEGIT-948,ACCT-LEGIT-796,2007.97,CASH_OUT,0,Normal
473,AML-TX-02135,ACCT-LEGIT-108,ACCT-LEGIT-661,3738.99,PAYMENT,0,Normal
578,AML-TX-02136,ACCT-LEGIT-690,ACCT-LEGIT-104,14622.94,PAYMENT,0,Normal
540,AML-TX-02137,ACCT-LEGIT-975,ACCT-LEGIT-339,3697.64,CASH_OUT,0,Normal
369,AML-TX-02138,ACCT-LEGIT-661,ACCT-LEGIT-566,167.36,TRANSFER,0,Normal
654,AML-TX-02139,ACCT-LEGIT-496,ACCT-LEGIT-594,1214.46,PAYMENT,0,Normal
229,AML-TX-02140,ACCT-LEGIT-555,ACCT-LEGIT-484,227.6,CASH_OUT,0,Normal
54,AML-TX-02141,ACCT-LEGIT-554,ACCT-LEGIT-984,525.84,PAYMENT,0,Normal
484,AML-TX-02142,ACCT-LEGIT-331,ACCT-LEGIT-890,5142.74,TRANSFER,0,Normal
423,AML-TX-02143,ACCT-MULE-11,ACCT-CONDUIT-45,37296.72,TRANSFER,1,Fan_Out
513,AML-TX-02144,ACCT-LEGIT-249,ACCT-LEGIT-994,1187.75,TRANSFER,0,Normal
82,AML-TX-02145,ACCT-LEGIT-575,ACCT-LEGIT-674,2204.76,CASH_OUT,0,Normal
115,AML-TX-02146,ACCT-LEGIT-409,ACCT-LEGIT-902,761.52,PAYMENT,0,Normal
251,AML-TX-02147,ACCT-LEGIT-187,ACCT-LEGIT-877,261.01,TRANSFER,0,Normal
122,AML-TX-02148,ACCT-LEGIT-412,ACCT-LEGIT-534,627.82,CASH_OUT,0,Normal
107,AML-TX-02149,ACCT-LEGIT-770,ACCT-LEGIT-467,6181.74,CASH_OUT,0,Normal
475,AML-TX-02150,ACCT-LEGIT-473,ACCT-LEGIT-994,151.66,TRANSFER,0,Normal
397,AML-TX-02151,ACCT-MULE-29,ACCT-CONDUIT-47,45913.52,TRANSFER,1,Cycle_Hawala
673,AML-TX-02152,ACCT-MULE-29,ACCT-CONDUIT-15,24588.32,CASH_OUT,1,Smurfing_Structuring
566,AML-TX-02153,ACCT-MULE-29,ACCT-CONDUIT-41,24923.71,CASH_OUT,1,Smurfing_Structuring
481,AML-TX-02154,ACCT-LEGIT-291,ACCT-LEGIT-172,1579.71,CASH_OUT,0,Normal
67,AML-TX-02155,ACCT-LEGIT-346,ACCT-LEGIT-746,4521.19,TRANSFER,0,Normal
688,AML-TX-02156,ACCT-LEGIT-818,ACCT-LEGIT-772,5037.22,TRANSFER,0,Normal
516,AML-TX-02157,ACCT-LEGIT-586,ACCT-LEGIT-458,1194.67,TRANSFER,0,Normal
343,AML-TX-02158,ACCT-LEGIT-414,ACCT-LEGIT-274,4141.54,TRANSFER,0,Normal
231,AML-TX-02159,ACCT-LEGIT-387,ACCT-LEGIT-937,8048.21,TRANSFER,0,Normal
57,AML-TX-02160,ACCT-LEGIT-839,ACCT-LEGIT-404,743.5,CASH_OUT,0,Normal
631,AML-TX-02161,ACCT-LEGIT-286,ACCT-LEGIT-751,159.77,TRANSFER,0,Normal
140,AML-TX-02162,ACCT-MULE-16,U-8831,54417.41,TRANSFER,1,Fan_In
103,AML-TX-02163,ACCT-LEGIT-337,ACCT-LEGIT-111,1914.7,CASH_OUT,0,Normal
483,AML-TX-02164,ACCT-LEGIT-576,ACCT-LEGIT-866,2064.1,CASH_OUT,0,Normal
289,AML-TX-02165,ACCT-LEGIT-339,ACCT-LEGIT-648,907.33,TRANSFER,0,Normal
504,AML-TX-02166,ACCT-MULE-16,ACCT-CONDUIT-18,24486.41,CASH_OUT,1,Smurfing_Structuring
200,AML-TX-02167,ACCT-MULE-26,ACCT-CONDUIT-14,24287.07,CASH_OUT,1,Smurfing_Structuring
24,AML-TX-02168,ACCT-LEGIT-827,ACCT-LEGIT-889,2340.92,CASH_OUT,0,Normal
514,AML-TX-02169,ACCT-LEGIT-946,ACCT-LEGIT-397,10872.27,PAYMENT,0,Normal
561,AML-TX-02170,ACCT-LEGIT-342,ACCT-LEGIT-690,972.46,TRANSFER,0,Normal
374,AML-TX-02171,ACCT-LEGIT-866,ACCT-LEGIT-515,2423.95,TRANSFER,0,Normal
708,AML-TX-02172,ACCT-LEGIT-334,ACCT-LEGIT-292,2326.2,TRANSFER,0,Normal
468,AML-TX-02173,ACCT-LEGIT-183,ACCT-LEGIT-860,1479.6,TRANSFER,0,Normal
509,AML-TX-02174,ACCT-LEGIT-130,ACCT-LEGIT-463,11922.75,PAYMENT,0,Normal
382,AML-TX-02175,ACCT-LEGIT-344,ACCT-LEGIT-574,5135.13,TRANSFER,0,Normal
300,AML-TX-02176,ACCT-MULE-12,ACCT-CONDUIT-13,79985.55,TRANSFER,1,Fan_Out
143,AML-TX-02177,ACCT-LEGIT-650,ACCT-LEGIT-531,3396.13,TRANSFER,0,Normal
261,AML-TX-02178,ACCT-LEGIT-303,ACCT-LEGIT-745,1164.4,TRANSFER,0,Normal
521,AML-TX-02179,ACCT-LEGIT-954,ACCT-LEGIT-804,6154.87,PAYMENT,0,Normal
617,AML-TX-02180,ACCT-LEGIT-180,ACCT-LEGIT-388,4965.85,TRANSFER,0,Normal
514,AML-TX-02181,ACCT-LEGIT-863,ACCT-LEGIT-581,5767.28,CASH_OUT,0,Normal
307,AML-TX-02182,ACCT-MULE-21,ACCT-CONDUIT-47,61967.64,TRANSFER,1,Mule_Layering
195,AML-TX-02183,ACCT-LEGIT-755,ACCT-LEGIT-976,2994.03,PAYMENT,0,Normal
639,AML-TX-02184,ACCT-MULE-24,ACCT-CONDUIT-16,49895.8,TRANSFER,1,Cycle_Hawala
420,AML-TX-02185,ACCT-LEGIT-206,ACCT-LEGIT-176,327.91,PAYMENT,0,Normal
238,AML-TX-02186,ACCT-LEGIT-832,ACCT-LEGIT-565,2508.14,TRANSFER,0,Normal
225,AML-TX-02187,ACCT-LEGIT-855,ACCT-LEGIT-992,2096.47,CASH_OUT,0,Normal
105,AML-TX-02188,ACCT-LEGIT-606,ACCT-LEGIT-349,936.13,TRANSFER,0,Normal
660,AML-TX-02189,ACCT-MULE-17,ACCT-CONDUIT-47,75708.2,TRANSFER,1,Fan_Out
357,AML-TX-02190,ACCT-LEGIT-909,ACCT-LEGIT-608,8440.32,TRANSFER,0,Normal
407,AML-TX-02191,ACCT-LEGIT-397,ACCT-LEGIT-450,1530.96,TRANSFER,0,Normal
251,AML-TX-02192,ACCT-LEGIT-445,ACCT-LEGIT-381,5774.94,CASH_OUT,0,Normal
516,AML-TX-02193,ACCT-LEGIT-856,ACCT-LEGIT-855,718.49,TRANSFER,0,Normal
171,AML-TX-02194,ACCT-LEGIT-821,ACCT-LEGIT-205,2283.56,TRANSFER,0,Normal
676,AML-TX-02195,ACCT-LEGIT-532,ACCT-LEGIT-398,2037.28,TRANSFER,0,Normal
606,AML-TX-02196,ACCT-LEGIT-481,ACCT-LEGIT-304,2723.84,CASH_OUT,0,Normal
249,AML-TX-02197,ACCT-LEGIT-838,ACCT-LEGIT-722,1659.99,CASH_OUT,0,Normal
108,AML-TX-02198,ACCT-LEGIT-316,ACCT-LEGIT-932,3816.29,TRANSFER,0,Normal
416,AML-TX-02199,ACCT-LEGIT-400,ACCT-LEGIT-365,4873.95,CASH_OUT,0,Normal
497,AML-TX-02200,ACCT-LEGIT-509,ACCT-LEGIT-229,1370.51,TRANSFER,0,Normal
382,AML-TX-02201,ACCT-LEGIT-857,ACCT-LEGIT-379,5830.71,TRANSFER,0,Normal
494,AML-TX-02202,ACCT-LEGIT-820,ACCT-LEGIT-808,485.8,PAYMENT,0,Normal
142,AML-TX-02203,ACCT-LEGIT-880,ACCT-LEGIT-377,5833.23,CASH_OUT,0,Normal
662,AML-TX-02204,ACCT-LEGIT-823,ACCT-LEGIT-968,195.27,PAYMENT,0,Normal
664,AML-TX-02205,ACCT-LEGIT-402,ACCT-LEGIT-494,338.25,CASH_OUT,0,Normal
263,AML-TX-02206,ACCT-LEGIT-432,ACCT-LEGIT-846,2968.08,CASH_OUT,0,Normal
702,AML-TX-02207,ACCT-LEGIT-813,ACCT-LEGIT-720,460.37,PAYMENT,0,Normal
82,AML-TX-02208,ACCT-LEGIT-835,ACCT-LEGIT-273,2316.72,CASH_OUT,0,Normal
617,AML-TX-02209,ACCT-LEGIT-858,ACCT-LEGIT-798,1840.42,CASH_OUT,0,Normal
221,AML-TX-02210,ACCT-MULE-14,ACCT-CONDUIT-47,24458.51,CASH_OUT,1,Smurfing_Structuring
339,AML-TX-02211,ACCT-LEGIT-783,ACCT-LEGIT-279,2163.32,CASH_OUT,0,Normal
252,AML-TX-02212,ACCT-LEGIT-880,ACCT-LEGIT-901,10426.88,CASH_OUT,0,Normal
588,AML-TX-02213,ACCT-LEGIT-936,ACCT-LEGIT-385,981.61,TRANSFER,0,Normal
323,AML-TX-02214,ACCT-LEGIT-667,ACCT-LEGIT-751,2685.37,PAYMENT,0,Normal
702,AML-TX-02215,ACCT-MULE-27,ACCT-CONDUIT-38,48074.86,TRANSFER,1,Cycle_Hawala
405,AML-TX-02216,ACCT-LEGIT-339,ACCT-LEGIT-177,343.68,PAYMENT,0,Normal
85,AML-TX-02217,ACCT-LEGIT-850,ACCT-LEGIT-912,5831.37,TRANSFER,0,Normal
372,AML-TX-02218,ACCT-LEGIT-554,ACCT-LEGIT-198,2140.92,TRANSFER,0,Normal
508,AML-TX-02219,ACCT-LEGIT-417,ACCT-LEGIT-790,3940.03,TRANSFER,0,Normal
377,AML-TX-02220,ACCT-LEGIT-215,ACCT-LEGIT-676,463.77,CASH_OUT,0,Normal
623,AML-TX-02221,ACCT-LEGIT-634,ACCT-LEGIT-209,5457.27,TRANSFER,0,Normal
268,AML-TX-02222,ACCT-MULE-22,ACCT-CONDUIT-10,24843.62,CASH_OUT,1,Smurfing_Structuring
176,AML-TX-02223,ACCT-LEGIT-296,ACCT-LEGIT-919,3496.42,PAYMENT,0,Normal
107,AML-TX-02224,ACCT-MULE-19,U-8831,62246.64,TRANSFER,1,Fan_In
544,AML-TX-02225,ACCT-LEGIT-594,ACCT-LEGIT-746,1279.55,CASH_OUT,0,Normal
267,AML-TX-02226,ACCT-LEGIT-884,ACCT-LEGIT-587,2279.27,CASH_OUT,0,Normal
353,AML-TX-02227,ACCT-LEGIT-251,ACCT-LEGIT-555,5972.66,TRANSFER,0,Normal
216,AML-TX-02228,ACCT-LEGIT-781,ACCT-LEGIT-202,166.46,TRANSFER,0,Normal
650,AML-TX-02229,ACCT-LEGIT-529,ACCT-LEGIT-742,1635.61,CASH_OUT,0,Normal
606,AML-TX-02230,ACCT-LEGIT-362,ACCT-LEGIT-777,565.73,CASH_OUT,0,Normal
399,AML-TX-02231,ACCT-LEGIT-639,ACCT-LEGIT-338,1009.56,PAYMENT,0,Normal
48,AML-TX-02232,ACCT-LEGIT-373,ACCT-LEGIT-796,479.9,PAYMENT,0,Normal
737,AML-TX-02233,ACCT-LEGIT-905,ACCT-LEGIT-441,1853.98,TRANSFER,0,Normal
458,AML-TX-02234,ACCT-LEGIT-939,ACCT-LEGIT-110,2766.92,PAYMENT,0,Normal
551,AML-TX-02235,ACCT-LEGIT-179,ACCT-LEGIT-797,419.26,PAYMENT,0,Normal
611,AML-TX-02236,ACCT-LEGIT-260,ACCT-LEGIT-509,773.06,PAYMENT,0,Normal
426,AML-TX-02237,ACCT-LEGIT-902,ACCT-LEGIT-413,4755.28,PAYMENT,0,Normal
43,AML-TX-02238,ACCT-LEGIT-295,ACCT-LEGIT-615,2116.5,CASH_OUT,0,Normal
27,AML-TX-02239,ACCT-LEGIT-391,ACCT-LEGIT-431,718.01,TRANSFER,0,Normal
2,AML-TX-02240,ACCT-MULE-25,ACCT-CONDUIT-34,44488.57,TRANSFER,1,Cycle_Hawala
53,AML-TX-02241,ACCT-LEGIT-518,ACCT-LEGIT-793,2523.84,PAYMENT,0,Normal
268,AML-TX-02242,ACCT-LEGIT-579,ACCT-LEGIT-331,197.85,CASH_OUT,0,Normal
15,AML-TX-02243,ACCT-LEGIT-361,ACCT-LEGIT-669,3263.25,TRANSFER,0,Normal
568,AML-TX-02244,ACCT-LEGIT-613,ACCT-LEGIT-861,422.92,PAYMENT,0,Normal
304,AML-TX-02245,ACCT-MULE-23,ACCT-CONDUIT-17,42792.78,TRANSFER,1,Cycle_Hawala
723,AML-TX-02246,ACCT-LEGIT-200,ACCT-LEGIT-273,2934.49,PAYMENT,0,Normal
62,AML-TX-02247,ACCT-MULE-27,ACCT-CONDUIT-13,51662.57,TRANSFER,1,Fan_Out
4,AML-TX-02248,ACCT-LEGIT-423,ACCT-LEGIT-275,753.11,CASH_OUT,0,Normal
468,AML-TX-02249,ACCT-LEGIT-732,ACCT-LEGIT-317,197.93,CASH_OUT,0,Normal
493,AML-TX-02250,ACCT-LEGIT-490,ACCT-LEGIT-299,797.73,PAYMENT,0,Normal
51,AML-TX-02251,ACCT-LEGIT-543,ACCT-LEGIT-615,2117.99,CASH_OUT,0,Normal
488,AML-TX-02252,ACCT-LEGIT-823,ACCT-LEGIT-950,1726.53,CASH_OUT,0,Normal
13,AML-TX-02253,ACCT-LEGIT-345,ACCT-LEGIT-432,2061.62,TRANSFER,0,Normal
203,AML-TX-02254,ACCT-LEGIT-262,ACCT-LEGIT-864,3804.1,TRANSFER,0,Normal
710,AML-TX-02255,ACCT-LEGIT-752,ACCT-LEGIT-258,572.49,CASH_OUT,0,Normal
99,AML-TX-02256,ACCT-LEGIT-283,ACCT-LEGIT-952,1817.91,PAYMENT,0,Normal
189,AML-TX-02257,ACCT-LEGIT-720,ACCT-LEGIT-761,2424.74,PAYMENT,0,Normal
419,AML-TX-02258,ACCT-LEGIT-877,ACCT-LEGIT-418,566.06,TRANSFER,0,Normal
605,AML-TX-02259,ACCT-MULE-21,U-8831,70523.44,TRANSFER,1,Fan_In
276,AML-TX-02260,ACCT-LEGIT-617,ACCT-LEGIT-813,3287.2,CASH_OUT,0,Normal
362,AML-TX-02261,ACCT-LEGIT-956,ACCT-LEGIT-957,4402.29,TRANSFER,0,Normal
136,AML-TX-02262,ACCT-LEGIT-205,ACCT-LEGIT-135,870.54,PAYMENT,0,Normal
436,AML-TX-02263,ACCT-LEGIT-269,ACCT-LEGIT-787,1485.84,CASH_OUT,0,Normal
323,AML-TX-02264,ACCT-LEGIT-610,ACCT-LEGIT-586,500.07,CASH_OUT,0,Normal
525,AML-TX-02265,ACCT-LEGIT-908,ACCT-LEGIT-440,1314.17,TRANSFER,0,Normal
334,AML-TX-02266,ACCT-LEGIT-613,ACCT-LEGIT-484,471.19,CASH_OUT,0,Normal
85,AML-TX-02267,ACCT-LEGIT-797,ACCT-LEGIT-692,173.52,CASH_OUT,0,Normal
155,AML-TX-02268,ACCT-LEGIT-287,ACCT-LEGIT-703,8916.06,CASH_OUT,0,Normal
525,AML-TX-02269,ACCT-LEGIT-134,ACCT-LEGIT-762,2119.55,PAYMENT,0,Normal
448,AML-TX-02270,ACCT-LEGIT-592,ACCT-LEGIT-319,403.51,TRANSFER,0,Normal
122,AML-TX-02271,ACCT-MULE-16,ACCT-CONDUIT-25,24238.49,CASH_OUT,1,Smurfing_Structuring
503,AML-TX-02272,ACCT-LEGIT-118,ACCT-LEGIT-586,4348.74,PAYMENT,0,Normal
613,AML-TX-02273,ACCT-LEGIT-143,ACCT-LEGIT-653,271.31,TRANSFER,0,Normal
605,AML-TX-02274,ACCT-LEGIT-609,ACCT-LEGIT-991,5584.43,CASH_OUT,0,Normal
417,AML-TX-02275,ACCT-LEGIT-962,ACCT-LEGIT-290,2317.18,PAYMENT,0,Normal
553,AML-TX-02276,ACCT-LEGIT-953,ACCT-LEGIT-877,2157.4,TRANSFER,0,Normal
174,AML-TX-02277,ACCT-MULE-13,U-8831,33398.77,TRANSFER,1,Fan_In
631,AML-TX-02278,ACCT-LEGIT-382,ACCT-LEGIT-289,268.9,CASH_OUT,0,Normal
691,AML-TX-02279,ACCT-LEGIT-720,ACCT-LEGIT-449,670.83,TRANSFER,0,Normal
441,AML-TX-02280,ACCT-LEGIT-532,ACCT-LEGIT-309,6712.75,PAYMENT,0,Normal
680,AML-TX-02281,ACCT-LEGIT-923,ACCT-LEGIT-426,5134.93,CASH_OUT,0,Normal
433,AML-TX-02282,ACCT-LEGIT-580,ACCT-LEGIT-616,3889.79,PAYMENT,0,Normal
8,AML-TX-02283,ACCT-LEGIT-266,ACCT-LEGIT-506,2895.92,TRANSFER,0,Normal
282,AML-TX-02284,ACCT-MULE-17,ACCT-CONDUIT-21,64326.12,TRANSFER,1,Fan_Out
79,AML-TX-02285,ACCT-LEGIT-790,ACCT-LEGIT-429,7287.88,CASH_OUT,0,Normal
738,AML-TX-02286,ACCT-LEGIT-134,ACCT-LEGIT-813,1519.14,PAYMENT,0,Normal
241,AML-TX-02287,ACCT-LEGIT-465,ACCT-LEGIT-563,4292.11,PAYMENT,0,Normal
739,AML-TX-02288,ACCT-LEGIT-841,ACCT-LEGIT-278,560.59,TRANSFER,0,Normal
113,AML-TX-02289,ACCT-LEGIT-301,ACCT-LEGIT-876,329.17,TRANSFER,0,Normal
28,AML-TX-02290,ACCT-LEGIT-718,ACCT-LEGIT-723,1259.95,TRANSFER,0,Normal
677,AML-TX-02291,ACCT-LEGIT-840,ACCT-LEGIT-368,728.17,TRANSFER,0,Normal
515,AML-TX-02292,ACCT-LEGIT-666,ACCT-LEGIT-508,8811.85,TRANSFER,0,Normal
658,AML-TX-02293,ACCT-LEGIT-986,ACCT-LEGIT-537,4371.01,PAYMENT,0,Normal
289,AML-TX-02294,ACCT-MULE-21,ACCT-CONDUIT-39,24422.72,CASH_OUT,1,Smurfing_Structuring
656,AML-TX-02295,ACCT-LEGIT-795,ACCT-LEGIT-237,2854.12,CASH_OUT,0,Normal
675,AML-TX-02296,ACCT-LEGIT-947,ACCT-LEGIT-511,271.26,CASH_OUT,0,Normal
741,AML-TX-02297,ACCT-LEGIT-770,ACCT-LEGIT-456,1723.5,CASH_OUT,0,Normal
708,AML-TX-02298,ACCT-LEGIT-974,ACCT-LEGIT-963,2612.04,PAYMENT,0,Normal
110,AML-TX-02299,ACCT-MULE-22,ACCT-CONDUIT-48,67253.71,TRANSFER,1,Fan_Out
425,AML-TX-02300,ACCT-LEGIT-235,ACCT-LEGIT-233,5158.59,CASH_OUT,0,Normal
359,AML-TX-02301,ACCT-LEGIT-960,ACCT-LEGIT-490,6967.01,TRANSFER,0,Normal
589,AML-TX-02302,ACCT-LEGIT-124,ACCT-LEGIT-681,749.48,PAYMENT,0,Normal
251,AML-TX-02303,ACCT-LEGIT-507,ACCT-LEGIT-126,4887.38,PAYMENT,0,Normal
293,AML-TX-02304,ACCT-LEGIT-715,ACCT-LEGIT-760,1048.78,TRANSFER,0,Normal
50,AML-TX-02305,ACCT-LEGIT-579,ACCT-LEGIT-203,7857.76,PAYMENT,0,Normal
347,AML-TX-02306,ACCT-LEGIT-608,ACCT-LEGIT-727,700.78,TRANSFER,0,Normal
232,AML-TX-02307,ACCT-LEGIT-876,ACCT-LEGIT-591,619.17,PAYMENT,0,Normal
274,AML-TX-02308,ACCT-MULE-17,ACCT-CONDUIT-11,24225.84,CASH_OUT,1,Smurfing_Structuring
542,AML-TX-02309,ACCT-LEGIT-451,ACCT-LEGIT-887,10520.45,PAYMENT,0,Normal
389,AML-TX-02310,ACCT-MULE-22,ACCT-CONDUIT-40,73333.29,TRANSFER,1,Mule_Layering
45,AML-TX-02311,ACCT-LEGIT-376,ACCT-LEGIT-498,787.71,CASH_OUT,0,Normal
281,AML-TX-02312,ACCT-LEGIT-775,ACCT-LEGIT-112,705.74,TRANSFER,0,Normal
310,AML-TX-02313,ACCT-LEGIT-504,ACCT-LEGIT-629,200.0,PAYMENT,0,Normal
612,AML-TX-02314,ACCT-MULE-12,ACCT-CONDUIT-16,69809.53,TRANSFER,1,Fan_Out
109,AML-TX-02315,ACCT-LEGIT-117,ACCT-LEGIT-250,2442.85,CASH_OUT,0,Normal
465,AML-TX-02316,ACCT-LEGIT-533,ACCT-LEGIT-158,3929.38,PAYMENT,0,Normal
634,AML-TX-02317,ACCT-MULE-12,ACCT-CONDUIT-34,51826.13,TRANSFER,1,Cycle_Hawala
565,AML-TX-02318,ACCT-LEGIT-654,ACCT-LEGIT-552,2824.99,CASH_OUT,0,Normal
441,AML-TX-02319,ACCT-LEGIT-652,ACCT-LEGIT-998,1130.54,PAYMENT,0,Normal
136,AML-TX-02320,ACCT-LEGIT-716,ACCT-LEGIT-309,6189.04,TRANSFER,0,Normal
213,AML-TX-02321,ACCT-LEGIT-335,ACCT-LEGIT-256,1234.81,CASH_OUT,0,Normal
544,AML-TX-02322,ACCT-LEGIT-441,ACCT-LEGIT-559,4681.9,CASH_OUT,0,Normal
318,AML-TX-02323,ACCT-MULE-26,ACCT-CONDUIT-27,64632.98,TRANSFER,1,Cycle_Hawala
728,AML-TX-02324,ACCT-LEGIT-137,ACCT-LEGIT-315,365.99,CASH_OUT,0,Normal
134,AML-TX-02325,ACCT-LEGIT-816,ACCT-LEGIT-740,11898.25,TRANSFER,0,Normal
626,AML-TX-02326,ACCT-LEGIT-819,ACCT-LEGIT-692,1633.75,PAYMENT,0,Normal
165,AML-TX-02327,ACCT-LEGIT-624,ACCT-LEGIT-465,5378.77,CASH_OUT,0,Normal
213,AML-TX-02328,ACCT-LEGIT-538,ACCT-LEGIT-632,2384.16,TRANSFER,0,Normal
691,AML-TX-02329,ACCT-LEGIT-491,ACCT-LEGIT-794,858.98,PAYMENT,0,Normal
325,AML-TX-02330,ACCT-LEGIT-212,ACCT-LEGIT-713,4176.08,PAYMENT,0,Normal
551,AML-TX-02331,ACCT-MULE-14,ACCT-CONDUIT-17,24149.06,CASH_OUT,1,Smurfing_Structuring
77,AML-TX-02332,ACCT-LEGIT-702,ACCT-LEGIT-306,3420.19,TRANSFER,0,Normal
614,AML-TX-02333,ACCT-LEGIT-436,ACCT-LEGIT-399,2854.93,TRANSFER,0,Normal
457,AML-TX-02334,ACCT-LEGIT-611,ACCT-LEGIT-281,3137.49,PAYMENT,0,Normal
251,AML-TX-02335,ACCT-LEGIT-344,ACCT-LEGIT-836,1339.55,PAYMENT,0,Normal
662,AML-TX-02336,ACCT-LEGIT-853,ACCT-LEGIT-884,442.0,TRANSFER,0,Normal
550,AML-TX-02337,ACCT-LEGIT-966,ACCT-LEGIT-633,6108.93,PAYMENT,0,Normal
220,AML-TX-02338,ACCT-MULE-11,U-8831,49782.77,TRANSFER,1,Fan_In
219,AML-TX-02339,ACCT-LEGIT-577,ACCT-LEGIT-738,3352.04,CASH_OUT,0,Normal
465,AML-TX-02340,ACCT-LEGIT-527,ACCT-LEGIT-573,2541.52,CASH_OUT,0,Normal
471,AML-TX-02341,ACCT-MULE-24,ACCT-CONDUIT-39,47244.68,TRANSFER,1,Cycle_Hawala
21,AML-TX-02342,ACCT-LEGIT-759,ACCT-LEGIT-186,764.26,CASH_OUT,0,Normal
167,AML-TX-02343,ACCT-LEGIT-631,ACCT-LEGIT-925,2153.32,CASH_OUT,0,Normal
35,AML-TX-02344,ACCT-LEGIT-280,ACCT-LEGIT-739,1466.33,PAYMENT,0,Normal
14,AML-TX-02345,ACCT-LEGIT-227,ACCT-LEGIT-491,5058.23,PAYMENT,0,Normal
77,AML-TX-02346,ACCT-LEGIT-266,ACCT-LEGIT-425,5891.96,PAYMENT,0,Normal
453,AML-TX-02347,ACCT-MULE-25,ACCT-CONDUIT-34,33766.86,TRANSFER,1,Fan_Out
459,AML-TX-02348,ACCT-LEGIT-134,ACCT-LEGIT-716,4099.55,TRANSFER,0,Normal
678,AML-TX-02349,ACCT-LEGIT-255,ACCT-LEGIT-993,1114.92,TRANSFER,0,Normal
67,AML-TX-02350,ACCT-LEGIT-115,ACCT-LEGIT-245,857.26,TRANSFER,0,Normal
185,AML-TX-02351,ACCT-LEGIT-971,ACCT-LEGIT-423,1703.27,CASH_OUT,0,Normal
610,AML-TX-02352,ACCT-LEGIT-361,ACCT-LEGIT-280,9778.71,TRANSFER,0,Normal
475,AML-TX-02353,ACCT-LEGIT-963,ACCT-LEGIT-168,2382.43,PAYMENT,0,Normal
444,AML-TX-02354,ACCT-LEGIT-677,ACCT-LEGIT-282,2280.73,CASH_OUT,0,Normal
163,AML-TX-02355,ACCT-LEGIT-357,ACCT-LEGIT-435,4122.55,TRANSFER,0,Normal
267,AML-TX-02356,ACCT-LEGIT-969,ACCT-LEGIT-770,4973.22,PAYMENT,0,Normal
58,AML-TX-02357,ACCT-LEGIT-895,ACCT-LEGIT-440,5125.46,PAYMENT,0,Normal
145,AML-TX-02358,ACCT-LEGIT-163,ACCT-LEGIT-893,246.25,PAYMENT,0,Normal
609,AML-TX-02359,ACCT-LEGIT-338,ACCT-LEGIT-602,5686.52,PAYMENT,0,Normal
50,AML-TX-02360,ACCT-LEGIT-273,ACCT-LEGIT-477,1533.01,PAYMENT,0,Normal
485,AML-TX-02361,ACCT-MULE-19,ACCT-CONDUIT-31,48671.61,TRANSFER,1,Fan_Out
228,AML-TX-02362,ACCT-MULE-25,ACCT-CONDUIT-46,49166.05,TRANSFER,1,Fan_Out
244,AML-TX-02363,ACCT-LEGIT-807,ACCT-LEGIT-811,5264.59,PAYMENT,0,Normal
430,AML-TX-02364,ACCT-LEGIT-503,ACCT-LEGIT-660,245.86,CASH_OUT,0,Normal
652,AML-TX-02365,ACCT-LEGIT-884,ACCT-LEGIT-631,656.11,TRANSFER,0,Normal
638,AML-TX-02366,ACCT-LEGIT-421,ACCT-LEGIT-538,1847.68,CASH_OUT,0,Normal
629,AML-TX-02367,ACCT-LEGIT-957,ACCT-LEGIT-727,5458.03,PAYMENT,0,Normal
251,AML-TX-02368,ACCT-LEGIT-145,ACCT-LEGIT-872,3153.88,CASH_OUT,0,Normal
530,AML-TX-02369,ACCT-LEGIT-146,ACCT-LEGIT-644,2295.75,PAYMENT,0,Normal
184,AML-TX-02370,ACCT-LEGIT-322,ACCT-LEGIT-458,6870.48,PAYMENT,0,Normal
373,AML-TX-02371,ACCT-LEGIT-419,ACCT-LEGIT-935,3203.84,TRANSFER,0,Normal
300,AML-TX-02372,ACCT-LEGIT-833,ACCT-LEGIT-604,7167.76,CASH_OUT,0,Normal
499,AML-TX-02373,ACCT-LEGIT-120,ACCT-LEGIT-398,3938.74,TRANSFER,0,Normal
202,AML-TX-02374,ACCT-LEGIT-177,ACCT-LEGIT-163,1432.58,CASH_OUT,0,Normal
467,AML-TX-02375,ACCT-LEGIT-344,ACCT-LEGIT-981,3367.64,TRANSFER,0,Normal
110,AML-TX-02376,ACCT-LEGIT-959,ACCT-LEGIT-520,267.53,PAYMENT,0,Normal
373,AML-TX-02377,ACCT-LEGIT-868,ACCT-LEGIT-268,1096.91,TRANSFER,0,Normal
60,AML-TX-02378,ACCT-MULE-26,ACCT-CONDUIT-24,24464.88,CASH_OUT,1,Smurfing_Structuring
379,AML-TX-02379,ACCT-MULE-23,U-8831,33165.31,TRANSFER,1,Fan_In
630,AML-TX-02380,ACCT-LEGIT-877,ACCT-LEGIT-281,9684.3,TRANSFER,0,Normal
575,AML-TX-02381,ACCT-LEGIT-155,ACCT-LEGIT-410,3293.07,PAYMENT,0,Normal
137,AML-TX-02382,ACCT-LEGIT-333,ACCT-LEGIT-659,2000.67,TRANSFER,0,Normal
5,AML-TX-02383,ACCT-LEGIT-128,ACCT-LEGIT-260,4619.13,PAYMENT,0,Normal
370,AML-TX-02384,ACCT-LEGIT-157,ACCT-LEGIT-252,2871.75,PAYMENT,0,Normal
717,AML-TX-02385,ACCT-LEGIT-966,ACCT-LEGIT-108,2086.24,PAYMENT,0,Normal
556,AML-TX-02386,ACCT-LEGIT-376,ACCT-LEGIT-840,5295.43,CASH_OUT,0,Normal
582,AML-TX-02387,ACCT-LEGIT-588,ACCT-LEGIT-542,9074.74,TRANSFER,0,Normal
586,AML-TX-02388,ACCT-MULE-13,ACCT-CONDUIT-25,24350.85,CASH_OUT,1,Smurfing_Structuring
32,AML-TX-02389,ACCT-LEGIT-752,ACCT-LEGIT-714,3499.5,CASH_OUT,0,Normal
427,AML-TX-02390,ACCT-LEGIT-587,ACCT-LEGIT-674,626.52,PAYMENT,0,Normal
569,AML-TX-02391,ACCT-LEGIT-786,ACCT-LEGIT-254,1442.3,CASH_OUT,0,Normal
507,AML-TX-02392,ACCT-LEGIT-918,ACCT-LEGIT-905,3664.26,PAYMENT,0,Normal
621,AML-TX-02393,ACCT-LEGIT-300,ACCT-LEGIT-907,6912.69,CASH_OUT,0,Normal
132,AML-TX-02394,ACCT-LEGIT-334,ACCT-LEGIT-796,744.11,PAYMENT,0,Normal
91,AML-TX-02395,ACCT-LEGIT-444,ACCT-LEGIT-430,2029.97,TRANSFER,0,Normal
442,AML-TX-02396,ACCT-LEGIT-901,ACCT-LEGIT-745,2706.09,TRANSFER,0,Normal
720,AML-TX-02397,ACCT-LEGIT-987,ACCT-LEGIT-284,4075.43,PAYMENT,0,Normal
684,AML-TX-02398,ACCT-LEGIT-603,ACCT-LEGIT-276,418.26,PAYMENT,0,Normal
431,AML-TX-02399,ACCT-LEGIT-965,ACCT-LEGIT-281,8053.79,PAYMENT,0,Normal
313,AML-TX-02400,ACCT-LEGIT-343,ACCT-LEGIT-956,2792.35,PAYMENT,0,Normal
54,AML-TX-02401,ACCT-LEGIT-701,ACCT-LEGIT-391,6015.23,CASH_OUT,0,Normal
219,AML-TX-02402,ACCT-LEGIT-633,ACCT-LEGIT-190,1134.87,TRANSFER,0,Normal
26,AML-TX-02403,ACCT-MULE-19,ACCT-CONDUIT-10,24117.87,CASH_OUT,1,Smurfing_Structuring
417,AML-TX-02404,ACCT-LEGIT-953,ACCT-LEGIT-324,5631.49,CASH_OUT,0,Normal
452,AML-TX-02405,ACCT-LEGIT-321,ACCT-LEGIT-138,767.31,TRANSFER,0,Normal
55,AML-TX-02406,ACCT-LEGIT-963,ACCT-LEGIT-446,2409.34,TRANSFER,0,Normal
83,AML-TX-02407,ACCT-LEGIT-877,ACCT-LEGIT-994,2450.35,CASH_OUT,0,Normal
630,AML-TX-02408,ACCT-LEGIT-802,ACCT-LEGIT-540,2033.13,TRANSFER,0,Normal
681,AML-TX-02409,ACCT-LEGIT-249,ACCT-LEGIT-669,3703.31,CASH_OUT,0,Normal
157,AML-TX-02410,ACCT-LEGIT-175,ACCT-LEGIT-565,2632.51,CASH_OUT,0,Normal
705,AML-TX-02411,ACCT-LEGIT-667,ACCT-LEGIT-646,7332.6,PAYMENT,0,Normal
212,AML-TX-02412,ACCT-LEGIT-914,ACCT-LEGIT-120,1566.89,CASH_OUT,0,Normal
615,AML-TX-02413,ACCT-MULE-11,ACCT-CONDUIT-21,61855.16,TRANSFER,1,Mule_Layering
568,AML-TX-02414,ACCT-LEGIT-292,ACCT-LEGIT-603,2884.37,PAYMENT,0,Normal
211,AML-TX-02415,ACCT-LEGIT-482,ACCT-LEGIT-674,503.97,PAYMENT,0,Normal
462,AML-TX-02416,ACCT-LEGIT-527,ACCT-LEGIT-599,799.34,TRANSFER,0,Normal
119,AML-TX-02417,ACCT-MULE-29,ACCT-CONDUIT-44,24403.76,CASH_OUT,1,Smurfing_Structuring
102,AML-TX-02418,ACCT-LEGIT-178,ACCT-LEGIT-508,282.29,PAYMENT,0,Normal
45,AML-TX-02419,ACCT-LEGIT-151,ACCT-LEGIT-577,980.46,PAYMENT,0,Normal
48,AML-TX-02420,ACCT-MULE-10,ACCT-CONDUIT-44,50457.74,TRANSFER,1,Fan_Out
694,AML-TX-02421,ACCT-LEGIT-719,ACCT-LEGIT-657,1060.21,PAYMENT,0,Normal
440,AML-TX-02422,ACCT-LEGIT-135,ACCT-LEGIT-568,435.92,CASH_OUT,0,Normal
703,AML-TX-02423,ACCT-LEGIT-481,ACCT-LEGIT-301,338.19,PAYMENT,0,Normal
67,AML-TX-02424,ACCT-LEGIT-255,ACCT-LEGIT-696,451.97,PAYMENT,0,Normal
723,AML-TX-02425,ACCT-LEGIT-817,ACCT-LEGIT-767,10495.88,CASH_OUT,0,Normal
446,AML-TX-02426,ACCT-MULE-27,ACCT-CONDUIT-33,50074.42,TRANSFER,1,Fan_Out
371,AML-TX-02427,ACCT-LEGIT-738,ACCT-LEGIT-588,5194.68,TRANSFER,0,Normal
385,AML-TX-02428,ACCT-LEGIT-833,ACCT-LEGIT-643,5982.77,PAYMENT,0,Normal
151,AML-TX-02429,ACCT-LEGIT-162,ACCT-LEGIT-655,1451.28,TRANSFER,0,Normal
338,AML-TX-02430,ACCT-LEGIT-289,ACCT-LEGIT-897,413.26,CASH_OUT,0,Normal
461,AML-TX-02431,ACCT-MULE-16,ACCT-CONDUIT-10,78410.62,TRANSFER,1,Cycle_Hawala
299,AML-TX-02432,ACCT-LEGIT-973,ACCT-LEGIT-910,6836.2,CASH_OUT,0,Normal
592,AML-TX-02433,ACCT-LEGIT-975,ACCT-LEGIT-349,1091.81,CASH_OUT,0,Normal
312,AML-TX-02434,ACCT-LEGIT-600,ACCT-LEGIT-583,1358.54,CASH_OUT,0,Normal
82,AML-TX-02435,ACCT-LEGIT-854,ACCT-LEGIT-537,2137.64,TRANSFER,0,Normal
366,AML-TX-02436,ACCT-MULE-14,ACCT-CONDUIT-48,78309.36,TRANSFER,1,Cycle_Hawala
717,AML-TX-02437,ACCT-LEGIT-328,ACCT-LEGIT-838,629.21,PAYMENT,0,Normal
294,AML-TX-02438,ACCT-LEGIT-237,ACCT-LEGIT-538,382.76,TRANSFER,0,Normal
176,AML-TX-02439,ACCT-MULE-18,ACCT-CONDUIT-34,52077.52,TRANSFER,1,Fan_Out
11,AML-TX-02440,ACCT-MULE-10,U-8831,44487.06,TRANSFER,1,Fan_In
171,AML-TX-02441,ACCT-LEGIT-543,ACCT-LEGIT-428,2550.22,CASH_OUT,0,Normal
288,AML-TX-02442,ACCT-LEGIT-112,ACCT-LEGIT-349,2754.21,TRANSFER,0,Normal
354,AML-TX-02443,ACCT-LEGIT-934,ACCT-LEGIT-285,3155.55,CASH_OUT,0,Normal
650,AML-TX-02444,ACCT-MULE-25,U-8831,69368.69,TRANSFER,1,Fan_In
283,AML-TX-02445,ACCT-LEGIT-223,ACCT-LEGIT-944,7930.16,CASH_OUT,0,Normal
528,AML-TX-02446,ACCT-MULE-13,ACCT-CONDUIT-12,32980.92,TRANSFER,1,Fan_Out
378,AML-TX-02447,ACCT-LEGIT-261,ACCT-LEGIT-425,404.46,TRANSFER,0,Normal
589,AML-TX-02448,ACCT-MULE-18,ACCT-CONDUIT-49,41339.25,TRANSFER,1,Fan_Out
728,AML-TX-02449,ACCT-LEGIT-198,ACCT-LEGIT-819,2856.61,TRANSFER,0,Normal
28,AML-TX-02450,ACCT-LEGIT-491,ACCT-LEGIT-868,7735.32,CASH_OUT,0,Normal
363,AML-TX-02451,ACCT-LEGIT-372,ACCT-LEGIT-590,1975.25,CASH_OUT,0,Normal
419,AML-TX-02452,ACCT-LEGIT-288,ACCT-LEGIT-936,1867.07,PAYMENT,0,Normal
476,AML-TX-02453,ACCT-LEGIT-387,ACCT-LEGIT-831,1202.41,PAYMENT,0,Normal
742,AML-TX-02454,ACCT-LEGIT-898,ACCT-LEGIT-793,3769.17,PAYMENT,0,Normal
669,AML-TX-02455,ACCT-LEGIT-703,ACCT-LEGIT-349,3608.48,PAYMENT,0,Normal
554,AML-TX-02456,ACCT-LEGIT-777,ACCT-LEGIT-774,5186.95,TRANSFER,0,Normal
452,AML-TX-02457,ACCT-MULE-21,ACCT-CONDUIT-24,41584.49,TRANSFER,1,Fan_Out
673,AML-TX-02458,ACCT-LEGIT-138,ACCT-LEGIT-617,1430.93,PAYMENT,0,Normal
657,AML-TX-02459,ACCT-LEGIT-984,ACCT-LEGIT-742,2895.72,TRANSFER,0,Normal
631,AML-TX-02460,ACCT-MULE-15,ACCT-CONDUIT-24,24051.31,CASH_OUT,1,Smurfing_Structuring
368,AML-TX-02461,ACCT-LEGIT-817,ACCT-LEGIT-302,7173.18,TRANSFER,0,Normal
18,AML-TX-02462,ACCT-LEGIT-586,ACCT-LEGIT-316,7855.36,TRANSFER,0,Normal
442,AML-TX-02463,ACCT-LEGIT-524,ACCT-LEGIT-631,6236.7,TRANSFER,0,Normal
320,AML-TX-02464,ACCT-LEGIT-119,ACCT-LEGIT-914,7812.26,PAYMENT,0,Normal
420,AML-TX-02465,ACCT-LEGIT-576,ACCT-LEGIT-776,246.18,PAYMENT,0,Normal
411,AML-TX-02466,ACCT-LEGIT-475,ACCT-LEGIT-792,756.43,CASH_OUT,0,Normal
140,AML-TX-02467,ACCT-LEGIT-119,ACCT-LEGIT-408,607.34,TRANSFER,0,Normal
319,AML-TX-02468,ACCT-LEGIT-130,ACCT-LEGIT-340,796.55,TRANSFER,0,Normal
23,AML-TX-02469,ACCT-LEGIT-808,ACCT-LEGIT-745,860.13,CASH_OUT,0,Normal
147,AML-TX-02470,ACCT-MULE-26,ACCT-CONDUIT-16,56915.59,TRANSFER,1,Mule_Layering
59,AML-TX-02471,ACCT-LEGIT-524,ACCT-LEGIT-229,1900.6,CASH_OUT,0,Normal
528,AML-TX-02472,ACCT-LEGIT-901,ACCT-LEGIT-522,5848.39,TRANSFER,0,Normal
316,AML-TX-02473,ACCT-LEGIT-120,ACCT-LEGIT-713,4211.02,PAYMENT,0,Normal
49,AML-TX-02474,ACCT-LEGIT-609,ACCT-LEGIT-148,385.06,CASH_OUT,0,Normal
570,AML-TX-02475,ACCT-LEGIT-347,ACCT-LEGIT-126,3929.54,TRANSFER,0,Normal
568,AML-TX-02476,ACCT-LEGIT-316,ACCT-LEGIT-118,6236.9,TRANSFER,0,Normal
182,AML-TX-02477,ACCT-LEGIT-501,ACCT-LEGIT-784,774.09,PAYMENT,0,Normal
100,AML-TX-02478,ACCT-MULE-27,ACCT-CONDUIT-36,61539.06,TRANSFER,1,Mule_Layering
309,AML-TX-02479,ACCT-LEGIT-151,ACCT-LEGIT-111,3805.94,TRANSFER,0,Normal
264,AML-TX-02480,ACCT-LEGIT-173,ACCT-LEGIT-863,8609.57,PAYMENT,0,Normal
323,AML-TX-02481,ACCT-LEGIT-877,ACCT-LEGIT-310,2138.91,TRANSFER,0,Normal
152,AML-TX-02482,ACCT-LEGIT-519,ACCT-LEGIT-849,1300.55,TRANSFER,0,Normal
692,AML-TX-02483,ACCT-LEGIT-544,ACCT-LEGIT-220,536.58,PAYMENT,0,Normal
520,AML-TX-02484,ACCT-LEGIT-933,ACCT-LEGIT-971,535.82,CASH_OUT,0,Normal
197,AML-TX-02485,ACCT-LEGIT-852,ACCT-LEGIT-476,412.45,CASH_OUT,0,Normal
247,AML-TX-02486,ACCT-LEGIT-218,ACCT-LEGIT-492,3313.43,PAYMENT,0,Normal
276,AML-TX-02487,ACCT-LEGIT-412,ACCT-LEGIT-385,1667.78,TRANSFER,0,Normal
412,AML-TX-02488,ACCT-LEGIT-399,ACCT-LEGIT-479,1372.53,PAYMENT,0,Normal
417,AML-TX-02489,ACCT-LEGIT-648,ACCT-LEGIT-370,10873.83,CASH_OUT,0,Normal
34,AML-TX-02490,ACCT-LEGIT-930,ACCT-LEGIT-497,1856.48,CASH_OUT,0,Normal
433,AML-TX-02491,ACCT-LEGIT-783,ACCT-LEGIT-944,2448.33,TRANSFER,0,Normal
476,AML-TX-02492,ACCT-LEGIT-627,ACCT-LEGIT-194,5981.51,CASH_OUT,0,Normal
323,AML-TX-02493,ACCT-LEGIT-992,ACCT-LEGIT-784,15232.24,TRANSFER,0,Normal
678,AML-TX-02494,ACCT-LEGIT-404,ACCT-LEGIT-643,2960.47,PAYMENT,0,Normal
736,AML-TX-02495,ACCT-LEGIT-203,ACCT-LEGIT-436,4860.89,PAYMENT,0,Normal
83,AML-TX-02496,ACCT-LEGIT-772,ACCT-LEGIT-241,2318.35,CASH_OUT,0,Normal
714,AML-TX-02497,ACCT-LEGIT-769,ACCT-LEGIT-263,7661.04,PAYMENT,0,Normal
92,AML-TX-02498,ACCT-LEGIT-974,ACCT-LEGIT-924,7136.91,PAYMENT,0,Normal
436,AML-TX-02499,ACCT-LEGIT-826,ACCT-LEGIT-978,3384.21,TRANSFER,0,Normal
161,AML-TX-02500,ACCT-LEGIT-861,ACCT-LEGIT-142,4467.82,CASH_OUT,0,Normal
168,AML-TX-02501,ACCT-LEGIT-598,ACCT-LEGIT-922,1537.5,PAYMENT,0,Normal
244,AML-TX-02502,ACCT-LEGIT-650,ACCT-LEGIT-603,667.93,TRANSFER,0,Normal
517,AML-TX-02503,ACCT-LEGIT-384,ACCT-LEGIT-983,4768.93,TRANSFER,0,Normal
533,AML-TX-02504,ACCT-LEGIT-758,ACCT-LEGIT-489,349.45,TRANSFER,0,Normal
541,AML-TX-02505,ACCT-LEGIT-431,ACCT-LEGIT-645,3305.03,TRANSFER,0,Normal
19,AML-TX-02506,ACCT-LEGIT-447,ACCT-LEGIT-969,1452.67,CASH_OUT,0,Normal
510,AML-TX-02507,ACCT-LEGIT-519,ACCT-LEGIT-132,639.4,CASH_OUT,0,Normal
671,AML-TX-02508,ACCT-LEGIT-906,ACCT-LEGIT-330,2288.66,PAYMENT,0,Normal
55,AML-TX-02509,ACCT-LEGIT-302,ACCT-LEGIT-430,1426.45,PAYMENT,0,Normal
612,AML-TX-02510,ACCT-LEGIT-251,ACCT-LEGIT-282,2170.61,CASH_OUT,0,Normal
202,AML-TX-02511,ACCT-LEGIT-244,ACCT-LEGIT-103,1283.67,CASH_OUT,0,Normal
268,AML-TX-02512,ACCT-LEGIT-286,ACCT-LEGIT-644,3149.49,TRANSFER,0,Normal
70,AML-TX-02513,ACCT-LEGIT-185,ACCT-LEGIT-926,2351.91,CASH_OUT,0,Normal
11,AML-TX-02514,ACCT-LEGIT-870,ACCT-LEGIT-270,227.19,PAYMENT,0,Normal
105,AML-TX-02515,ACCT-LEGIT-163,ACCT-LEGIT-600,5428.32,CASH_OUT,0,Normal
19,AML-TX-02516,ACCT-LEGIT-578,ACCT-LEGIT-924,3555.92,TRANSFER,0,Normal
451,AML-TX-02517,ACCT-MULE-11,ACCT-CONDUIT-17,67275.01,TRANSFER,1,Fan_Out
230,AML-TX-02518,ACCT-LEGIT-320,ACCT-LEGIT-512,854.73,PAYMENT,0,Normal
631,AML-TX-02519,ACCT-MULE-15,ACCT-CONDUIT-10,68133.75,TRANSFER,1,Cycle_Hawala
734,AML-TX-02520,ACCT-LEGIT-193,ACCT-LEGIT-976,1161.51,CASH_OUT,0,Normal
249,AML-TX-02521,ACCT-MULE-29,U-8831,42077.77,TRANSFER,1,Fan_In
472,AML-TX-02522,ACCT-MULE-25,U-8831,40810.95,TRANSFER,1,Fan_In
127,AML-TX-02523,ACCT-LEGIT-710,ACCT-LEGIT-407,1916.63,PAYMENT,0,Normal
435,AML-TX-02524,ACCT-LEGIT-639,ACCT-LEGIT-160,5442.61,TRANSFER,0,Normal
561,AML-TX-02525,ACCT-LEGIT-650,ACCT-LEGIT-418,3861.37,PAYMENT,0,Normal
43,AML-TX-02526,ACCT-LEGIT-982,ACCT-LEGIT-424,5013.45,TRANSFER,0,Normal
685,AML-TX-02527,ACCT-MULE-14,U-8831,48993.64,TRANSFER,1,Fan_In
378,AML-TX-02528,ACCT-LEGIT-793,ACCT-LEGIT-214,1296.8,CASH_OUT,0,Normal
524,AML-TX-02529,ACCT-LEGIT-990,ACCT-LEGIT-316,1856.87,TRANSFER,0,Normal
61,AML-TX-02530,ACCT-LEGIT-503,ACCT-LEGIT-277,415.3,CASH_OUT,0,Normal
384,AML-TX-02531,ACCT-LEGIT-692,ACCT-LEGIT-867,1224.19,TRANSFER,0,Normal
104,AML-TX-02532,ACCT-LEGIT-704,ACCT-LEGIT-937,6681.92,PAYMENT,0,Normal
223,AML-TX-02533,ACCT-LEGIT-331,ACCT-LEGIT-139,3241.23,CASH_OUT,0,Normal
417,AML-TX-02534,ACCT-MULE-24,ACCT-CONDUIT-16,24475.29,CASH_OUT,1,Smurfing_Structuring
376,AML-TX-02535,ACCT-LEGIT-250,ACCT-LEGIT-135,818.72,PAYMENT,0,Normal
213,AML-TX-02536,ACCT-LEGIT-937,ACCT-LEGIT-408,12728.31,CASH_OUT,0,Normal
647,AML-TX-02537,ACCT-LEGIT-146,ACCT-LEGIT-630,7156.21,PAYMENT,0,Normal
594,AML-TX-02538,ACCT-LEGIT-373,ACCT-LEGIT-261,2784.32,TRANSFER,0,Normal
371,AML-TX-02539,ACCT-MULE-18,U-8831,41965.12,TRANSFER,1,Fan_In
675,AML-TX-02540,ACCT-LEGIT-593,ACCT-LEGIT-425,3905.91,CASH_OUT,0,Normal
462,AML-TX-02541,ACCT-LEGIT-529,ACCT-LEGIT-271,695.22,TRANSFER,0,Normal
585,AML-TX-02542,ACCT-LEGIT-258,ACCT-LEGIT-368,534.38,PAYMENT,0,Normal
717,AML-TX-02543,ACCT-MULE-27,U-8831,40839.92,TRANSFER,1,Fan_In
88,AML-TX-02544,ACCT-LEGIT-588,ACCT-LEGIT-781,513.63,PAYMENT,0,Normal
659,AML-TX-02545,ACCT-MULE-29,ACCT-CONDUIT-36,24544.47,CASH_OUT,1,Smurfing_Structuring
208,AML-TX-02546,ACCT-MULE-18,ACCT-CONDUIT-30,75302.18,TRANSFER,1,Fan_Out
21,AML-TX-02547,ACCT-LEGIT-217,ACCT-LEGIT-929,3416.4,CASH_OUT,0,Normal
485,AML-TX-02548,ACCT-LEGIT-798,ACCT-LEGIT-893,478.65,TRANSFER,0,Normal
237,AML-TX-02549,ACCT-LEGIT-811,ACCT-LEGIT-121,5816.91,PAYMENT,0,Normal
291,AML-TX-02550,ACCT-LEGIT-848,ACCT-LEGIT-720,3518.41,TRANSFER,0,Normal
375,AML-TX-02551,ACCT-LEGIT-288,ACCT-LEGIT-814,1816.21,PAYMENT,0,Normal
459,AML-TX-02552,ACCT-LEGIT-743,ACCT-LEGIT-325,2746.8,PAYMENT,0,Normal
582,AML-TX-02553,ACCT-LEGIT-489,ACCT-LEGIT-175,964.67,CASH_OUT,0,Normal
524,AML-TX-02554,ACCT-LEGIT-535,ACCT-LEGIT-364,1652.23,TRANSFER,0,Normal
435,AML-TX-02555,ACCT-LEGIT-754,ACCT-LEGIT-867,480.78,PAYMENT,0,Normal
218,AML-TX-02556,ACCT-LEGIT-736,ACCT-LEGIT-980,456.45,CASH_OUT,0,Normal
526,AML-TX-02557,ACCT-LEGIT-537,ACCT-LEGIT-139,1686.04,PAYMENT,0,Normal
513,AML-TX-02558,ACCT-MULE-25,ACCT-CONDUIT-44,24753.7,CASH_OUT,1,Smurfing_Structuring
630,AML-TX-02559,ACCT-LEGIT-516,ACCT-LEGIT-179,1784.69,CASH_OUT,0,Normal
534,AML-TX-02560,ACCT-LEGIT-780,ACCT-LEGIT-710,1861.7,TRANSFER,0,Normal
245,AML-TX-02561,ACCT-LEGIT-572,ACCT-LEGIT-837,1087.01,CASH_OUT,0,Normal
103,AML-TX-02562,ACCT-LEGIT-804,ACCT-LEGIT-402,2215.75,CASH_OUT,0,Normal
77,AML-TX-02563,ACCT-LEGIT-896,ACCT-LEGIT-285,833.43,CASH_OUT,0,Normal
401,AML-TX-02564,ACCT-MULE-11,ACCT-CONDUIT-11,24329.6,CASH_OUT,1,Smurfing_Structuring
361,AML-TX-02565,ACCT-LEGIT-932,ACCT-LEGIT-773,248.84,PAYMENT,0,Normal
448,AML-TX-02566,ACCT-LEGIT-704,ACCT-LEGIT-907,1173.45,PAYMENT,0,Normal
556,AML-TX-02567,ACCT-LEGIT-935,ACCT-LEGIT-920,2978.15,TRANSFER,0,Normal
454,AML-TX-02568,ACCT-LEGIT-325,ACCT-LEGIT-481,697.87,TRANSFER,0,Normal
268,AML-TX-02569,ACCT-LEGIT-572,ACCT-LEGIT-193,3181.59,TRANSFER,0,Normal
673,AML-TX-02570,ACCT-LEGIT-896,ACCT-LEGIT-719,282.01,CASH_OUT,0,Normal
291,AML-TX-02571,ACCT-LEGIT-395,ACCT-LEGIT-948,5232.04,PAYMENT,0,Normal
353,AML-TX-02572,ACCT-MULE-19,ACCT-CONDUIT-31,32732.93,TRANSFER,1,Fan_Out
360,AML-TX-02573,ACCT-LEGIT-215,ACCT-LEGIT-922,5741.37,TRANSFER,0,Normal
579,AML-TX-02574,ACCT-LEGIT-503,ACCT-LEGIT-419,2836.72,CASH_OUT,0,Normal
381,AML-TX-02575,ACCT-LEGIT-918,ACCT-LEGIT-740,664.38,TRANSFER,0,Normal
477,AML-TX-02576,ACCT-LEGIT-638,ACCT-LEGIT-244,266.48,TRANSFER,0,Normal
591,AML-TX-02577,ACCT-LEGIT-744,ACCT-LEGIT-752,3519.3,TRANSFER,0,Normal
499,AML-TX-02578,ACCT-LEGIT-334,ACCT-LEGIT-323,369.41,PAYMENT,0,Normal
182,AML-TX-02579,ACCT-LEGIT-790,ACCT-LEGIT-937,4974.4,TRANSFER,0,Normal
211,AML-TX-02580,ACCT-LEGIT-229,ACCT-LEGIT-324,9716.29,PAYMENT,0,Normal
230,AML-TX-02581,ACCT-MULE-21,ACCT-CONDUIT-16,24790.17,CASH_OUT,1,Smurfing_Structuring
207,AML-TX-02582,ACCT-LEGIT-278,ACCT-LEGIT-949,1393.39,CASH_OUT,0,Normal
442,AML-TX-02583,ACCT-LEGIT-259,ACCT-LEGIT-150,553.3,PAYMENT,0,Normal
232,AML-TX-02584,ACCT-LEGIT-410,ACCT-LEGIT-709,5101.57,PAYMENT,0,Normal
685,AML-TX-02585,ACCT-LEGIT-576,ACCT-LEGIT-930,312.61,PAYMENT,0,Normal
652,AML-TX-02586,ACCT-LEGIT-559,ACCT-LEGIT-303,3541.76,TRANSFER,0,Normal
20,AML-TX-02587,ACCT-LEGIT-334,ACCT-LEGIT-873,653.94,TRANSFER,0,Normal
530,AML-TX-02588,ACCT-LEGIT-897,ACCT-LEGIT-194,404.54,PAYMENT,0,Normal
674,AML-TX-02589,ACCT-MULE-12,ACCT-CONDUIT-22,64198.94,TRANSFER,1,Fan_Out
666,AML-TX-02590,ACCT-LEGIT-270,ACCT-LEGIT-452,1532.09,CASH_OUT,0,Normal
364,AML-TX-02591,ACCT-LEGIT-161,ACCT-LEGIT-636,6523.56,TRANSFER,0,Normal
105,AML-TX-02592,ACCT-LEGIT-372,ACCT-LEGIT-588,1286.35,TRANSFER,0,Normal
713,AML-TX-02593,ACCT-LEGIT-485,ACCT-LEGIT-789,339.18,TRANSFER,0,Normal
150,AML-TX-02594,ACCT-LEGIT-102,ACCT-LEGIT-450,6968.38,PAYMENT,0,Normal
561,AML-TX-02595,ACCT-LEGIT-601,ACCT-LEGIT-609,3421.95,TRANSFER,0,Normal
498,AML-TX-02596,ACCT-LEGIT-796,ACCT-LEGIT-749,3007.98,CASH_OUT,0,Normal
358,AML-TX-02597,ACCT-LEGIT-934,ACCT-LEGIT-729,1410.22,PAYMENT,0,Normal
376,AML-TX-02598,ACCT-LEGIT-956,ACCT-LEGIT-285,5555.6,CASH_OUT,0,Normal
411,AML-TX-02599,ACCT-LEGIT-803,ACCT-LEGIT-716,998.09,CASH_OUT,0,Normal
9,AML-TX-02600,ACCT-MULE-24,ACCT-CONDUIT-13,60862.68,TRANSFER,1,Cycle_Hawala
582,AML-TX-02601,ACCT-LEGIT-400,ACCT-LEGIT-104,7700.18,TRANSFER,0,Normal
490,AML-TX-02602,ACCT-LEGIT-243,ACCT-LEGIT-459,1005.55,TRANSFER,0,Normal
155,AML-TX-02603,ACCT-MULE-13,ACCT-CONDUIT-15,77146.67,TRANSFER,1,Mule_Layering
635,AML-TX-02604,ACCT-LEGIT-343,ACCT-LEGIT-369,8419.29,PAYMENT,0,Normal
627,AML-TX-02605,ACCT-LEGIT-633,ACCT-LEGIT-847,3832.84,CASH_OUT,0,Normal
5,AML-TX-02606,ACCT-LEGIT-172,ACCT-LEGIT-594,3922.26,PAYMENT,0,Normal
249,AML-TX-02607,ACCT-MULE-16,U-8831,38827.99,TRANSFER,1,Fan_In
623,AML-TX-02608,ACCT-LEGIT-644,ACCT-LEGIT-872,6328.22,TRANSFER,0,Normal
426,AML-TX-02609,ACCT-MULE-27,ACCT-CONDUIT-32,57835.41,TRANSFER,1,Cycle_Hawala
659,AML-TX-02610,ACCT-LEGIT-918,ACCT-LEGIT-129,2014.05,PAYMENT,0,Normal
94,AML-TX-02611,ACCT-MULE-18,ACCT-CONDUIT-35,40934.57,TRANSFER,1,Cycle_Hawala
704,AML-TX-02612,ACCT-LEGIT-682,ACCT-LEGIT-124,943.61,TRANSFER,0,Normal
78,AML-TX-02613,ACCT-LEGIT-417,ACCT-LEGIT-325,3130.73,PAYMENT,0,Normal
52,AML-TX-02614,ACCT-LEGIT-993,ACCT-LEGIT-800,4463.86,CASH_OUT,0,Normal
407,AML-TX-02615,ACCT-LEGIT-898,ACCT-LEGIT-815,6803.08,PAYMENT,0,Normal
382,AML-TX-02616,ACCT-LEGIT-618,ACCT-LEGIT-331,3333.19,CASH_OUT,0,Normal
67,AML-TX-02617,ACCT-LEGIT-655,ACCT-LEGIT-751,3322.2,CASH_OUT,0,Normal
638,AML-TX-02618,ACCT-MULE-19,ACCT-CONDUIT-12,88983.89,TRANSFER,1,Mule_Layering
292,AML-TX-02619,ACCT-LEGIT-609,ACCT-LEGIT-579,4496.33,PAYMENT,0,Normal
453,AML-TX-02620,ACCT-LEGIT-156,ACCT-LEGIT-738,252.44,PAYMENT,0,Normal
223,AML-TX-02621,ACCT-LEGIT-717,ACCT-LEGIT-234,2687.61,PAYMENT,0,Normal
346,AML-TX-02622,ACCT-LEGIT-838,ACCT-LEGIT-448,299.19,TRANSFER,0,Normal
519,AML-TX-02623,ACCT-LEGIT-933,ACCT-LEGIT-920,1775.41,CASH_OUT,0,Normal
122,AML-TX-02624,ACCT-LEGIT-354,ACCT-LEGIT-198,2731.91,TRANSFER,0,Normal
134,AML-TX-02625,ACCT-LEGIT-905,ACCT-LEGIT-915,1361.39,TRANSFER,0,Normal
85,AML-TX-02626,ACCT-LEGIT-157,ACCT-LEGIT-871,2928.91,PAYMENT,0,Normal
527,AML-TX-02627,ACCT-LEGIT-952,ACCT-LEGIT-682,8345.41,TRANSFER,0,Normal
360,AML-TX-02628,ACCT-LEGIT-583,ACCT-LEGIT-751,189.03,PAYMENT,0,Normal
347,AML-TX-02629,ACCT-LEGIT-401,ACCT-LEGIT-570,366.95,TRANSFER,0,Normal
238,AML-TX-02630,ACCT-LEGIT-331,ACCT-LEGIT-665,718.77,PAYMENT,0,Normal
482,AML-TX-02631,ACCT-LEGIT-548,ACCT-LEGIT-725,3096.94,TRANSFER,0,Normal
471,AML-TX-02632,ACCT-MULE-22,ACCT-CONDUIT-17,64891.86,TRANSFER,1,Cycle_Hawala
412,AML-TX-02633,ACCT-LEGIT-136,ACCT-LEGIT-643,2060.25,PAYMENT,0,Normal
300,AML-TX-02634,ACCT-LEGIT-130,ACCT-LEGIT-190,1930.36,TRANSFER,0,Normal
330,AML-TX-02635,ACCT-LEGIT-613,ACCT-LEGIT-555,4076.34,TRANSFER,0,Normal
14,AML-TX-02636,ACCT-MULE-29,ACCT-CONDUIT-20,58685.04,TRANSFER,1,Mule_Layering
10,AML-TX-02637,ACCT-LEGIT-897,ACCT-LEGIT-168,877.5,PAYMENT,0,Normal
307,AML-TX-02638,ACCT-LEGIT-330,ACCT-LEGIT-113,1179.43,CASH_OUT,0,Normal
481,AML-TX-02639,ACCT-LEGIT-453,ACCT-LEGIT-696,1715.75,CASH_OUT,0,Normal
716,AML-TX-02640,ACCT-MULE-28,U-8831,30783.68,TRANSFER,1,Fan_In
556,AML-TX-02641,ACCT-LEGIT-265,ACCT-LEGIT-611,1340.79,TRANSFER,0,Normal
206,AML-TX-02642,ACCT-LEGIT-739,ACCT-LEGIT-859,2163.06,PAYMENT,0,Normal
304,AML-TX-02643,ACCT-LEGIT-268,ACCT-LEGIT-697,5322.03,TRANSFER,0,Normal
42,AML-TX-02644,ACCT-LEGIT-270,ACCT-LEGIT-871,2359.07,PAYMENT,0,Normal
168,AML-TX-02645,ACCT-LEGIT-299,ACCT-LEGIT-931,4759.88,PAYMENT,0,Normal
336,AML-TX-02646,ACCT-LEGIT-711,ACCT-LEGIT-176,2321.11,PAYMENT,0,Normal
530,AML-TX-02647,ACCT-MULE-17,U-8831,42842.99,TRANSFER,1,Fan_In
468,AML-TX-02648,ACCT-LEGIT-697,ACCT-LEGIT-607,3016.54,TRANSFER,0,Normal
32,AML-TX-02649,ACCT-LEGIT-714,ACCT-LEGIT-591,382.36,TRANSFER,0,Normal
692,AML-TX-02650,ACCT-LEGIT-607,ACCT-LEGIT-173,3392.07,CASH_OUT,0,Normal
252,AML-TX-02651,ACCT-LEGIT-933,ACCT-LEGIT-562,4037.95,PAYMENT,0,Normal
260,AML-TX-02652,ACCT-LEGIT-523,ACCT-LEGIT-779,4998.16,TRANSFER,0,Normal
630,AML-TX-02653,ACCT-LEGIT-789,ACCT-LEGIT-316,630.16,PAYMENT,0,Normal
188,AML-TX-02654,ACCT-LEGIT-160,ACCT-LEGIT-882,1336.28,TRANSFER,0,Normal
114,AML-TX-02655,ACCT-LEGIT-680,ACCT-LEGIT-320,834.43,TRANSFER,0,Normal
105,AML-TX-02656,ACCT-LEGIT-234,ACCT-LEGIT-995,2359.41,CASH_OUT,0,Normal
24,AML-TX-02657,ACCT-LEGIT-685,ACCT-LEGIT-237,3088.47,TRANSFER,0,Normal
155,AML-TX-02658,ACCT-LEGIT-247,ACCT-LEGIT-227,2787.55,TRANSFER,0,Normal
646,AML-TX-02659,ACCT-LEGIT-983,ACCT-LEGIT-750,1236.09,PAYMENT,0,Normal
75,AML-TX-02660,ACCT-LEGIT-771,ACCT-LEGIT-793,392.21,CASH_OUT,0,Normal
396,AML-TX-02661,ACCT-LEGIT-246,ACCT-LEGIT-277,3810.55,TRANSFER,0,Normal
69,AML-TX-02662,ACCT-LEGIT-551,ACCT-LEGIT-828,1581.24,CASH_OUT,0,Normal
521,AML-TX-02663,ACCT-LEGIT-157,ACCT-LEGIT-342,1607.54,PAYMENT,0,Normal
369,AML-TX-02664,ACCT-LEGIT-257,ACCT-LEGIT-336,3568.3,TRANSFER,0,Normal
357,AML-TX-02665,ACCT-MULE-26,ACCT-CONDUIT-17,72520.92,TRANSFER,1,Cycle_Hawala
29,AML-TX-02666,ACCT-LEGIT-380,ACCT-LEGIT-974,1702.54,TRANSFER,0,Normal
203,AML-TX-02667,ACCT-LEGIT-346,ACCT-LEGIT-626,1420.5,CASH_OUT,0,Normal
609,AML-TX-02668,ACCT-LEGIT-434,ACCT-LEGIT-984,2535.65,PAYMENT,0,Normal
162,AML-TX-02669,ACCT-LEGIT-362,ACCT-LEGIT-416,964.7,PAYMENT,0,Normal
342,AML-TX-02670,ACCT-LEGIT-445,ACCT-LEGIT-315,3500.27,PAYMENT,0,Normal
494,AML-TX-02671,ACCT-LEGIT-798,ACCT-LEGIT-342,616.7,PAYMENT,0,Normal
68,AML-TX-02672,ACCT-LEGIT-568,ACCT-LEGIT-348,2103.88,CASH_OUT,0,Normal
511,AML-TX-02673,ACCT-MULE-27,U-8831,41046.97,TRANSFER,1,Fan_In
521,AML-TX-02674,ACCT-LEGIT-818,ACCT-LEGIT-493,3398.72,CASH_OUT,0,Normal
524,AML-TX-02675,ACCT-LEGIT-352,ACCT-LEGIT-748,2469.67,CASH_OUT,0,Normal
15,AML-TX-02676,ACCT-LEGIT-905,ACCT-LEGIT-256,5508.23,CASH_OUT,0,Normal
277,AML-TX-02677,ACCT-LEGIT-769,ACCT-LEGIT-145,3514.46,TRANSFER,0,Normal
67,AML-TX-02678,ACCT-MULE-18,ACCT-CONDUIT-32,89120.31,TRANSFER,1,Mule_Layering
428,AML-TX-02679,ACCT-LEGIT-316,ACCT-LEGIT-779,6329.6,PAYMENT,0,Normal
289,AML-TX-02680,ACCT-LEGIT-629,ACCT-LEGIT-644,3289.66,CASH_OUT,0,Normal
442,AML-TX-02681,ACCT-LEGIT-120,ACCT-LEGIT-827,1105.58,PAYMENT,0,Normal
461,AML-TX-02682,ACCT-LEGIT-813,ACCT-LEGIT-946,976.72,TRANSFER,0,Normal
94,AML-TX-02683,ACCT-LEGIT-756,ACCT-LEGIT-708,4143.64,CASH_OUT,0,Normal
357,AML-TX-02684,ACCT-LEGIT-520,ACCT-LEGIT-125,245.87,PAYMENT,0,Normal
424,AML-TX-02685,ACCT-LEGIT-383,ACCT-LEGIT-721,8150.02,PAYMENT,0,Normal
564,AML-TX-02686,ACCT-LEGIT-193,ACCT-LEGIT-327,3473.44,PAYMENT,0,Normal
551,AML-TX-02687,ACCT-LEGIT-477,ACCT-LEGIT-759,309.48,CASH_OUT,0,Normal
291,AML-TX-02688,ACCT-LEGIT-714,ACCT-LEGIT-508,1021.89,CASH_OUT,0,Normal
73,AML-TX-02689,ACCT-LEGIT-755,ACCT-LEGIT-472,3292.68,CASH_OUT,0,Normal
492,AML-TX-02690,ACCT-LEGIT-348,ACCT-LEGIT-356,1205.51,PAYMENT,0,Normal
364,AML-TX-02691,ACCT-LEGIT-321,ACCT-LEGIT-309,1528.63,CASH_OUT,0,Normal
296,AML-TX-02692,ACCT-LEGIT-356,ACCT-LEGIT-912,2925.08,TRANSFER,0,Normal
254,AML-TX-02693,ACCT-MULE-28,ACCT-CONDUIT-17,79101.95,TRANSFER,1,Mule_Layering
240,AML-TX-02694,ACCT-LEGIT-510,ACCT-LEGIT-974,2847.38,CASH_OUT,0,Normal
170,AML-TX-02695,ACCT-LEGIT-640,ACCT-LEGIT-577,4188.37,PAYMENT,0,Normal
45,AML-TX-02696,ACCT-MULE-21,ACCT-CONDUIT-47,69261.51,TRANSFER,1,Mule_Layering
445,AML-TX-02697,ACCT-LEGIT-692,ACCT-LEGIT-529,171.3,TRANSFER,0,Normal
336,AML-TX-02698,ACCT-LEGIT-575,ACCT-LEGIT-613,4028.39,CASH_OUT,0,Normal
106,AML-TX-02699,ACCT-LEGIT-717,ACCT-LEGIT-174,210.72,CASH_OUT,0,Normal
182,AML-TX-02700,ACCT-LEGIT-696,ACCT-LEGIT-154,8596.52,TRANSFER,0,Normal
536,AML-TX-02701,ACCT-LEGIT-194,ACCT-LEGIT-792,231.72,TRANSFER,0,Normal
657,AML-TX-02702,ACCT-LEGIT-685,ACCT-LEGIT-238,7941.52,TRANSFER,0,Normal
42,AML-TX-02703,ACCT-LEGIT-822,ACCT-LEGIT-712,567.79,TRANSFER,0,Normal
373,AML-TX-02704,ACCT-LEGIT-973,ACCT-LEGIT-292,814.18,PAYMENT,0,Normal
333,AML-TX-02705,ACCT-LEGIT-456,ACCT-LEGIT-996,5602.32,PAYMENT,0,Normal
195,AML-TX-02706,ACCT-LEGIT-521,ACCT-LEGIT-639,843.65,TRANSFER,0,Normal
123,AML-TX-02707,ACCT-LEGIT-572,ACCT-LEGIT-283,3159.79,TRANSFER,0,Normal
421,AML-TX-02708,ACCT-LEGIT-836,ACCT-LEGIT-292,1435.66,TRANSFER,0,Normal
106,AML-TX-02709,ACCT-LEGIT-887,ACCT-LEGIT-305,592.5,CASH_OUT,0,Normal
61,AML-TX-02710,ACCT-MULE-18,ACCT-CONDUIT-17,62494.86,TRANSFER,1,Cycle_Hawala
377,AML-TX-02711,ACCT-LEGIT-580,ACCT-LEGIT-586,857.41,PAYMENT,0,Normal
435,AML-TX-02712,ACCT-LEGIT-370,ACCT-LEGIT-848,1449.83,TRANSFER,0,Normal
287,AML-TX-02713,ACCT-MULE-12,ACCT-CONDUIT-10,24796.27,CASH_OUT,1,Smurfing_Structuring
397,AML-TX-02714,ACCT-LEGIT-427,ACCT-LEGIT-362,1506.46,PAYMENT,0,Normal
370,AML-TX-02715,ACCT-LEGIT-578,ACCT-LEGIT-537,3004.46,CASH_OUT,0,Normal
511,AML-TX-02716,ACCT-MULE-23,ACCT-CONDUIT-38,30822.94,TRANSFER,1,Cycle_Hawala
671,AML-TX-02717,ACCT-LEGIT-725,ACCT-LEGIT-919,680.98,TRANSFER,0,Normal
670,AML-TX-02718,ACCT-MULE-26,U-8831,62031.76,TRANSFER,1,Fan_In
547,AML-TX-02719,ACCT-LEGIT-871,ACCT-LEGIT-610,4075.65,TRANSFER,0,Normal
501,AML-TX-02720,ACCT-LEGIT-485,ACCT-LEGIT-875,6666.46,PAYMENT,0,Normal
595,AML-TX-02721,ACCT-MULE-15,U-8831,56710.22,TRANSFER,1,Fan_In
565,AML-TX-02722,ACCT-LEGIT-105,ACCT-LEGIT-316,2938.08,TRANSFER,0,Normal
344,AML-TX-02723,ACCT-LEGIT-827,ACCT-LEGIT-716,3194.22,CASH_OUT,0,Normal
504,AML-TX-02724,ACCT-MULE-14,U-8831,75135.43,TRANSFER,1,Fan_In
521,AML-TX-02725,ACCT-LEGIT-914,ACCT-LEGIT-509,180.67,CASH_OUT,0,Normal
568,AML-TX-02726,ACCT-LEGIT-370,ACCT-LEGIT-223,2760.07,CASH_OUT,0,Normal
640,AML-TX-02727,ACCT-MULE-16,ACCT-CONDUIT-47,48119.23,TRANSFER,1,Mule_Layering
621,AML-TX-02728,ACCT-MULE-16,U-8831,75766.63,TRANSFER,1,Fan_In
284,AML-TX-02729,ACCT-MULE-18,ACCT-CONDUIT-16,68665.28,TRANSFER,1,Cycle_Hawala
388,AML-TX-02730,ACCT-LEGIT-184,ACCT-LEGIT-642,1833.12,PAYMENT,0,Normal
100,AML-TX-02731,ACCT-LEGIT-542,ACCT-LEGIT-617,4704.07,PAYMENT,0,Normal
246,AML-TX-02732,ACCT-LEGIT-247,ACCT-LEGIT-779,7959.17,TRANSFER,0,Normal
674,AML-TX-02733,ACCT-LEGIT-682,ACCT-LEGIT-280,2929.77,CASH_OUT,0,Normal
157,AML-TX-02734,ACCT-MULE-26,U-8831,51559.8,TRANSFER,1,Fan_In
342,AML-TX-02735,ACCT-LEGIT-245,ACCT-LEGIT-345,879.07,PAYMENT,0,Normal
242,AML-TX-02736,ACCT-LEGIT-652,ACCT-LEGIT-331,2412.68,CASH_OUT,0,Normal
574,AML-TX-02737,ACCT-LEGIT-156,ACCT-LEGIT-529,3689.2,TRANSFER,0,Normal
699,AML-TX-02738,ACCT-LEGIT-156,ACCT-LEGIT-952,4549.22,TRANSFER,0,Normal
583,AML-TX-02739,ACCT-LEGIT-827,ACCT-LEGIT-181,4856.16,CASH_OUT,0,Normal
39,AML-TX-02740,ACCT-LEGIT-610,ACCT-LEGIT-361,2953.46,CASH_OUT,0,Normal
41,AML-TX-02741,ACCT-LEGIT-327,ACCT-LEGIT-470,2317.72,TRANSFER,0,Normal
623,AML-TX-02742,ACCT-LEGIT-154,ACCT-LEGIT-580,1579.16,TRANSFER,0,Normal
206,AML-TX-02743,ACCT-LEGIT-294,ACCT-LEGIT-574,482.0,CASH_OUT,0,Normal
646,AML-TX-02744,ACCT-LEGIT-757,ACCT-LEGIT-414,4119.16,CASH_OUT,0,Normal
57,AML-TX-02745,ACCT-LEGIT-798,ACCT-LEGIT-502,1867.29,TRANSFER,0,Normal
65,AML-TX-02746,ACCT-LEGIT-557,ACCT-LEGIT-912,1817.74,CASH_OUT,0,Normal
147,AML-TX-02747,ACCT-LEGIT-926,ACCT-LEGIT-784,426.11,PAYMENT,0,Normal
410,AML-TX-02748,ACCT-LEGIT-163,ACCT-LEGIT-930,282.56,CASH_OUT,0,Normal
123,AML-TX-02749,ACCT-LEGIT-972,ACCT-LEGIT-606,4677.08,PAYMENT,0,Normal
644,AML-TX-02750,ACCT-LEGIT-708,ACCT-LEGIT-133,1560.55,TRANSFER,0,Normal
455,AML-TX-02751,ACCT-MULE-29,ACCT-CONDUIT-21,24228.05,CASH_OUT,1,Smurfing_Structuring
444,AML-TX-02752,ACCT-MULE-23,U-8831,31837.93,TRANSFER,1,Fan_In
103,AML-TX-02753,ACCT-LEGIT-154,ACCT-LEGIT-646,4105.61,PAYMENT,0,Normal
27,AML-TX-02754,ACCT-LEGIT-504,ACCT-LEGIT-414,10441.01,CASH_OUT,0,Normal
656,AML-TX-02755,ACCT-LEGIT-925,ACCT-LEGIT-395,3840.93,TRANSFER,0,Normal
582,AML-TX-02756,ACCT-MULE-23,U-8831,47104.3,TRANSFER,1,Fan_In
140,AML-TX-02757,ACCT-LEGIT-417,ACCT-LEGIT-337,2254.37,PAYMENT,0,Normal
703,AML-TX-02758,ACCT-LEGIT-882,ACCT-LEGIT-228,409.96,CASH_OUT,0,Normal
127,AML-TX-02759,ACCT-LEGIT-754,ACCT-LEGIT-431,628.69,PAYMENT,0,Normal
341,AML-TX-02760,ACCT-MULE-20,ACCT-CONDUIT-43,24340.87,CASH_OUT,1,Smurfing_Structuring
189,AML-TX-02761,ACCT-LEGIT-674,ACCT-LEGIT-645,982.4,CASH_OUT,0,Normal
187,AML-TX-02762,ACCT-LEGIT-473,ACCT-LEGIT-120,19991.43,CASH_OUT,0,Normal
311,AML-TX-02763,ACCT-LEGIT-388,ACCT-LEGIT-435,1134.9,CASH_OUT,0,Normal
609,AML-TX-02764,ACCT-LEGIT-496,ACCT-LEGIT-333,1150.67,PAYMENT,0,Normal
124,AML-TX-02765,ACCT-LEGIT-235,ACCT-LEGIT-264,2326.14,TRANSFER,0,Normal
339,AML-TX-02766,ACCT-LEGIT-698,ACCT-LEGIT-416,582.31,PAYMENT,0,Normal
436,AML-TX-02767,ACCT-LEGIT-641,ACCT-LEGIT-659,860.99,TRANSFER,0,Normal
354,AML-TX-02768,ACCT-LEGIT-735,ACCT-LEGIT-687,3648.08,TRANSFER,0,Normal
674,AML-TX-02769,ACCT-LEGIT-746,ACCT-LEGIT-819,6176.46,CASH_OUT,0,Normal
603,AML-TX-02770,ACCT-LEGIT-308,ACCT-LEGIT-919,1383.96,TRANSFER,0,Normal
22,AML-TX-02771,ACCT-LEGIT-506,ACCT-LEGIT-926,2731.36,CASH_OUT,0,Normal
714,AML-TX-02772,ACCT-LEGIT-331,ACCT-LEGIT-862,1528.44,CASH_OUT,0,Normal
538,AML-TX-02773,ACCT-LEGIT-535,ACCT-LEGIT-678,2727.64,TRANSFER,0,Normal
687,AML-TX-02774,ACCT-LEGIT-953,ACCT-LEGIT-471,5679.91,CASH_OUT,0,Normal
44,AML-TX-02775,ACCT-LEGIT-940,ACCT-LEGIT-184,7327.41,CASH_OUT,0,Normal
148,AML-TX-02776,ACCT-LEGIT-162,ACCT-LEGIT-644,2881.01,PAYMENT,0,Normal
246,AML-TX-02777,ACCT-LEGIT-677,ACCT-LEGIT-127,6476.21,PAYMENT,0,Normal
515,AML-TX-02778,ACCT-LEGIT-133,ACCT-LEGIT-755,311.47,CASH_OUT,0,Normal
614,AML-TX-02779,ACCT-LEGIT-398,ACCT-LEGIT-408,1063.98,TRANSFER,0,Normal
475,AML-TX-02780,ACCT-LEGIT-411,ACCT-LEGIT-460,6638.17,CASH_OUT,0,Normal
637,AML-TX-02781,ACCT-MULE-13,ACCT-CONDUIT-14,24239.12,CASH_OUT,1,Smurfing_Structuring
219,AML-TX-02782,ACCT-LEGIT-481,ACCT-LEGIT-233,1134.29,CASH_OUT,0,Normal
496,AML-TX-02783,ACCT-LEGIT-348,ACCT-LEGIT-218,10593.59,TRANSFER,0,Normal
120,AML-TX-02784,ACCT-LEGIT-933,ACCT-LEGIT-283,5472.62,PAYMENT,0,Normal
442,AML-TX-02785,ACCT-LEGIT-572,ACCT-LEGIT-528,167.15,TRANSFER,0,Normal
664,AML-TX-02786,ACCT-LEGIT-933,ACCT-LEGIT-924,2199.95,CASH_OUT,0,Normal
370,AML-TX-02787,ACCT-MULE-27,ACCT-CONDUIT-39,40799.4,TRANSFER,1,Cycle_Hawala
228,AML-TX-02788,ACCT-LEGIT-614,ACCT-LEGIT-487,2436.08,TRANSFER,0,Normal
667,AML-TX-02789,ACCT-MULE-19,ACCT-CONDUIT-25,56326.19,TRANSFER,1,Fan_Out
252,AML-TX-02790,ACCT-MULE-20,U-8831,49364.58,TRANSFER,1,Fan_In
420,AML-TX-02791,ACCT-LEGIT-110,ACCT-LEGIT-149,2463.95,CASH_OUT,0,Normal
516,AML-TX-02792,ACCT-LEGIT-517,ACCT-LEGIT-593,222.71,PAYMENT,0,Normal
704,AML-TX-02793,ACCT-LEGIT-209,ACCT-LEGIT-480,178.39,PAYMENT,0,Normal
278,AML-TX-02794,ACCT-LEGIT-580,ACCT-LEGIT-833,3181.65,PAYMENT,0,Normal
289,AML-TX-02795,ACCT-LEGIT-109,ACCT-LEGIT-859,954.69,PAYMENT,0,Normal
568,AML-TX-02796,ACCT-LEGIT-995,ACCT-LEGIT-656,1497.61,PAYMENT,0,Normal
307,AML-TX-02797,ACCT-LEGIT-886,ACCT-LEGIT-203,1926.68,PAYMENT,0,Normal
411,AML-TX-02798,ACCT-LEGIT-109,ACCT-LEGIT-464,1251.75,TRANSFER,0,Normal
269,AML-TX-02799,ACCT-LEGIT-140,ACCT-LEGIT-613,215.9,CASH_OUT,0,Normal
196,AML-TX-02800,ACCT-LEGIT-100,ACCT-LEGIT-382,2101.13,TRANSFER,0,Normal
78,AML-TX-02801,ACCT-MULE-24,U-8831,65697.92,TRANSFER,1,Fan_In
590,AML-TX-02802,ACCT-LEGIT-443,ACCT-LEGIT-280,457.49,CASH_OUT,0,Normal
446,AML-TX-02803,ACCT-LEGIT-781,ACCT-LEGIT-232,405.81,CASH_OUT,0,Normal
265,AML-TX-02804,ACCT-LEGIT-897,ACCT-LEGIT-934,9583.02,CASH_OUT,0,Normal
453,AML-TX-02805,ACCT-LEGIT-411,ACCT-LEGIT-208,789.24,PAYMENT,0,Normal
553,AML-TX-02806,ACCT-LEGIT-564,ACCT-LEGIT-379,160.61,TRANSFER,0,Normal
172,AML-TX-02807,ACCT-MULE-19,ACCT-CONDUIT-16,62759.47,TRANSFER,1,Fan_Out
526,AML-TX-02808,ACCT-LEGIT-584,ACCT-LEGIT-100,3429.65,CASH_OUT,0,Normal
597,AML-TX-02809,ACCT-LEGIT-278,ACCT-LEGIT-734,4246.77,TRANSFER,0,Normal
435,AML-TX-02810,ACCT-MULE-16,U-8831,79038.56,TRANSFER,1,Fan_In
169,AML-TX-02811,ACCT-MULE-20,ACCT-CONDUIT-43,24284.05,CASH_OUT,1,Smurfing_Structuring
214,AML-TX-02812,ACCT-LEGIT-768,ACCT-LEGIT-893,566.45,PAYMENT,0,Normal
337,AML-TX-02813,ACCT-LEGIT-958,ACCT-LEGIT-526,5547.82,TRANSFER,0,Normal
610,AML-TX-02814,ACCT-LEGIT-182,ACCT-LEGIT-818,8110.98,PAYMENT,0,Normal
525,AML-TX-02815,ACCT-LEGIT-156,ACCT-LEGIT-689,2162.03,CASH_OUT,0,Normal
110,AML-TX-02816,ACCT-LEGIT-691,ACCT-LEGIT-461,7544.46,PAYMENT,0,Normal
339,AML-TX-02817,ACCT-LEGIT-534,ACCT-LEGIT-357,1123.84,PAYMENT,0,Normal
715,AML-TX-02818,ACCT-LEGIT-757,ACCT-LEGIT-987,2698.94,PAYMENT,0,Normal
701,AML-TX-02819,ACCT-MULE-28,U-8831,73159.56,TRANSFER,1,Fan_In
265,AML-TX-02820,ACCT-MULE-21,ACCT-CONDUIT-25,52760.08,TRANSFER,1,Fan_Out
417,AML-TX-02821,ACCT-LEGIT-464,ACCT-LEGIT-209,2112.37,TRANSFER,0,Normal
694,AML-TX-02822,ACCT-LEGIT-705,ACCT-LEGIT-270,2273.3,PAYMENT,0,Normal
324,AML-TX-02823,ACCT-LEGIT-384,ACCT-LEGIT-356,761.75,PAYMENT,0,Normal
437,AML-TX-02824,ACCT-LEGIT-116,ACCT-LEGIT-853,1002.03,TRANSFER,0,Normal
355,AML-TX-02825,ACCT-LEGIT-774,ACCT-LEGIT-398,3271.61,CASH_OUT,0,Normal
638,AML-TX-02826,ACCT-LEGIT-918,ACCT-LEGIT-222,683.78,TRANSFER,0,Normal
361,AML-TX-02827,ACCT-LEGIT-324,ACCT-LEGIT-574,10198.71,CASH_OUT,0,Normal
405,AML-TX-02828,ACCT-LEGIT-149,ACCT-LEGIT-473,831.37,PAYMENT,0,Normal
174,AML-TX-02829,ACCT-LEGIT-604,ACCT-LEGIT-665,10861.69,PAYMENT,0,Normal
589,AML-TX-02830,ACCT-LEGIT-624,ACCT-LEGIT-133,4641.68,TRANSFER,0,Normal
305,AML-TX-02831,ACCT-LEGIT-246,ACCT-LEGIT-699,981.42,CASH_OUT,0,Normal
616,AML-TX-02832,ACCT-LEGIT-321,ACCT-LEGIT-135,397.34,TRANSFER,0,Normal
618,AML-TX-02833,ACCT-LEGIT-639,ACCT-LEGIT-198,1809.37,CASH_OUT,0,Normal
489,AML-TX-02834,ACCT-LEGIT-989,ACCT-LEGIT-323,4704.13,CASH_OUT,0,Normal
658,AML-TX-02835,ACCT-LEGIT-169,ACCT-LEGIT-625,553.13,CASH_OUT,0,Normal
440,AML-TX-02836,ACCT-LEGIT-209,ACCT-LEGIT-157,6236.31,CASH_OUT,0,Normal
256,AML-TX-02837,ACCT-LEGIT-792,ACCT-LEGIT-558,6529.66,CASH_OUT,0,Normal
452,AML-TX-02838,ACCT-LEGIT-995,ACCT-LEGIT-137,1803.99,TRANSFER,0,Normal
671,AML-TX-02839,ACCT-LEGIT-796,ACCT-LEGIT-593,4269.75,CASH_OUT,0,Normal
711,AML-TX-02840,ACCT-LEGIT-287,ACCT-LEGIT-134,891.06,PAYMENT,0,Normal
556,AML-TX-02841,ACCT-LEGIT-292,ACCT-LEGIT-669,3432.12,TRANSFER,0,Normal
263,AML-TX-02842,ACCT-LEGIT-960,ACCT-LEGIT-950,1953.78,PAYMENT,0,Normal
602,AML-TX-02843,ACCT-MULE-15,ACCT-CONDUIT-12,65661.41,TRANSFER,1,Cycle_Hawala
573,AML-TX-02844,ACCT-LEGIT-475,ACCT-LEGIT-675,2919.75,PAYMENT,0,Normal
678,AML-TX-02845,ACCT-LEGIT-637,ACCT-LEGIT-466,3018.29,PAYMENT,0,Normal
666,AML-TX-02846,ACCT-LEGIT-749,ACCT-LEGIT-154,1829.18,TRANSFER,0,Normal
733,AML-TX-02847,ACCT-LEGIT-695,ACCT-LEGIT-991,1871.49,CASH_OUT,0,Normal
414,AML-TX-02848,ACCT-LEGIT-358,ACCT-LEGIT-227,4448.94,CASH_OUT,0,Normal
175,AML-TX-02849,ACCT-LEGIT-961,ACCT-LEGIT-420,545.23,PAYMENT,0,Normal
201,AML-TX-02850,ACCT-LEGIT-893,ACCT-LEGIT-529,6923.71,TRANSFER,0,Normal
495,AML-TX-02851,ACCT-LEGIT-431,ACCT-LEGIT-434,4428.39,CASH_OUT,0,Normal
571,AML-TX-02852,ACCT-LEGIT-448,ACCT-LEGIT-153,267.76,CASH_OUT,0,Normal
363,AML-TX-02853,ACCT-LEGIT-226,ACCT-LEGIT-214,3070.02,PAYMENT,0,Normal
687,AML-TX-02854,ACCT-LEGIT-930,ACCT-LEGIT-583,7944.27,TRANSFER,0,Normal
221,AML-TX-02855,ACCT-LEGIT-829,ACCT-LEGIT-783,4521.4,TRANSFER,0,Normal
682,AML-TX-02856,ACCT-LEGIT-932,ACCT-LEGIT-625,3437.56,PAYMENT,0,Normal
65,AML-TX-02857,ACCT-LEGIT-642,ACCT-LEGIT-123,1967.29,PAYMENT,0,Normal
577,AML-TX-02858,ACCT-LEGIT-953,ACCT-LEGIT-535,477.33,TRANSFER,0,Normal
568,AML-TX-02859,ACCT-LEGIT-917,ACCT-LEGIT-686,753.78,PAYMENT,0,Normal
236,AML-TX-02860,ACCT-LEGIT-519,ACCT-LEGIT-988,1628.85,CASH_OUT,0,Normal
737,AML-TX-02861,ACCT-LEGIT-494,ACCT-LEGIT-491,6027.71,CASH_OUT,0,Normal
395,AML-TX-02862,ACCT-LEGIT-653,ACCT-LEGIT-577,3957.19,TRANSFER,0,Normal
383,AML-TX-02863,ACCT-LEGIT-873,ACCT-LEGIT-223,1472.51,TRANSFER,0,Normal
252,AML-TX-02864,ACCT-MULE-19,ACCT-CONDUIT-35,24773.42,CASH_OUT,1,Smurfing_Structuring
328,AML-TX-02865,ACCT-LEGIT-678,ACCT-LEGIT-829,288.52,CASH_OUT,0,Normal
559,AML-TX-02866,ACCT-LEGIT-151,ACCT-LEGIT-441,1478.36,PAYMENT,0,Normal
351,AML-TX-02867,ACCT-LEGIT-404,ACCT-LEGIT-666,8407.31,CASH_OUT,0,Normal
350,AML-TX-02868,ACCT-LEGIT-852,ACCT-LEGIT-330,390.26,TRANSFER,0,Normal
656,AML-TX-02869,ACCT-LEGIT-528,ACCT-LEGIT-526,314.3,TRANSFER,0,Normal
704,AML-TX-02870,ACCT-LEGIT-126,ACCT-LEGIT-376,1370.98,PAYMENT,0,Normal
400,AML-TX-02871,ACCT-LEGIT-686,ACCT-LEGIT-537,4519.26,PAYMENT,0,Normal
89,AML-TX-02872,ACCT-LEGIT-606,ACCT-LEGIT-895,5128.74,TRANSFER,0,Normal
9,AML-TX-02873,ACCT-LEGIT-424,ACCT-LEGIT-810,2351.45,PAYMENT,0,Normal
452,AML-TX-02874,ACCT-LEGIT-638,ACCT-LEGIT-949,4574.78,CASH_OUT,0,Normal
607,AML-TX-02875,ACCT-LEGIT-795,ACCT-LEGIT-834,1030.81,PAYMENT,0,Normal
89,AML-TX-02876,ACCT-LEGIT-430,ACCT-LEGIT-474,2280.91,CASH_OUT,0,Normal
380,AML-TX-02877,ACCT-LEGIT-250,ACCT-LEGIT-759,5395.77,TRANSFER,0,Normal
288,AML-TX-02878,ACCT-LEGIT-273,ACCT-LEGIT-504,594.78,PAYMENT,0,Normal
234,AML-TX-02879,ACCT-LEGIT-302,ACCT-LEGIT-326,3358.05,TRANSFER,0,Normal
713,AML-TX-02880,ACCT-MULE-20,ACCT-CONDUIT-10,24794.29,CASH_OUT,1,Smurfing_Structuring
333,AML-TX-02881,ACCT-LEGIT-646,ACCT-LEGIT-482,4690.27,TRANSFER,0,Normal
408,AML-TX-02882,ACCT-LEGIT-301,ACCT-LEGIT-743,9969.51,TRANSFER,0,Normal
375,AML-TX-02883,ACCT-MULE-29,U-8831,51507.53,TRANSFER,1,Fan_In
276,AML-TX-02884,ACCT-LEGIT-577,ACCT-LEGIT-437,4965.94,CASH_OUT,0,Normal
637,AML-TX-02885,ACCT-MULE-24,ACCT-CONDUIT-17,42537.52,TRANSFER,1,Fan_Out
205,AML-TX-02886,ACCT-LEGIT-296,ACCT-LEGIT-723,1337.72,PAYMENT,0,Normal
573,AML-TX-02887,ACCT-LEGIT-621,ACCT-LEGIT-485,2927.32,CASH_OUT,0,Normal
50,AML-TX-02888,ACCT-LEGIT-165,ACCT-LEGIT-561,1749.81,PAYMENT,0,Normal
522,AML-TX-02889,ACCT-LEGIT-913,ACCT-LEGIT-432,383.77,CASH_OUT,0,Normal
103,AML-TX-02890,ACCT-LEGIT-330,ACCT-LEGIT-797,1232.51,PAYMENT,0,Normal
115,AML-TX-02891,ACCT-LEGIT-398,ACCT-LEGIT-290,640.13,TRANSFER,0,Normal
182,AML-TX-02892,ACCT-LEGIT-759,ACCT-LEGIT-697,2910.42,PAYMENT,0,Normal
204,AML-TX-02893,ACCT-LEGIT-448,ACCT-LEGIT-420,1080.62,CASH_OUT,0,Normal
553,AML-TX-02894,ACCT-LEGIT-314,ACCT-LEGIT-866,2938.93,CASH_OUT,0,Normal
192,AML-TX-02895,ACCT-LEGIT-123,ACCT-LEGIT-418,5172.5,PAYMENT,0,Normal
465,AML-TX-02896,ACCT-LEGIT-233,ACCT-LEGIT-898,2560.81,CASH_OUT,0,Normal
422,AML-TX-02897,ACCT-MULE-21,ACCT-CONDUIT-15,24303.45,CASH_OUT,1,Smurfing_Structuring
480,AML-TX-02898,ACCT-LEGIT-889,ACCT-LEGIT-188,374.1,CASH_OUT,0,Normal
458,AML-TX-02899,ACCT-LEGIT-214,ACCT-LEGIT-563,419.82,PAYMENT,0,Normal
395,AML-TX-02900,ACCT-LEGIT-472,ACCT-LEGIT-925,914.22,PAYMENT,0,Normal
562,AML-TX-02901,ACCT-LEGIT-582,ACCT-LEGIT-825,3503.19,CASH_OUT,0,Normal
671,AML-TX-02902,ACCT-LEGIT-133,ACCT-LEGIT-972,1285.06,PAYMENT,0,Normal
290,AML-TX-02903,ACCT-LEGIT-439,ACCT-LEGIT-106,1143.18,CASH_OUT,0,Normal
655,AML-TX-02904,ACCT-LEGIT-413,ACCT-LEGIT-153,651.5,TRANSFER,0,Normal
133,AML-TX-02905,ACCT-LEGIT-275,ACCT-LEGIT-584,340.57,TRANSFER,0,Normal
119,AML-TX-02906,ACCT-LEGIT-321,ACCT-LEGIT-866,1507.48,TRANSFER,0,Normal
368,AML-TX-02907,ACCT-LEGIT-140,ACCT-LEGIT-719,2611.85,CASH_OUT,0,Normal
80,AML-TX-02908,ACCT-LEGIT-980,ACCT-LEGIT-794,4236.3,CASH_OUT,0,Normal
344,AML-TX-02909,ACCT-LEGIT-458,ACCT-LEGIT-667,1776.88,CASH_OUT,0,Normal
518,AML-TX-02910,ACCT-MULE-24,ACCT-CONDUIT-42,31418.29,TRANSFER,1,Cycle_Hawala
155,AML-TX-02911,ACCT-LEGIT-307,ACCT-LEGIT-145,1060.39,PAYMENT,0,Normal
138,AML-TX-02912,ACCT-LEGIT-886,ACCT-LEGIT-250,2283.39,PAYMENT,0,Normal
173,AML-TX-02913,ACCT-LEGIT-265,ACCT-LEGIT-974,738.46,CASH_OUT,0,Normal
413,AML-TX-02914,ACCT-LEGIT-528,ACCT-LEGIT-315,211.76,PAYMENT,0,Normal
553,AML-TX-02915,ACCT-LEGIT-341,ACCT-LEGIT-625,1692.58,PAYMENT,0,Normal
108,AML-TX-02916,ACCT-LEGIT-682,ACCT-LEGIT-780,1934.67,CASH_OUT,0,Normal
342,AML-TX-02917,ACCT-LEGIT-832,ACCT-LEGIT-899,1046.72,CASH_OUT,0,Normal
299,AML-TX-02918,ACCT-MULE-27,ACCT-CONDUIT-10,24822.5,CASH_OUT,1,Smurfing_Structuring
223,AML-TX-02919,ACCT-LEGIT-203,ACCT-LEGIT-943,5817.57,PAYMENT,0,Normal
598,AML-TX-02920,ACCT-MULE-14,ACCT-CONDUIT-18,66284.71,TRANSFER,1,Mule_Layering
382,AML-TX-02921,ACCT-LEGIT-903,ACCT-LEGIT-720,271.88,CASH_OUT,0,Normal
360,AML-TX-02922,ACCT-LEGIT-247,ACCT-LEGIT-257,380.51,TRANSFER,0,Normal
153,AML-TX-02923,ACCT-LEGIT-515,ACCT-LEGIT-584,1230.09,TRANSFER,0,Normal
47,AML-TX-02924,ACCT-LEGIT-491,ACCT-LEGIT-346,5636.37,PAYMENT,0,Normal
102,AML-TX-02925,ACCT-MULE-15,ACCT-CONDUIT-19,43808.32,TRANSFER,1,Fan_Out
680,AML-TX-02926,ACCT-LEGIT-396,ACCT-LEGIT-550,6673.29,PAYMENT,0,Normal
517,AML-TX-02927,ACCT-LEGIT-133,ACCT-LEGIT-239,3562.18,CASH_OUT,0,Normal
386,AML-TX-02928,ACCT-LEGIT-335,ACCT-LEGIT-868,1523.31,PAYMENT,0,Normal
36,AML-TX-02929,ACCT-MULE-14,ACCT-CONDUIT-32,60606.62,TRANSFER,1,Fan_Out
7,AML-TX-02930,ACCT-LEGIT-448,ACCT-LEGIT-257,3234.45,TRANSFER,0,Normal
707,AML-TX-02931,ACCT-LEGIT-975,ACCT-LEGIT-386,1491.1,PAYMENT,0,Normal
491,AML-TX-02932,ACCT-LEGIT-348,ACCT-LEGIT-403,390.93,PAYMENT,0,Normal
588,AML-TX-02933,ACCT-LEGIT-662,ACCT-LEGIT-351,2567.5,CASH_OUT,0,Normal
10,AML-TX-02934,ACCT-MULE-12,ACCT-CONDUIT-10,24259.78,CASH_OUT,1,Smurfing_Structuring
388,AML-TX-02935,ACCT-MULE-25,ACCT-CONDUIT-40,78024.81,TRANSFER,1,Fan_Out
392,AML-TX-02936,ACCT-LEGIT-207,ACCT-LEGIT-490,3672.52,TRANSFER,0,Normal
624,AML-TX-02937,ACCT-LEGIT-677,ACCT-LEGIT-694,801.55,PAYMENT,0,Normal
720,AML-TX-02938,ACCT-LEGIT-633,ACCT-LEGIT-109,2406.98,TRANSFER,0,Normal
57,AML-TX-02939,ACCT-LEGIT-347,ACCT-LEGIT-179,302.47,TRANSFER,0,Normal
201,AML-TX-02940,ACCT-LEGIT-146,ACCT-LEGIT-627,3923.53,TRANSFER,0,Normal
639,AML-TX-02941,ACCT-LEGIT-298,ACCT-LEGIT-406,10358.12,CASH_OUT,0,Normal
79,AML-TX-02942,ACCT-MULE-22,ACCT-CONDUIT-22,24419.41,CASH_OUT,1,Smurfing_Structuring
236,AML-TX-02943,ACCT-LEGIT-497,ACCT-LEGIT-345,797.02,PAYMENT,0,Normal
177,AML-TX-02944,ACCT-LEGIT-543,ACCT-LEGIT-752,7302.72,CASH_OUT,0,Normal
194,AML-TX-02945,ACCT-LEGIT-848,ACCT-LEGIT-435,3082.18,PAYMENT,0,Normal
719,AML-TX-02946,ACCT-LEGIT-387,ACCT-LEGIT-719,10833.98,PAYMENT,0,Normal
125,AML-TX-02947,ACCT-LEGIT-874,ACCT-LEGIT-233,4946.97,PAYMENT,0,Normal
422,AML-TX-02948,ACCT-LEGIT-599,ACCT-LEGIT-748,2358.22,CASH_OUT,0,Normal
507,AML-TX-02949,ACCT-MULE-13,ACCT-CONDUIT-28,57885.01,TRANSFER,1,Cycle_Hawala
439,AML-TX-02950,ACCT-LEGIT-380,ACCT-LEGIT-905,3934.96,PAYMENT,0,Normal
584,AML-TX-02951,ACCT-LEGIT-167,ACCT-LEGIT-793,2040.74,TRANSFER,0,Normal
365,AML-TX-02952,ACCT-MULE-15,ACCT-CONDUIT-49,74313.11,TRANSFER,1,Mule_Layering
346,AML-TX-02953,ACCT-LEGIT-331,ACCT-LEGIT-355,1968.59,CASH_OUT,0,Normal
730,AML-TX-02954,ACCT-LEGIT-924,ACCT-LEGIT-327,4007.86,TRANSFER,0,Normal
608,AML-TX-02955,ACCT-LEGIT-886,ACCT-LEGIT-774,711.26,CASH_OUT,0,Normal
705,AML-TX-02956,ACCT-LEGIT-960,ACCT-LEGIT-208,3750.52,TRANSFER,0,Normal
681,AML-TX-02957,ACCT-LEGIT-230,ACCT-LEGIT-823,1282.41,TRANSFER,0,Normal
639,AML-TX-02958,ACCT-MULE-23,ACCT-CONDUIT-45,53861.37,TRANSFER,1,Fan_Out
83,AML-TX-02959,ACCT-LEGIT-267,ACCT-LEGIT-698,1802.09,TRANSFER,0,Normal
143,AML-TX-02960,ACCT-LEGIT-616,ACCT-LEGIT-977,1345.83,CASH_OUT,0,Normal
176,AML-TX-02961,ACCT-LEGIT-567,ACCT-LEGIT-855,923.86,TRANSFER,0,Normal
688,AML-TX-02962,ACCT-LEGIT-474,ACCT-LEGIT-296,1698.73,PAYMENT,0,Normal
130,AML-TX-02963,ACCT-LEGIT-940,ACCT-LEGIT-197,3009.3,PAYMENT,0,Normal
660,AML-TX-02964,ACCT-LEGIT-456,ACCT-LEGIT-949,2086.5,PAYMENT,0,Normal
456,AML-TX-02965,ACCT-LEGIT-393,ACCT-LEGIT-948,9092.94,TRANSFER,0,Normal
618,AML-TX-02966,ACCT-LEGIT-713,ACCT-LEGIT-928,2275.83,CASH_OUT,0,Normal
568,AML-TX-02967,ACCT-LEGIT-360,ACCT-LEGIT-368,790.81,CASH_OUT,0,Normal
532,AML-TX-02968,ACCT-LEGIT-244,ACCT-LEGIT-250,620.26,PAYMENT,0,Normal
626,AML-TX-02969,ACCT-LEGIT-470,ACCT-LEGIT-719,4174.22,PAYMENT,0,Normal
197,AML-TX-02970,ACCT-LEGIT-618,ACCT-LEGIT-162,1526.0,PAYMENT,0,Normal
39,AML-TX-02971,ACCT-LEGIT-902,ACCT-LEGIT-891,4510.66,PAYMENT,0,Normal
643,AML-TX-02972,ACCT-LEGIT-582,ACCT-LEGIT-847,559.07,PAYMENT,0,Normal
566,AML-TX-02973,ACCT-LEGIT-183,ACCT-LEGIT-987,653.93,CASH_OUT,0,Normal
630,AML-TX-02974,ACCT-LEGIT-877,ACCT-LEGIT-247,1741.26,CASH_OUT,0,Normal
375,AML-TX-02975,ACCT-LEGIT-885,ACCT-LEGIT-225,2281.75,PAYMENT,0,Normal
501,AML-TX-02976,ACCT-LEGIT-143,ACCT-LEGIT-940,2512.05,TRANSFER,0,Normal
440,AML-TX-02977,ACCT-LEGIT-898,ACCT-LEGIT-356,1804.27,TRANSFER,0,Normal
587,AML-TX-02978,ACCT-LEGIT-734,ACCT-LEGIT-830,1345.26,CASH_OUT,0,Normal
440,AML-TX-02979,ACCT-LEGIT-983,ACCT-LEGIT-194,3454.26,TRANSFER,0,Normal
126,AML-TX-02980,ACCT-LEGIT-899,ACCT-LEGIT-326,4721.68,CASH_OUT,0,Normal
160,AML-TX-02981,ACCT-LEGIT-687,ACCT-LEGIT-158,579.91,TRANSFER,0,Normal
482,AML-TX-02982,ACCT-LEGIT-590,ACCT-LEGIT-752,1345.29,PAYMENT,0,Normal
403,AML-TX-02983,ACCT-LEGIT-146,ACCT-LEGIT-299,4092.63,PAYMENT,0,Normal
479,AML-TX-02984,ACCT-LEGIT-955,ACCT-LEGIT-349,2331.7,TRANSFER,0,Normal
642,AML-TX-02985,ACCT-MULE-27,ACCT-CONDUIT-11,24890.58,CASH_OUT,1,Smurfing_Structuring
189,AML-TX-02986,ACCT-LEGIT-488,ACCT-LEGIT-958,2892.32,PAYMENT,0,Normal
725,AML-TX-02987,ACCT-MULE-23,ACCT-CONDUIT-32,24858.11,CASH_OUT,1,Smurfing_Structuring
696,AML-TX-02988,ACCT-LEGIT-642,ACCT-LEGIT-156,7580.13,TRANSFER,0,Normal
398,AML-TX-02989,ACCT-LEGIT-769,ACCT-LEGIT-535,2311.47,PAYMENT,0,Normal
358,AML-TX-02990,ACCT-LEGIT-713,ACCT-LEGIT-755,2705.44,TRANSFER,0,Normal
274,AML-TX-02991,ACCT-LEGIT-609,ACCT-LEGIT-481,7822.4,PAYMENT,0,Normal
149,AML-TX-02992,ACCT-LEGIT-450,ACCT-LEGIT-710,716.91,TRANSFER,0,Normal
382,AML-TX-02993,ACCT-LEGIT-932,ACCT-LEGIT-841,4840.71,PAYMENT,0,Normal
64,AML-TX-02994,ACCT-LEGIT-905,ACCT-LEGIT-495,618.72,CASH_OUT,0,Normal
163,AML-TX-02995,ACCT-LEGIT-905,ACCT-LEGIT-259,174.92,CASH_OUT,0,Normal
255,AML-TX-02996,ACCT-MULE-20,U-8831,46424.61,TRANSFER,1,Fan_In
579,AML-TX-02997,ACCT-LEGIT-764,ACCT-LEGIT-329,1546.36,PAYMENT,0,Normal
565,AML-TX-02998,ACCT-LEGIT-299,ACCT-LEGIT-137,1907.81,TRANSFER,0,Normal
555,AML-TX-02999,ACCT-LEGIT-303,ACCT-LEGIT-879,3057.46,CASH_OUT,0,Normal
