transaction_id,customer_id,amount,transaction_type,hour,district,device_id,is_new_device,recipient_id,is_new_recipient,velocity_10m,velocity_1h,sim_swap,ato,is_fraud,attack_type
TXN-MFS-00000,U-0001,3590.94,merchant_payment,17,Rajshahi,DEV-U-0001-P1,0,U-0004,0,0,1,0,0,0,None
TXN-MFS-00001,U-0001,3256.07,send_money,13,Rajshahi,DEV-U-0001-P1,0,U-0046,0,0,1,0,0,0,None
TXN-MFS-00002,U-0001,3519.95,send_money,19,Rajshahi,DEV-U-0001-P1,0,U-0046,0,0,1,0,0,0,None
TXN-MFS-00003,U-0001,5787.12,cash_out,17,Rajshahi,DEV-U-0001-P1,0,U-0046,0,0,1,0,0,0,None
TXN-MFS-00004,U-0001,3705.79,send_money,10,Rajshahi,DEV-U-0001-P1,0,U-0060,0,0,1,0,0,0,None
TXN-MFS-00005,U-0001,5509.59,send_money,17,Rajshahi,DEV-U-0001-P1,0,U-0004,0,0,1,0,0,0,None
TXN-MFS-00006,U-0001,2905.78,merchant_payment,14,Rajshahi,DEV-U-0001-P1,0,U-0060,0,0,1,0,0,0,None
TXN-MFS-00007,U-0001,5106.22,cash_out,20,Rajshahi,DEV-U-0001-P1,0,U-0060,0,0,1,0,0,0,None
TXN-MFS-00008,U-0001,3660.18,send_money,14,Rajshahi,DEV-U-0001-P1,0,U-0046,0,0,1,0,0,0,None
TXN-MFS-00009,U-0001,972.63,merchant_payment,18,Rajshahi,DEV-U-0001-P1,0,U-0060,0,0,1,0,0,0,None
TXN-MFS-00010,U-0001,2720.41,send_money,20,Rajshahi,DEV-U-0001-P1,0,U-0046,0,0,1,0,0,0,None
TXN-MFS-00011,U-0001,3479.22,cash_out,17,Rajshahi,DEV-U-0001-P1,0,U-0004,0,0,1,0,0,0,None
TXN-MFS-00012,U-0001,6479.28,merchant_payment,12,Rajshahi,DEV-U-0001-P1,0,U-0004,0,0,1,0,0,0,None
TXN-MFS-00013,U-0001,4045.97,merchant_payment,19,Rajshahi,DEV-U-0001-P1,0,U-0004,0,0,1,0,0,0,None
TXN-MFS-00014,U-0001,4183.07,send_money,16,Rajshahi,DEV-U-0001-P1,0,U-0060,0,0,1,0,0,0,None
TXN-MFS-00015,U-0001,3159.68,merchant_payment,10,Dhaka,DEV-U-0001-P1,0,U-0004,0,0,1,0,0,0,None
TXN-MFS-00016,U-0001,4789.48,merchant_payment,9,Rajshahi,DEV-U-0001-P1,0,U-0060,0,0,1,0,0,0,None
TXN-MFS-00017,U-0001,3991.6,send_money,19,Rajshahi,DEV-U-0001-P1,0,U-0046,0,0,1,0,0,0,None
TXN-MFS-00018,U-0001,3209.52,merchant_payment,12,Rajshahi,DEV-U-0001-P1,0,U-0060,0,0,1,0,0,0,None
TXN-MFS-00019,U-0001,4789.77,send_money,11,Rajshahi,DEV-U-0001-P1,0,U-0004,0,0,1,0,0,0,None
TXN-MFS-00020,U-0001,5460.94,merchant_payment,10,Rangpur,DEV-U-0001-P1,0,U-0004,0,0,1,0,0,0,None
TXN-MFS-00021,U-0001,4154.1,send_money,10,Chattogram,DEV-U-0001-P1,0,U-0046,0,0,1,0,0,0,None
TXN-MFS-00022,U-0001,2566.49,merchant_payment,17,Rajshahi,DEV-U-0001-P1,0,U-0004,0,0,1,0,0,0,None
TXN-MFS-00023,U-0001,5479.57,merchant_payment,20,Rajshahi,DEV-U-0001-P1,0,U-0060,0,0,1,0,0,0,None
TXN-MFS-00024,U-0001,5123.31,send_money,18,Rajshahi,DEV-U-0001-P1,0,U-0060,0,0,1,0,0,0,None
TXN-MFS-00025,U-0001,3865.7,send_money,14,Rajshahi,DEV-U-0001-P1,0,U-0046,0,0,1,0,0,0,None
TXN-MFS-00026,U-0001,3538.69,send_money,16,Rajshahi,DEV-U-0001-P1,0,U-0046,0,0,1,0,0,0,None
TXN-MFS-00027,U-0001,2121.33,merchant_payment,14,Rajshahi,DEV-U-0001-P1,0,U-0060,0,0,1,0,0,0,None
TXN-MFS-00028,U-0001,3333.75,merchant_payment,17,Rajshahi,DEV-U-0001-P1,0,U-0004,0,0,1,0,0,0,None
TXN-MFS-00029,U-0001,1826.72,send_money,20,Rajshahi,DEV-U-0001-P1,0,U-0060,0,0,1,0,0,0,None
TXN-MFS-00030,U-0001,6148.7,cash_out,15,Rajshahi,DEV-U-0001-P1,0,U-0046,0,0,1,0,0,0,None
TXN-MFS-00031,U-0001,4460.01,merchant_payment,9,Rajshahi,DEV-U-0001-P1,0,U-0060,0,0,1,0,0,0,None
TXN-MFS-00032,U-0001,3675.82,merchant_payment,15,Rajshahi,DEV-U-0001-S2,1,U-0060,0,0,1,0,0,0,None
TXN-MFS-00033,U-0001,4433.23,send_money,10,Rajshahi,DEV-U-0001-P1,0,U-0004,0,0,1,0,0,0,None
TXN-MFS-00034,U-0001,4221.46,merchant_payment,20,Rajshahi,DEV-U-0001-P1,0,U-0046,0,0,1,0,0,0,None
TXN-MFS-00035,U-0001,3363.83,send_money,9,Rajshahi,DEV-U-0001-P1,0,U-0060,0,0,1,0,0,0,None
TXN-MFS-00036,U-0001,5355.4,send_money,19,Rajshahi,DEV-U-0001-P1,0,U-0046,0,0,1,0,0,0,None
TXN-MFS-00037,U-0001,2597.79,merchant_payment,13,Rajshahi,DEV-U-0001-P1,0,U-0060,0,0,1,0,0,0,None
TXN-MFS-00038,U-0001,4401.71,cash_out,13,Rajshahi,DEV-U-0001-P1,0,U-0046,0,0,1,0,0,0,None
TXN-MFS-00039,U-0001,4447.37,send_money,18,Rajshahi,DEV-U-0001-P1,0,U-0060,0,0,1,0,0,0,None
TXN-MFS-00040,U-0002,3085.8,merchant_payment,17,Mymensingh,DEV-U-0002-P1,0,U-0091,0,0,1,0,0,0,None
TXN-MFS-00041,U-0002,3201.26,send_money,18,Mymensingh,DEV-U-0002-P1,0,U-0091,0,0,1,0,0,0,None
TXN-MFS-00042,U-0002,1433.43,cash_out,20,Mymensingh,DEV-U-0002-P1,0,U-0094,0,0,1,0,0,0,None
TXN-MFS-00043,U-0002,1823.1,send_money,13,Mymensingh,DEV-U-0002-P1,0,U-0094,0,0,1,0,0,0,None
TXN-MFS-00044,U-0002,2525.83,send_money,13,Mymensingh,DEV-U-0002-P1,0,U-0094,0,0,1,0,0,0,None
TXN-MFS-00045,U-0002,2767.99,cash_out,17,Mymensingh,DEV-U-0002-P1,0,U-0094,0,0,1,0,0,0,None
TXN-MFS-00046,U-0002,1884.18,send_money,11,Mymensingh,DEV-U-0002-P1,0,U-0094,0,0,1,0,0,0,None
TXN-MFS-00047,U-0002,2548.63,send_money,20,Mymensingh,DEV-U-0002-P1,0,U-0094,0,0,1,0,0,0,None
TXN-MFS-00048,U-0002,2117.89,send_money,16,Mymensingh,DEV-U-0002-P1,0,U-0094,0,0,1,0,0,0,None
TXN-MFS-00049,U-0002,2978.54,send_money,18,Mymensingh,DEV-U-0002-P1,0,U-0053,0,0,1,0,0,0,None
TXN-MFS-00050,U-0002,1319.12,merchant_payment,17,Mymensingh,DEV-U-0002-P1,0,U-0094,0,0,1,0,0,0,None
TXN-MFS-00051,U-0002,2485.34,send_money,17,Mymensingh,DEV-U-0002-P1,0,U-0094,0,0,1,0,0,0,None
TXN-MFS-00052,U-0002,2139.78,cash_out,20,Mymensingh,DEV-U-0002-P1,0,U-0094,0,0,1,0,0,0,None
TXN-MFS-00053,U-0002,1852.0,send_money,17,Mymensingh,DEV-U-0002-P1,0,U-0091,0,0,1,0,0,0,None
TXN-MFS-00054,U-0002,984.35,send_money,20,Mymensingh,DEV-U-0002-P1,0,U-0053,0,0,1,0,0,0,None
TXN-MFS-00055,U-0002,2575.0,merchant_payment,13,Mymensingh,DEV-U-0002-P1,0,U-0094,0,0,1,0,0,0,None
TXN-MFS-00056,U-0002,1980.23,send_money,10,Khulna,DEV-U-0002-P1,0,U-0091,0,0,1,0,0,0,None
TXN-MFS-00057,U-0002,1721.04,cash_out,18,Mymensingh,DEV-U-0002-P1,0,U-0053,0,0,1,0,0,0,None
TXN-MFS-00058,U-0002,1590.44,merchant_payment,12,Mymensingh,DEV-U-0002-P1,0,U-0053,0,0,1,0,0,0,None
TXN-MFS-00059,U-0002,1506.69,cash_out,9,Mymensingh,DEV-U-0002-P1,0,U-0094,0,0,1,0,0,0,None
TXN-MFS-00060,U-0002,2258.82,send_money,17,Mymensingh,DEV-U-0002-P1,0,U-0094,0,0,1,0,0,0,None
TXN-MFS-00061,U-0002,2635.81,send_money,14,Mymensingh,DEV-U-0002-P1,0,U-0091,0,0,1,0,0,0,None
TXN-MFS-00062,U-0002,1567.06,cash_out,20,Mymensingh,DEV-U-0002-P1,0,U-0053,0,0,1,0,0,0,None
TXN-MFS-00063,U-0002,2306.28,send_money,19,Mymensingh,DEV-U-0002-P1,0,U-0094,0,0,1,0,0,0,None
TXN-MFS-00064,U-0002,2560.68,send_money,11,Mymensingh,DEV-U-0002-P1,0,U-0053,0,0,1,0,0,0,None
TXN-MFS-00065,U-0002,2255.58,cash_out,10,Mymensingh,DEV-U-0002-P1,0,U-0053,0,0,1,0,0,0,None
TXN-MFS-00066,U-0002,1806.24,send_money,11,Mymensingh,DEV-U-0002-P1,0,U-0091,0,0,1,0,0,0,None
TXN-MFS-00067,U-0002,1647.52,cash_out,20,Mymensingh,DEV-U-0002-P1,0,U-0094,0,0,1,0,0,0,None
TXN-MFS-00068,U-0002,1914.67,merchant_payment,9,Mymensingh,DEV-U-0002-P1,0,U-0053,0,0,1,0,0,0,None
TXN-MFS-00069,U-0002,2454.0,send_money,19,Mymensingh,DEV-U-0002-P1,0,U-0091,0,0,1,0,0,0,None
TXN-MFS-00070,U-0002,2221.4,send_money,17,Mymensingh,DEV-U-0002-P1,0,U-0053,0,0,1,0,0,0,None
TXN-MFS-00071,U-0002,2410.57,merchant_payment,19,Mymensingh,DEV-U-0002-P1,0,U-0094,0,0,1,0,0,0,None
TXN-MFS-00072,U-0002,1443.94,merchant_payment,11,Mymensingh,DEV-U-0002-P1,0,U-0094,0,0,1,0,0,0,None
TXN-MFS-00073,U-0002,2759.63,merchant_payment,18,Mymensingh,DEV-U-0002-P1,0,U-0091,0,0,1,0,0,0,None
TXN-MFS-00074,U-0002,2264.94,merchant_payment,10,Mymensingh,DEV-U-0002-P1,0,U-0091,0,0,1,0,0,0,None
TXN-MFS-00075,U-0002,1653.89,send_money,16,Mymensingh,DEV-U-0002-P1,0,U-0094,0,0,1,0,0,0,None
TXN-MFS-00076,U-0002,1764.73,merchant_payment,19,Mymensingh,DEV-U-0002-P1,0,U-0094,0,0,1,0,0,0,None
TXN-MFS-00077,U-0002,2022.49,send_money,10,Mymensingh,DEV-U-0002-P1,0,U-0091,0,0,1,0,0,0,None
TXN-MFS-00078,U-0002,3043.45,send_money,19,Mymensingh,DEV-U-0002-P1,0,U-0091,0,0,1,0,0,0,None
TXN-MFS-00079,U-0002,3188.33,send_money,11,Mymensingh,DEV-U-0002-P1,0,U-0091,0,0,1,0,0,0,None
TXN-MFS-00080,U-0003,3019.97,send_money,20,Barishal,DEV-U-0003-P1,0,U-0028,0,0,1,0,0,0,None
TXN-MFS-00081,U-0003,4476.77,send_money,20,Barishal,DEV-U-0003-P1,0,U-0002,0,0,1,0,0,0,None
TXN-MFS-00082,U-0003,3994.78,send_money,11,Barishal,DEV-U-0003-P1,0,U-0028,0,0,1,0,0,0,None
TXN-MFS-00083,U-0003,3862.01,send_money,16,Barishal,DEV-U-0003-P1,0,U-0002,0,0,1,0,0,0,None
TXN-MFS-00084,U-0003,3888.57,merchant_payment,13,Barishal,DEV-U-0003-P1,0,U-0028,0,0,1,0,0,0,None
TXN-MFS-00085,U-0003,2728.87,send_money,17,Barishal,DEV-U-0003-P1,0,U-0028,0,0,1,0,0,0,None
TXN-MFS-00086,U-0003,3977.51,send_money,15,Barishal,DEV-U-0003-P1,0,U-0064,0,0,1,0,0,0,None
TXN-MFS-00087,U-0003,2570.33,cash_out,15,Barishal,DEV-U-0003-P1,0,U-0028,0,0,1,0,0,0,None
TXN-MFS-00088,U-0003,3941.57,cash_out,19,Barishal,DEV-U-0003-P1,0,U-0064,0,0,1,0,0,0,None
TXN-MFS-00089,U-0003,3853.54,send_money,18,Barishal,DEV-U-0003-P1,0,U-0028,0,0,1,0,0,0,None
TXN-MFS-00090,U-0003,4050.05,send_money,17,Barishal,DEV-U-0003-P1,0,U-0028,0,0,1,0,0,0,None
TXN-MFS-00091,U-0003,4087.37,send_money,20,Barishal,DEV-U-0003-P1,0,U-0064,0,0,1,0,0,0,None
TXN-MFS-00092,U-0003,5026.35,merchant_payment,19,Barishal,DEV-U-0003-P1,0,U-0002,0,0,1,0,0,0,None
TXN-MFS-00093,U-0003,3378.31,merchant_payment,11,Barishal,DEV-U-0003-P1,0,U-0002,0,0,1,0,0,0,None
TXN-MFS-00094,U-0003,3574.97,merchant_payment,11,Barishal,DEV-U-0003-P1,0,U-0028,0,0,1,0,0,0,None
TXN-MFS-00095,U-0003,3079.6,send_money,17,Barishal,DEV-U-0003-P1,0,U-0064,0,0,1,0,0,0,None
TXN-MFS-00096,U-0003,2938.88,send_money,11,Barishal,DEV-U-0003-P1,0,U-0028,0,0,1,0,0,0,None
TXN-MFS-00097,U-0003,2868.19,cash_out,11,Barishal,DEV-U-0003-P1,0,U-0064,0,0,1,0,0,0,None
TXN-MFS-00098,U-0003,4816.26,send_money,19,Barishal,DEV-U-0003-P1,0,U-0028,0,0,1,0,0,0,None
TXN-MFS-00099,U-0003,2814.25,merchant_payment,10,Barishal,DEV-U-0003-P1,0,U-0028,0,0,1,0,0,0,None
TXN-MFS-00100,U-0003,4281.83,cash_out,16,Barishal,DEV-U-0003-P1,0,U-0028,0,0,1,0,0,0,None
TXN-MFS-00101,U-0003,3358.74,send_money,16,Barishal,DEV-U-0003-P1,0,U-0028,0,0,1,0,0,0,None
TXN-MFS-00102,U-0003,3533.38,send_money,13,Barishal,DEV-U-0003-P1,0,U-0064,0,0,1,0,0,0,None
TXN-MFS-00103,U-0003,2806.82,cash_out,18,Barishal,DEV-U-0003-P1,0,U-0064,0,0,1,0,0,0,None
TXN-MFS-00104,U-0003,4075.83,send_money,17,Barishal,DEV-U-0003-P1,0,U-0028,0,0,1,0,0,0,None
TXN-MFS-00105,U-0003,2835.05,cash_out,13,Barishal,DEV-U-0003-P1,0,U-0002,0,0,1,0,0,0,None
TXN-MFS-00106,U-0003,3713.58,send_money,19,Barishal,DEV-U-0003-P1,0,U-0064,0,0,1,0,0,0,None
TXN-MFS-00107,U-0003,4956.89,merchant_payment,16,Barishal,DEV-U-0003-P1,0,U-0064,0,0,1,0,0,0,None
TXN-MFS-00108,U-0003,3740.39,merchant_payment,14,Barishal,DEV-U-0003-P1,0,U-0002,0,0,1,0,0,0,None
TXN-MFS-00109,U-0003,2906.13,cash_out,10,Barishal,DEV-U-0003-P1,0,U-0028,0,0,1,0,0,0,None
TXN-MFS-00110,U-0003,3681.62,send_money,20,Barishal,DEV-U-0003-P1,0,U-0028,0,0,1,0,0,0,None
TXN-MFS-00111,U-0003,2591.98,merchant_payment,16,Barishal,DEV-U-0003-P1,0,U-0028,0,0,1,0,0,0,None
TXN-MFS-00112,U-0003,3683.98,cash_out,9,Barishal,DEV-U-0003-P1,0,U-0064,0,0,1,0,0,0,None
TXN-MFS-00113,U-0003,4901.66,send_money,14,Barishal,DEV-U-0003-P1,0,U-0002,0,0,1,0,0,0,None
TXN-MFS-00114,U-0003,4984.74,send_money,19,Barishal,DEV-U-0003-P1,0,U-0064,0,0,1,0,0,0,None
TXN-MFS-00115,U-0003,3623.26,send_money,15,Barishal,DEV-U-0003-P1,0,U-0002,0,0,1,0,0,0,None
TXN-MFS-00116,U-0003,2706.41,merchant_payment,15,Barishal,DEV-U-0003-P1,0,U-0002,0,0,1,0,0,0,None
TXN-MFS-00117,U-0003,1750.65,send_money,17,Barishal,DEV-U-0003-P1,0,U-0028,0,0,1,0,0,0,None
TXN-MFS-00118,U-0003,4343.76,send_money,11,Barishal,DEV-U-0003-P1,0,U-0064,0,0,1,0,0,0,None
TXN-MFS-00119,U-0003,3843.86,merchant_payment,14,Barishal,DEV-U-0003-P1,0,U-0028,0,0,1,0,0,0,None
TXN-MFS-00120,U-0004,1206.7,cash_out,17,Bogura,DEV-U-0004-P1,0,U-0032,0,0,1,0,0,0,None
TXN-MFS-00121,U-0004,1334.34,merchant_payment,20,Bogura,DEV-U-0004-P1,0,U-0032,0,0,1,0,0,0,None
TXN-MFS-00122,U-0004,1725.09,send_money,18,Bogura,DEV-U-0004-P1,0,U-0070,0,0,1,0,0,0,None
TXN-MFS-00123,U-0004,1416.17,send_money,9,Bogura,DEV-U-0004-P1,0,U-0053,0,0,1,0,0,0,None
TXN-MFS-00124,U-0004,1183.53,send_money,13,Bogura,DEV-U-0004-P1,0,U-0070,0,0,1,0,0,0,None
TXN-MFS-00125,U-0004,1713.36,send_money,14,Rajshahi,DEV-U-0004-P1,0,U-0070,0,0,1,0,0,0,None
TXN-MFS-00126,U-0004,1604.47,cash_out,17,Bogura,DEV-U-0004-P1,0,U-0032,0,0,1,0,0,0,None
TXN-MFS-00127,U-0004,1929.34,merchant_payment,12,Bogura,DEV-U-0004-P1,0,U-0053,0,0,1,0,0,0,None
TXN-MFS-00128,U-0004,1698.79,send_money,11,Bogura,DEV-U-0004-P1,0,U-0053,0,0,1,0,0,0,None
TXN-MFS-00129,U-0004,1473.58,send_money,9,Bogura,DEV-U-0004-P1,0,U-0053,0,0,1,0,0,0,None
TXN-MFS-00130,U-0004,1374.65,merchant_payment,10,Bogura,DEV-U-0004-P1,0,U-0053,0,0,1,0,0,0,None
TXN-MFS-00131,U-0004,1122.17,send_money,16,Bogura,DEV-U-0004-P1,0,U-0032,0,0,1,0,0,0,None
TXN-MFS-00132,U-0004,1545.51,send_money,14,Bogura,DEV-U-0004-S2,1,U-0032,0,0,1,0,0,0,None
TXN-MFS-00133,U-0004,1265.88,cash_out,11,Bogura,DEV-U-0004-P1,0,U-0053,0,0,1,0,0,0,None
TXN-MFS-00134,U-0004,1189.43,merchant_payment,11,Bogura,DEV-U-0004-P1,0,U-0070,0,0,1,0,0,0,None
TXN-MFS-00135,U-0004,1018.46,merchant_payment,17,Bogura,DEV-U-0004-P1,0,U-0032,0,0,1,0,0,0,None
TXN-MFS-00136,U-0004,1879.77,send_money,13,Bogura,DEV-U-0004-P1,0,U-0053,0,0,1,0,0,0,None
TXN-MFS-00137,U-0004,1348.25,cash_out,20,Bogura,DEV-U-0004-P1,0,U-0032,0,0,1,0,0,0,None
TXN-MFS-00138,U-0004,1803.89,merchant_payment,13,Bogura,DEV-U-0004-P1,0,U-0032,0,0,1,0,0,0,None
TXN-MFS-00139,U-0004,1422.0,merchant_payment,20,Bogura,DEV-U-0004-P1,0,U-0053,0,0,1,0,0,0,None
TXN-MFS-00140,U-0004,1309.19,cash_out,17,Bogura,DEV-U-0004-P1,0,U-0032,0,0,1,0,0,0,None
TXN-MFS-00141,U-0004,1516.48,cash_out,12,Bogura,DEV-U-0004-P1,0,U-0070,0,0,1,0,0,0,None
TXN-MFS-00142,U-0004,1353.58,send_money,13,Bogura,DEV-U-0004-P1,0,U-0070,0,0,1,0,0,0,None
TXN-MFS-00143,U-0004,1277.11,send_money,16,Bogura,DEV-U-0004-P1,0,U-0070,0,0,1,0,0,0,None
TXN-MFS-00144,U-0004,1865.9,send_money,20,Bogura,DEV-U-0004-P1,0,U-0053,0,0,1,0,0,0,None
TXN-MFS-00145,U-0004,2098.51,send_money,17,Bogura,DEV-U-0004-P1,0,U-0070,0,0,1,0,0,0,None
TXN-MFS-00146,U-0004,1320.18,send_money,13,Bogura,DEV-U-0004-P1,0,U-0032,0,0,1,0,0,0,None
TXN-MFS-00147,U-0004,1196.55,send_money,15,Bogura,DEV-U-0004-P1,0,U-0053,0,0,1,0,0,0,None
TXN-MFS-00148,U-0004,2019.08,send_money,16,Bogura,DEV-U-0004-P1,0,U-0032,0,0,1,0,0,0,None
TXN-MFS-00149,U-0004,1961.1,send_money,19,Bogura,DEV-U-0004-P1,0,U-0070,0,0,1,0,0,0,None
TXN-MFS-00150,U-0004,1510.95,send_money,14,Kushtia,DEV-U-0004-P1,0,U-0070,0,0,1,0,0,0,None
TXN-MFS-00151,U-0004,512.23,cash_out,12,Bogura,DEV-U-0004-P1,0,U-0053,0,0,1,0,0,0,None
TXN-MFS-00152,U-0004,1409.86,merchant_payment,11,Bogura,DEV-U-0004-P1,0,U-0032,0,0,1,0,0,0,None
TXN-MFS-00153,U-0004,1023.75,merchant_payment,15,Bogura,DEV-U-0004-P1,0,U-0070,0,0,1,0,0,0,None
TXN-MFS-00154,U-0004,1214.05,cash_out,13,Bogura,DEV-U-0004-P1,0,U-0070,0,0,1,0,0,0,None
TXN-MFS-00155,U-0004,2419.53,send_money,15,Bogura,DEV-U-0004-P1,0,U-0053,0,0,1,0,0,0,None
TXN-MFS-00156,U-0004,1302.08,cash_out,14,Bogura,DEV-U-0004-P1,0,U-0032,0,0,1,0,0,0,None
TXN-MFS-00157,U-0004,1227.71,send_money,19,Bogura,DEV-U-0004-P1,0,U-0053,0,0,1,0,0,0,None
TXN-MFS-00158,U-0004,1756.9,merchant_payment,19,Bogura,DEV-U-0004-P1,0,U-0053,0,0,1,0,0,0,None
TXN-MFS-00159,U-0004,18000.0,send_money,3,Cumilla,DEV-SIMSWAP-892,1,U-SWAP-43,1,2,3,1,1,1,SIM_SWAP_DRAIN
TXN-MFS-00160,U-0005,2190.86,send_money,18,Khulna,DEV-U-0005-P1,0,U-0091,0,0,1,0,0,0,None
TXN-MFS-00161,U-0005,2224.35,merchant_payment,14,Khulna,DEV-U-0005-P1,0,U-0091,0,0,1,0,0,0,None
TXN-MFS-00162,U-0005,2496.1,merchant_payment,20,Khulna,DEV-U-0005-P1,0,U-0051,0,0,1,0,0,0,None
TXN-MFS-00163,U-0005,1672.23,send_money,15,Khulna,DEV-U-0005-P1,0,U-0051,0,0,1,0,0,0,None
TXN-MFS-00164,U-0005,1956.55,send_money,16,Khulna,DEV-U-0005-P1,0,U-0051,0,0,1,0,0,0,None
TXN-MFS-00165,U-0005,3613.87,merchant_payment,13,Chattogram,DEV-U-0005-P1,0,U-0010,0,0,1,0,0,0,None
TXN-MFS-00166,U-0005,1905.48,cash_out,13,Khulna,DEV-U-0005-P1,0,U-0051,0,0,1,0,0,0,None
TXN-MFS-00167,U-0005,2007.34,send_money,15,Khulna,DEV-U-0005-P1,0,U-0091,0,0,1,0,0,0,None
TXN-MFS-00168,U-0005,2415.1,send_money,10,Khulna,DEV-U-0005-P1,0,U-0091,0,0,1,0,0,0,None
TXN-MFS-00169,U-0005,1117.42,send_money,11,Khulna,DEV-U-0005-P1,0,U-0091,0,0,1,0,0,0,None
TXN-MFS-00170,U-0005,2760.41,merchant_payment,13,Khulna,DEV-U-0005-P1,0,U-0051,0,0,1,0,0,0,None
TXN-MFS-00171,U-0005,1814.43,merchant_payment,10,Khulna,DEV-U-0005-P1,0,U-0091,0,0,1,0,0,0,None
TXN-MFS-00172,U-0005,2351.09,cash_out,12,Khulna,DEV-U-0005-P1,0,U-0010,0,0,1,0,0,0,None
TXN-MFS-00173,U-0005,2194.43,send_money,14,Khulna,DEV-U-0005-P1,0,U-0051,0,0,1,0,0,0,None
TXN-MFS-00174,U-0005,1822.33,send_money,18,Khulna,DEV-U-0005-P1,0,U-0051,0,0,1,0,0,0,None
TXN-MFS-00175,U-0005,2273.03,send_money,14,Khulna,DEV-U-0005-P1,0,U-0051,0,0,1,0,0,0,None
TXN-MFS-00176,U-0005,2487.28,send_money,14,Khulna,DEV-U-0005-P1,0,U-0051,0,0,1,0,0,0,None
TXN-MFS-00177,U-0005,2679.84,cash_out,15,Khulna,DEV-U-0005-P1,0,U-0010,0,0,1,0,0,0,None
TXN-MFS-00178,U-0005,1977.58,send_money,15,Khulna,DEV-U-0005-P1,0,U-0010,0,0,1,0,0,0,None
TXN-MFS-00179,U-0005,1227.74,merchant_payment,12,Khulna,DEV-U-0005-P1,0,U-0051,0,0,1,0,0,0,None
TXN-MFS-00180,U-0005,1625.98,merchant_payment,15,Khulna,DEV-U-0005-P1,0,U-0091,0,0,1,0,0,0,None
TXN-MFS-00181,U-0005,1778.07,merchant_payment,18,Khulna,DEV-U-0005-P1,0,U-0010,0,0,1,0,0,0,None
TXN-MFS-00182,U-0005,1494.63,merchant_payment,18,Khulna,DEV-U-0005-P1,0,U-0091,0,0,1,0,0,0,None
TXN-MFS-00183,U-0005,2899.01,cash_out,20,Khulna,DEV-U-0005-P1,0,U-0010,0,0,1,0,0,0,None
TXN-MFS-00184,U-0005,1329.01,send_money,18,Kushtia,DEV-U-0005-P1,0,U-0051,0,0,1,0,0,0,None
TXN-MFS-00185,U-0005,2042.81,cash_out,11,Khulna,DEV-U-0005-P1,0,U-0091,0,0,1,0,0,0,None
TXN-MFS-00186,U-0005,2137.53,cash_out,13,Jessore,DEV-U-0005-P1,0,U-0051,0,0,1,0,0,0,None
TXN-MFS-00187,U-0005,2063.36,send_money,15,Khulna,DEV-U-0005-P1,0,U-0051,0,0,1,0,0,0,None
TXN-MFS-00188,U-0005,3332.45,send_money,18,Khulna,DEV-U-0005-S2,1,U-0091,0,0,1,0,0,0,None
TXN-MFS-00189,U-0005,1959.31,send_money,11,Khulna,DEV-U-0005-P1,0,U-0010,0,0,1,0,0,0,None
TXN-MFS-00190,U-0005,2895.93,merchant_payment,13,Khulna,DEV-U-0005-P1,0,U-0091,0,0,1,0,0,0,None
TXN-MFS-00191,U-0005,1554.51,send_money,15,Khulna,DEV-U-0005-P1,0,U-0091,0,0,1,0,0,0,None
TXN-MFS-00192,U-0005,1661.88,cash_out,12,Khulna,DEV-U-0005-P1,0,U-0051,0,0,1,0,0,0,None
TXN-MFS-00193,U-0005,1200.04,merchant_payment,15,Rangpur,DEV-U-0005-P1,0,U-0010,0,0,1,0,0,0,None
TXN-MFS-00194,U-0005,1252.15,merchant_payment,19,Khulna,DEV-U-0005-P1,0,U-0010,0,0,1,0,0,0,None
TXN-MFS-00195,U-0005,2066.84,send_money,16,Khulna,DEV-U-0005-P1,0,U-0091,0,0,1,0,0,0,None
TXN-MFS-00196,U-0005,2793.5,cash_out,9,Khulna,DEV-U-0005-P1,0,U-0051,0,0,1,0,0,0,None
TXN-MFS-00197,U-0005,2552.51,merchant_payment,11,Khulna,DEV-U-0005-P1,0,U-0091,0,0,1,0,0,0,None
TXN-MFS-00198,U-0005,2447.77,send_money,13,Khulna,DEV-U-0005-P1,0,U-0010,0,0,1,0,0,0,None
TXN-MFS-00199,U-0005,1436.94,send_money,12,Khulna,DEV-U-0005-P1,0,U-0051,0,0,1,0,0,0,None
TXN-MFS-00200,U-0006,4770.32,cash_out,17,Dhaka,DEV-U-0006-P1,0,U-0089,0,0,1,0,0,0,None
TXN-MFS-00201,U-0006,4452.91,send_money,11,Dhaka,DEV-U-0006-P1,0,U-0089,0,0,1,0,0,0,None
TXN-MFS-00202,U-0006,4817.8,merchant_payment,11,Dhaka,DEV-U-0006-P1,0,U-0058,0,0,1,0,0,0,None
TXN-MFS-00203,U-0006,3595.06,send_money,14,Dhaka,DEV-U-0006-P1,0,U-0083,0,0,1,0,0,0,None
TXN-MFS-00204,U-0006,4684.37,send_money,11,Dhaka,DEV-U-0006-P1,0,U-0089,0,0,1,0,0,0,None
TXN-MFS-00205,U-0006,4726.87,send_money,9,Dhaka,DEV-U-0006-P1,0,U-0058,0,0,1,0,0,0,None
TXN-MFS-00206,U-0006,4381.55,merchant_payment,20,Dhaka,DEV-U-0006-P1,0,U-0089,0,0,1,0,0,0,None
TXN-MFS-00207,U-0006,3177.46,merchant_payment,9,Dhaka,DEV-U-0006-P1,0,U-0083,0,0,1,0,0,0,None
TXN-MFS-00208,U-0006,6472.85,merchant_payment,20,Dhaka,DEV-U-0006-P1,0,U-0058,0,0,1,0,0,0,None
TXN-MFS-00209,U-0006,3350.97,send_money,10,Dhaka,DEV-U-0006-P1,0,U-0089,0,0,1,0,0,0,None
TXN-MFS-00210,U-0006,3560.03,send_money,20,Dhaka,DEV-U-0006-P1,0,U-0083,0,0,1,0,0,0,None
TXN-MFS-00211,U-0006,4395.56,send_money,13,Dhaka,DEV-U-0006-P1,0,U-0083,0,0,1,0,0,0,None
TXN-MFS-00212,U-0006,6085.32,merchant_payment,13,Dhaka,DEV-U-0006-P1,0,U-0089,0,0,1,0,0,0,None
TXN-MFS-00213,U-0006,4870.41,merchant_payment,17,Dhaka,DEV-U-0006-P1,0,U-0058,0,0,1,0,0,0,None
TXN-MFS-00214,U-0006,5667.32,send_money,18,Dhaka,DEV-U-0006-P1,0,U-0089,0,0,1,0,0,0,None
TXN-MFS-00215,U-0006,5982.61,cash_out,11,Dhaka,DEV-U-0006-P1,0,U-0058,0,0,1,0,0,0,None
TXN-MFS-00216,U-0006,3836.05,merchant_payment,18,Dhaka,DEV-U-0006-P1,0,U-0089,0,0,1,0,0,0,None
TXN-MFS-00217,U-0006,4490.0,send_money,12,Dhaka,DEV-U-0006-P1,0,U-0058,0,0,1,0,0,0,None
TXN-MFS-00218,U-0006,3768.27,send_money,13,Dhaka,DEV-U-0006-P1,0,U-0058,0,0,1,0,0,0,None
TXN-MFS-00219,U-0006,4088.22,merchant_payment,15,Dhaka,DEV-U-0006-P1,0,U-0058,0,0,1,0,0,0,None
TXN-MFS-00220,U-0006,3688.96,merchant_payment,10,Dhaka,DEV-U-0006-P1,0,U-0058,0,0,1,0,0,0,None
TXN-MFS-00221,U-0006,4387.09,send_money,18,Dhaka,DEV-U-0006-P1,0,U-0089,0,0,1,0,0,0,None
TXN-MFS-00222,U-0006,5856.62,send_money,19,Dhaka,DEV-U-0006-S2,1,U-0058,0,0,1,0,0,0,None
TXN-MFS-00223,U-0006,3133.54,send_money,19,Dhaka,DEV-U-0006-P1,0,U-0089,0,0,1,0,0,0,None
TXN-MFS-00224,U-0006,4953.22,merchant_payment,13,Dhaka,DEV-U-0006-P1,0,U-0089,0,0,1,0,0,0,None
TXN-MFS-00225,U-0006,4018.32,send_money,10,Dhaka,DEV-U-0006-P1,0,U-0089,0,0,1,0,0,0,None
TXN-MFS-00226,U-0006,4079.01,send_money,17,Dhaka,DEV-U-0006-P1,0,U-0089,0,0,1,0,0,0,None
TXN-MFS-00227,U-0006,3586.83,send_money,14,Dhaka,DEV-U-0006-P1,0,U-0058,0,0,1,0,0,0,None
TXN-MFS-00228,U-0006,4847.24,merchant_payment,17,Dhaka,DEV-U-0006-P1,0,U-0058,0,0,1,0,0,0,None
TXN-MFS-00229,U-0006,3814.89,merchant_payment,17,Dhaka,DEV-U-0006-P1,0,U-0083,0,0,1,0,0,0,None
TXN-MFS-00230,U-0006,3164.02,merchant_payment,19,Dhaka,DEV-U-0006-P1,0,U-0083,0,0,1,0,0,0,None
TXN-MFS-00231,U-0006,3882.22,send_money,12,Dhaka,DEV-U-0006-P1,0,U-0058,0,0,1,0,0,0,None
TXN-MFS-00232,U-0006,4176.74,send_money,17,Dhaka,DEV-U-0006-P1,0,U-0089,0,0,1,0,0,0,None
TXN-MFS-00233,U-0006,5271.92,cash_out,16,Dhaka,DEV-U-0006-P1,0,U-0083,0,0,1,0,0,0,None
TXN-MFS-00234,U-0006,3534.63,send_money,9,Dhaka,DEV-U-0006-P1,0,U-0089,0,0,1,0,0,0,None
TXN-MFS-00235,U-0006,4257.23,send_money,20,Dhaka,DEV-U-0006-P1,0,U-0083,0,0,1,0,0,0,None
TXN-MFS-00236,U-0006,4991.14,merchant_payment,14,Dhaka,DEV-U-0006-P1,0,U-0089,0,0,1,0,0,0,None
TXN-MFS-00237,U-0006,4509.26,send_money,16,Dhaka,DEV-U-0006-P1,0,U-0083,0,0,1,0,0,0,None
TXN-MFS-00238,U-0006,4959.44,cash_out,19,Dhaka,DEV-U-0006-P1,0,U-0089,0,0,1,0,0,0,None
TXN-MFS-00239,U-0006,3281.33,merchant_payment,16,Dhaka,DEV-U-0006-P1,0,U-0089,0,0,1,0,0,0,None
TXN-MFS-00240,U-0007,2785.79,send_money,12,Khulna,DEV-U-0007-P1,0,U-0093,0,0,1,0,0,0,None
TXN-MFS-00241,U-0007,3551.39,send_money,19,Sylhet,DEV-U-0007-P1,0,U-0093,0,0,1,0,0,0,None
TXN-MFS-00242,U-0007,4392.11,send_money,14,Khulna,DEV-U-0007-P1,0,U-0075,0,0,1,0,0,0,None
TXN-MFS-00243,U-0007,3610.76,send_money,15,Khulna,DEV-U-0007-P1,0,U-0075,0,0,1,0,0,0,None
TXN-MFS-00244,U-0007,3149.61,merchant_payment,19,Khulna,DEV-U-0007-P1,0,U-0075,0,0,1,0,0,0,None
TXN-MFS-00245,U-0007,3177.9,cash_out,9,Khulna,DEV-U-0007-P1,0,U-0086,0,0,1,0,0,0,None
TXN-MFS-00246,U-0007,3991.85,merchant_payment,13,Khulna,DEV-U-0007-P1,0,U-0093,0,0,1,0,0,0,None
TXN-MFS-00247,U-0007,3341.2,merchant_payment,9,Khulna,DEV-U-0007-P1,0,U-0075,0,0,1,0,0,0,None
TXN-MFS-00248,U-0007,3978.5,send_money,12,Khulna,DEV-U-0007-P1,0,U-0093,0,0,1,0,0,0,None
TXN-MFS-00249,U-0007,3071.98,cash_out,12,Khulna,DEV-U-0007-P1,0,U-0075,0,0,1,0,0,0,None
TXN-MFS-00250,U-0007,4608.5,merchant_payment,10,Khulna,DEV-U-0007-P1,0,U-0086,0,0,1,0,0,0,None
TXN-MFS-00251,U-0007,2574.1,send_money,16,Khulna,DEV-U-0007-P1,0,U-0075,0,0,1,0,0,0,None
TXN-MFS-00252,U-0007,1802.2,send_money,14,Khulna,DEV-U-0007-P1,0,U-0075,0,0,1,0,0,0,None
TXN-MFS-00253,U-0007,3125.03,cash_out,10,Khulna,DEV-U-0007-P1,0,U-0075,0,0,1,0,0,0,None
TXN-MFS-00254,U-0007,1447.47,send_money,14,Khulna,DEV-U-0007-S2,1,U-0075,0,0,1,0,0,0,None
TXN-MFS-00255,U-0007,2412.7,merchant_payment,16,Khulna,DEV-U-0007-P1,0,U-0093,0,0,1,0,0,0,None
TXN-MFS-00256,U-0007,1352.17,send_money,20,Khulna,DEV-U-0007-P1,0,U-0086,0,0,1,0,0,0,None
TXN-MFS-00257,U-0007,2842.9,merchant_payment,10,Khulna,DEV-U-0007-P1,0,U-0086,0,0,1,0,0,0,None
TXN-MFS-00258,U-0007,3396.58,merchant_payment,16,Chattogram,DEV-U-0007-P1,0,U-0075,0,0,1,0,0,0,None
TXN-MFS-00259,U-0007,2941.08,cash_out,20,Khulna,DEV-U-0007-P1,0,U-0086,0,0,1,0,0,0,None
TXN-MFS-00260,U-0007,2644.71,send_money,18,Khulna,DEV-U-0007-P1,0,U-0093,0,0,1,0,0,0,None
TXN-MFS-00261,U-0007,3122.8,cash_out,12,Khulna,DEV-U-0007-P1,0,U-0086,0,0,1,0,0,0,None
TXN-MFS-00262,U-0007,3231.77,merchant_payment,19,Khulna,DEV-U-0007-P1,0,U-0075,0,0,1,0,0,0,None
TXN-MFS-00263,U-0007,3290.57,cash_out,16,Khulna,DEV-U-0007-P1,0,U-0075,0,0,1,0,0,0,None
TXN-MFS-00264,U-0007,2162.22,merchant_payment,15,Khulna,DEV-U-0007-P1,0,U-0075,0,0,1,0,0,0,None
TXN-MFS-00265,U-0007,2842.32,send_money,12,Khulna,DEV-U-0007-P1,0,U-0075,0,0,1,0,0,0,None
TXN-MFS-00266,U-0007,5137.49,send_money,16,Khulna,DEV-U-0007-P1,0,U-0093,0,0,1,0,0,0,None
TXN-MFS-00267,U-0007,3561.53,send_money,10,Khulna,DEV-U-0007-P1,0,U-0086,0,0,1,0,0,0,None
TXN-MFS-00268,U-0007,3910.24,send_money,10,Khulna,DEV-U-0007-P1,0,U-0086,0,0,1,0,0,0,None
TXN-MFS-00269,U-0007,3064.53,merchant_payment,19,Khulna,DEV-U-0007-P1,0,U-0093,0,0,1,0,0,0,None
TXN-MFS-00270,U-0007,4071.57,cash_out,17,Khulna,DEV-U-0007-P1,0,U-0086,0,0,1,0,0,0,None
TXN-MFS-00271,U-0007,3213.94,merchant_payment,15,Khulna,DEV-U-0007-P1,0,U-0093,0,0,1,0,0,0,None
TXN-MFS-00272,U-0007,4823.88,cash_out,15,Khulna,DEV-U-0007-P1,0,U-0075,0,0,1,0,0,0,None
TXN-MFS-00273,U-0007,3635.96,send_money,12,Khulna,DEV-U-0007-P1,0,U-0075,0,0,1,0,0,0,None
TXN-MFS-00274,U-0007,4628.65,merchant_payment,17,Khulna,DEV-U-0007-P1,0,U-0086,0,0,1,0,0,0,None
TXN-MFS-00275,U-0007,4430.99,send_money,18,Khulna,DEV-U-0007-P1,0,U-0093,0,0,1,0,0,0,None
TXN-MFS-00276,U-0007,3796.64,send_money,17,Khulna,DEV-U-0007-P1,0,U-0093,0,0,1,0,0,0,None
TXN-MFS-00277,U-0007,3813.19,cash_out,9,Khulna,DEV-U-0007-P1,0,U-0093,0,0,1,0,0,0,None
TXN-MFS-00278,U-0007,3208.22,cash_out,16,Khulna,DEV-U-0007-P1,0,U-0093,0,0,1,0,0,0,None
TXN-MFS-00279,U-0007,42000.0,send_money,3,Cumilla,DEV-SIMSWAP-701,1,U-SWAP-64,1,2,3,1,1,1,SIM_SWAP_DRAIN
TXN-MFS-00280,U-0008,1465.4,cash_out,15,Kushtia,DEV-U-0008-P1,0,U-0099,0,0,1,0,0,0,None
TXN-MFS-00281,U-0008,950.02,send_money,13,Kushtia,DEV-U-0008-P1,0,U-0099,0,0,1,0,0,0,None
TXN-MFS-00282,U-0008,681.75,cash_out,17,Kushtia,DEV-U-0008-P1,0,U-0099,0,0,1,0,0,0,None
TXN-MFS-00283,U-0008,1123.01,send_money,20,Kushtia,DEV-U-0008-P1,0,U-0004,0,0,1,0,0,0,None
TXN-MFS-00284,U-0008,1492.66,send_money,11,Kushtia,DEV-U-0008-P1,0,U-0004,0,0,1,0,0,0,None
TXN-MFS-00285,U-0008,1693.0,merchant_payment,14,Kushtia,DEV-U-0008-P1,0,U-0008,0,0,1,0,0,0,None
TXN-MFS-00286,U-0008,1029.41,cash_out,19,Kushtia,DEV-U-0008-P1,0,U-0099,0,0,1,0,0,0,None
TXN-MFS-00287,U-0008,2062.69,merchant_payment,16,Kushtia,DEV-U-0008-P1,0,U-0008,0,0,1,0,0,0,None
TXN-MFS-00288,U-0008,1270.63,cash_out,16,Kushtia,DEV-U-0008-P1,0,U-0099,0,0,1,0,0,0,None
TXN-MFS-00289,U-0008,1271.38,cash_out,14,Kushtia,DEV-U-0008-P1,0,U-0008,0,0,1,0,0,0,None
TXN-MFS-00290,U-0008,1226.89,merchant_payment,18,Kushtia,DEV-U-0008-P1,0,U-0008,0,0,1,0,0,0,None
TXN-MFS-00291,U-0008,1900.64,send_money,16,Kushtia,DEV-U-0008-P1,0,U-0008,0,0,1,0,0,0,None
TXN-MFS-00292,U-0008,1319.03,cash_out,19,Kushtia,DEV-U-0008-P1,0,U-0008,0,0,1,0,0,0,None
TXN-MFS-00293,U-0008,1807.02,send_money,20,Cumilla,DEV-U-0008-P1,0,U-0004,0,0,1,0,0,0,None
TXN-MFS-00294,U-0008,1474.41,merchant_payment,15,Kushtia,DEV-U-0008-S2,1,U-0004,0,0,1,0,0,0,None
TXN-MFS-00295,U-0008,1320.74,cash_out,16,Kushtia,DEV-U-0008-P1,0,U-0004,0,0,1,0,0,0,None
TXN-MFS-00296,U-0008,888.88,cash_out,14,Kushtia,DEV-U-0008-P1,0,U-0099,0,0,1,0,0,0,None
TXN-MFS-00297,U-0008,1993.99,merchant_payment,14,Kushtia,DEV-U-0008-P1,0,U-0008,0,0,1,0,0,0,None
TXN-MFS-00298,U-0008,1368.31,cash_out,16,Kushtia,DEV-U-0008-P1,0,U-0004,0,0,1,0,0,0,None
TXN-MFS-00299,U-0008,897.84,send_money,12,Kushtia,DEV-U-0008-P1,0,U-0004,0,0,1,0,0,0,None
TXN-MFS-00300,U-0008,1528.15,send_money,10,Kushtia,DEV-U-0008-P1,0,U-0004,0,0,1,0,0,0,None
TXN-MFS-00301,U-0008,1587.64,send_money,20,Kushtia,DEV-U-0008-P1,0,U-0008,0,0,1,0,0,0,None
TXN-MFS-00302,U-0008,2220.52,send_money,12,Kushtia,DEV-U-0008-P1,0,U-0099,0,0,1,0,0,0,None
TXN-MFS-00303,U-0008,1630.1,send_money,10,Kushtia,DEV-U-0008-P1,0,U-0099,0,0,1,0,0,0,None
TXN-MFS-00304,U-0008,1426.07,cash_out,15,Kushtia,DEV-U-0008-P1,0,U-0008,0,0,1,0,0,0,None
TXN-MFS-00305,U-0008,1214.92,merchant_payment,14,Kushtia,DEV-U-0008-P1,0,U-0099,0,0,1,0,0,0,None
TXN-MFS-00306,U-0008,749.14,merchant_payment,14,Kushtia,DEV-U-0008-P1,0,U-0008,0,0,1,0,0,0,None
TXN-MFS-00307,U-0008,1222.82,send_money,14,Rajshahi,DEV-U-0008-P1,0,U-0004,0,0,1,0,0,0,None
TXN-MFS-00308,U-0008,1547.51,merchant_payment,14,Kushtia,DEV-U-0008-P1,0,U-0099,0,0,1,0,0,0,None
TXN-MFS-00309,U-0008,1898.1,send_money,10,Kushtia,DEV-U-0008-P1,0,U-0099,0,0,1,0,0,0,None
TXN-MFS-00310,U-0008,1400.75,send_money,13,Kushtia,DEV-U-0008-P1,0,U-0004,0,0,1,0,0,0,None
TXN-MFS-00311,U-0008,1734.27,send_money,9,Kushtia,DEV-U-0008-P1,0,U-0008,0,0,1,0,0,0,None
TXN-MFS-00312,U-0008,1934.63,cash_out,14,Kushtia,DEV-U-0008-P1,0,U-0008,0,0,1,0,0,0,None
TXN-MFS-00313,U-0008,1375.81,cash_out,16,Kushtia,DEV-U-0008-P1,0,U-0008,0,0,1,0,0,0,None
TXN-MFS-00314,U-0008,2567.15,send_money,15,Kushtia,DEV-U-0008-S2,1,U-0099,0,0,1,0,0,0,None
TXN-MFS-00315,U-0008,1563.48,send_money,14,Kushtia,DEV-U-0008-P1,0,U-0008,0,0,1,0,0,0,None
TXN-MFS-00316,U-0008,1577.35,merchant_payment,15,Kushtia,DEV-U-0008-P1,0,U-0004,0,0,1,0,0,0,None
TXN-MFS-00317,U-0008,1919.97,merchant_payment,19,Kushtia,DEV-U-0008-P1,0,U-0099,0,0,1,0,0,0,None
TXN-MFS-00318,U-0008,1707.57,send_money,20,Kushtia,DEV-U-0008-P1,0,U-0004,0,0,1,0,0,0,None
TXN-MFS-00319,U-0008,18699.67,cash_out,2,Sylhet,DEV-ROGUE-114,1,U-MULE-64,1,1,2,0,1,1,ATO_NOCTURNAL
TXN-MFS-00320,U-0009,1396.75,merchant_payment,14,Kushtia,DEV-U-0009-P1,0,U-0029,0,0,1,0,0,0,None
TXN-MFS-00321,U-0009,1646.73,send_money,17,Kushtia,DEV-U-0009-P1,0,U-0067,0,0,1,0,0,0,None
TXN-MFS-00322,U-0009,1090.84,send_money,10,Kushtia,DEV-U-0009-P1,0,U-0045,0,0,1,0,0,0,None
TXN-MFS-00323,U-0009,1749.66,merchant_payment,11,Kushtia,DEV-U-0009-P1,0,U-0045,0,0,1,0,0,0,None
TXN-MFS-00324,U-0009,1886.62,send_money,11,Kushtia,DEV-U-0009-P1,0,U-0045,0,0,1,0,0,0,None
TXN-MFS-00325,U-0009,1806.36,send_money,20,Kushtia,DEV-U-0009-P1,0,U-0045,0,0,1,0,0,0,None
TXN-MFS-00326,U-0009,1659.3,cash_out,18,Kushtia,DEV-U-0009-P1,0,U-0029,0,0,1,0,0,0,None
TXN-MFS-00327,U-0009,1331.25,send_money,16,Kushtia,DEV-U-0009-P1,0,U-0067,0,0,1,0,0,0,None
TXN-MFS-00328,U-0009,1444.1,merchant_payment,16,Kushtia,DEV-U-0009-P1,0,U-0045,0,0,1,0,0,0,None
TXN-MFS-00329,U-0009,1679.17,cash_out,20,Kushtia,DEV-U-0009-P1,0,U-0045,0,0,1,0,0,0,None
TXN-MFS-00330,U-0009,1277.39,cash_out,11,Kushtia,DEV-U-0009-P1,0,U-0029,0,0,1,0,0,0,None
TXN-MFS-00331,U-0009,1011.9,cash_out,20,Kushtia,DEV-U-0009-P1,0,U-0029,0,0,1,0,0,0,None
TXN-MFS-00332,U-0009,1131.74,merchant_payment,20,Kushtia,DEV-U-0009-S2,1,U-0029,0,0,1,0,0,0,None
TXN-MFS-00333,U-0009,1029.27,cash_out,17,Kushtia,DEV-U-0009-P1,0,U-0045,0,0,1,0,0,0,None
TXN-MFS-00334,U-0009,1292.25,merchant_payment,14,Bogura,DEV-U-0009-P1,0,U-0029,0,0,1,0,0,0,None
TXN-MFS-00335,U-0009,813.77,send_money,9,Chattogram,DEV-U-0009-P1,0,U-0067,0,0,1,0,0,0,None
TXN-MFS-00336,U-0009,1394.17,merchant_payment,19,Kushtia,DEV-U-0009-P1,0,U-0029,0,0,1,0,0,0,None
TXN-MFS-00337,U-0009,1777.36,merchant_payment,15,Kushtia,DEV-U-0009-S2,1,U-0045,0,0,1,0,0,0,None
TXN-MFS-00338,U-0009,735.55,merchant_payment,16,Kushtia,DEV-U-0009-P1,0,U-0045,0,0,1,0,0,0,None
TXN-MFS-00339,U-0009,1504.14,merchant_payment,12,Kushtia,DEV-U-0009-P1,0,U-0029,0,0,1,0,0,0,None
TXN-MFS-00340,U-0009,1198.96,merchant_payment,14,Kushtia,DEV-U-0009-S2,1,U-0045,0,0,1,0,0,0,None
TXN-MFS-00341,U-0009,2008.45,send_money,9,Kushtia,DEV-U-0009-P1,0,U-0045,0,0,1,0,0,0,None
TXN-MFS-00342,U-0009,854.86,merchant_payment,16,Kushtia,DEV-U-0009-P1,0,U-0067,0,0,1,0,0,0,None
TXN-MFS-00343,U-0009,2205.02,cash_out,19,Kushtia,DEV-U-0009-P1,0,U-0029,0,0,1,0,0,0,None
TXN-MFS-00344,U-0009,1320.03,send_money,16,Kushtia,DEV-U-0009-P1,0,U-0029,0,0,1,0,0,0,None
TXN-MFS-00345,U-0009,967.3,cash_out,14,Kushtia,DEV-U-0009-P1,0,U-0029,0,0,1,0,0,0,None
TXN-MFS-00346,U-0009,1294.38,send_money,11,Kushtia,DEV-U-0009-P1,0,U-0029,0,0,1,0,0,0,None
TXN-MFS-00347,U-0009,1092.23,merchant_payment,10,Kushtia,DEV-U-0009-P1,0,U-0045,0,0,1,0,0,0,None
TXN-MFS-00348,U-0009,2188.59,send_money,15,Kushtia,DEV-U-0009-P1,0,U-0029,0,0,1,0,0,0,None
TXN-MFS-00349,U-0009,606.55,send_money,9,Kushtia,DEV-U-0009-P1,0,U-0045,0,0,1,0,0,0,None
TXN-MFS-00350,U-0009,1582.7,send_money,11,Kushtia,DEV-U-0009-P1,0,U-0029,0,0,1,0,0,0,None
TXN-MFS-00351,U-0009,1450.16,merchant_payment,16,Kushtia,DEV-U-0009-P1,0,U-0029,0,0,1,0,0,0,None
TXN-MFS-00352,U-0009,1668.74,send_money,9,Kushtia,DEV-U-0009-P1,0,U-0067,0,0,1,0,0,0,None
TXN-MFS-00353,U-0009,1000.17,send_money,20,Kushtia,DEV-U-0009-P1,0,U-0067,0,0,1,0,0,0,None
TXN-MFS-00354,U-0009,1918.09,send_money,11,Kushtia,DEV-U-0009-P1,0,U-0045,0,0,1,0,0,0,None
TXN-MFS-00355,U-0009,2138.13,cash_out,13,Kushtia,DEV-U-0009-P1,0,U-0067,0,0,1,0,0,0,None
TXN-MFS-00356,U-0009,1295.49,send_money,9,Kushtia,DEV-U-0009-P1,0,U-0067,0,0,1,0,0,0,None
TXN-MFS-00357,U-0009,1467.65,send_money,9,Kushtia,DEV-U-0009-P1,0,U-0029,0,0,1,0,0,0,None
TXN-MFS-00358,U-0009,1421.34,merchant_payment,12,Kushtia,DEV-U-0009-P1,0,U-0045,0,0,1,0,0,0,None
TXN-MFS-00359,U-0009,2045.06,send_money,10,Kushtia,DEV-U-0009-P1,0,U-0029,0,0,1,0,0,0,None
TXN-MFS-00360,U-0010,2222.96,send_money,10,Bogura,DEV-U-0010-P1,0,U-0007,0,0,1,0,0,0,None
TXN-MFS-00361,U-0010,2822.22,send_money,14,Dhaka,DEV-U-0010-S2,1,U-0095,0,0,1,0,0,0,None
TXN-MFS-00362,U-0010,1740.66,merchant_payment,12,Kushtia,DEV-U-0010-P1,0,U-0007,0,0,1,0,0,0,None
TXN-MFS-00363,U-0010,2351.23,merchant_payment,17,Bogura,DEV-U-0010-P1,0,U-0007,0,0,1,0,0,0,None
TXN-MFS-00364,U-0010,2176.96,cash_out,20,Bogura,DEV-U-0010-P1,0,U-0007,0,0,1,0,0,0,None
TXN-MFS-00365,U-0010,1901.36,merchant_payment,11,Bogura,DEV-U-0010-P1,0,U-0007,0,0,1,0,0,0,None
TXN-MFS-00366,U-0010,1734.26,merchant_payment,12,Bogura,DEV-U-0010-P1,0,U-0088,0,0,1,0,0,0,None
TXN-MFS-00367,U-0010,1599.55,merchant_payment,10,Bogura,DEV-U-0010-P1,0,U-0007,0,0,1,0,0,0,None
TXN-MFS-00368,U-0010,1488.52,merchant_payment,12,Bogura,DEV-U-0010-P1,0,U-0088,0,0,1,0,0,0,None
TXN-MFS-00369,U-0010,2162.51,cash_out,12,Bogura,DEV-U-0010-P1,0,U-0007,0,0,1,0,0,0,None
TXN-MFS-00370,U-0010,2631.9,cash_out,20,Bogura,DEV-U-0010-P1,0,U-0088,0,0,1,0,0,0,None
TXN-MFS-00371,U-0010,2133.2,send_money,18,Bogura,DEV-U-0010-P1,0,U-0088,0,0,1,0,0,0,None
TXN-MFS-00372,U-0010,2682.58,send_money,12,Bogura,DEV-U-0010-P1,0,U-0007,0,0,1,0,0,0,None
TXN-MFS-00373,U-0010,2375.86,send_money,15,Bogura,DEV-U-0010-S2,1,U-0088,0,0,1,0,0,0,None
TXN-MFS-00374,U-0010,2629.76,send_money,18,Bogura,DEV-U-0010-P1,0,U-0095,0,0,1,0,0,0,None
TXN-MFS-00375,U-0010,1658.47,send_money,12,Bogura,DEV-U-0010-P1,0,U-0007,0,0,1,0,0,0,None
TXN-MFS-00376,U-0010,1564.39,cash_out,20,Bogura,DEV-U-0010-P1,0,U-0007,0,0,1,0,0,0,None
TXN-MFS-00377,U-0010,2062.72,send_money,12,Bogura,DEV-U-0010-P1,0,U-0007,0,0,1,0,0,0,None
TXN-MFS-00378,U-0010,1593.03,cash_out,19,Bogura,DEV-U-0010-P1,0,U-0088,0,0,1,0,0,0,None
TXN-MFS-00379,U-0010,1762.07,merchant_payment,19,Bogura,DEV-U-0010-P1,0,U-0088,0,0,1,0,0,0,None
TXN-MFS-00380,U-0010,3273.36,send_money,17,Rangpur,DEV-U-0010-P1,0,U-0007,0,0,1,0,0,0,None
TXN-MFS-00381,U-0010,1321.64,merchant_payment,16,Bogura,DEV-U-0010-P1,0,U-0088,0,0,1,0,0,0,None
TXN-MFS-00382,U-0010,2993.63,merchant_payment,13,Bogura,DEV-U-0010-P1,0,U-0007,0,0,1,0,0,0,None
TXN-MFS-00383,U-0010,2504.71,send_money,18,Bogura,DEV-U-0010-P1,0,U-0095,0,0,1,0,0,0,None
TXN-MFS-00384,U-0010,2435.89,send_money,20,Bogura,DEV-U-0010-P1,0,U-0007,0,0,1,0,0,0,None
TXN-MFS-00385,U-0010,2466.16,send_money,20,Bogura,DEV-U-0010-P1,0,U-0007,0,0,1,0,0,0,None
TXN-MFS-00386,U-0010,1626.81,send_money,9,Bogura,DEV-U-0010-P1,0,U-0007,0,0,1,0,0,0,None
TXN-MFS-00387,U-0010,1151.14,send_money,16,Bogura,DEV-U-0010-P1,0,U-0007,0,0,1,0,0,0,None
TXN-MFS-00388,U-0010,1887.31,cash_out,11,Bogura,DEV-U-0010-P1,0,U-0088,0,0,1,0,0,0,None
TXN-MFS-00389,U-0010,2473.84,send_money,19,Bogura,DEV-U-0010-P1,0,U-0007,0,0,1,0,0,0,None
TXN-MFS-00390,U-0010,2519.24,send_money,11,Bogura,DEV-U-0010-P1,0,U-0088,0,0,1,0,0,0,None
TXN-MFS-00391,U-0010,2344.12,send_money,16,Bogura,DEV-U-0010-P1,0,U-0095,0,0,1,0,0,0,None
TXN-MFS-00392,U-0010,1911.25,cash_out,19,Bogura,DEV-U-0010-P1,0,U-0095,0,0,1,0,0,0,None
TXN-MFS-00393,U-0010,2061.89,send_money,14,Bogura,DEV-U-0010-P1,0,U-0088,0,0,1,0,0,0,None
TXN-MFS-00394,U-0010,2380.62,send_money,13,Bogura,DEV-U-0010-P1,0,U-0007,0,0,1,0,0,0,None
TXN-MFS-00395,U-0010,2542.31,send_money,16,Bogura,DEV-U-0010-P1,0,U-0007,0,0,1,0,0,0,None
TXN-MFS-00396,U-0010,2294.72,cash_out,14,Bogura,DEV-U-0010-P1,0,U-0088,0,0,1,0,0,0,None
TXN-MFS-00397,U-0010,2413.9,merchant_payment,18,Rangpur,DEV-U-0010-P1,0,U-0088,0,0,1,0,0,0,None
TXN-MFS-00398,U-0010,2138.53,cash_out,10,Bogura,DEV-U-0010-P1,0,U-0095,0,0,1,0,0,0,None
TXN-MFS-00399,U-0010,49202.48,send_money,23,Dhaka,DEV-ROGUE-452,1,U-8831,1,4,8,0,0,1,MULE_CLUSTER_17
TXN-MFS-00400,U-0011,2644.08,send_money,20,Dhaka,DEV-U-0011-P1,0,U-0031,0,0,1,0,0,0,None
TXN-MFS-00401,U-0011,3843.43,send_money,17,Dhaka,DEV-U-0011-P1,0,U-0063,0,0,1,0,0,0,None
TXN-MFS-00402,U-0011,1939.82,send_money,15,Sylhet,DEV-U-0011-P1,0,U-0063,0,0,1,0,0,0,None
TXN-MFS-00403,U-0011,2529.54,send_money,16,Dhaka,DEV-U-0011-P1,0,U-0063,0,0,1,0,0,0,None
TXN-MFS-00404,U-0011,1945.76,merchant_payment,17,Dhaka,DEV-U-0011-P1,0,U-0063,0,0,1,0,0,0,None
TXN-MFS-00405,U-0011,3193.66,send_money,20,Dhaka,DEV-U-0011-P1,0,U-0010,0,0,1,0,0,0,None
TXN-MFS-00406,U-0011,2510.32,send_money,19,Dhaka,DEV-U-0011-S2,1,U-0031,0,0,1,0,0,0,None
TXN-MFS-00407,U-0011,2520.42,send_money,14,Dhaka,DEV-U-0011-P1,0,U-0010,0,0,1,0,0,0,None
TXN-MFS-00408,U-0011,2507.33,send_money,10,Dhaka,DEV-U-0011-P1,0,U-0010,0,0,1,0,0,0,None
TXN-MFS-00409,U-0011,3609.0,send_money,19,Dhaka,DEV-U-0011-P1,0,U-0010,0,0,1,0,0,0,None
TXN-MFS-00410,U-0011,2617.89,merchant_payment,18,Dhaka,DEV-U-0011-P1,0,U-0010,0,0,1,0,0,0,None
TXN-MFS-00411,U-0011,2806.05,merchant_payment,11,Dhaka,DEV-U-0011-P1,0,U-0063,0,0,1,0,0,0,None
TXN-MFS-00412,U-0011,3012.44,send_money,16,Dhaka,DEV-U-0011-P1,0,U-0063,0,0,1,0,0,0,None
TXN-MFS-00413,U-0011,3369.25,send_money,9,Dhaka,DEV-U-0011-P1,0,U-0063,0,0,1,0,0,0,None
TXN-MFS-00414,U-0011,1709.53,merchant_payment,17,Dhaka,DEV-U-0011-P1,0,U-0063,0,0,1,0,0,0,None
TXN-MFS-00415,U-0011,2399.76,cash_out,14,Dhaka,DEV-U-0011-S2,1,U-0010,0,0,1,0,0,0,None
TXN-MFS-00416,U-0011,4006.88,merchant_payment,13,Dhaka,DEV-U-0011-P1,0,U-0031,0,0,1,0,0,0,None
TXN-MFS-00417,U-0011,3553.11,merchant_payment,9,Dhaka,DEV-U-0011-P1,0,U-0031,0,0,1,0,0,0,None
TXN-MFS-00418,U-0011,2416.96,merchant_payment,19,Dhaka,DEV-U-0011-P1,0,U-0010,0,0,1,0,0,0,None
TXN-MFS-00419,U-0011,2896.76,send_money,11,Dhaka,DEV-U-0011-P1,0,U-0010,0,0,1,0,0,0,None
TXN-MFS-00420,U-0011,3994.83,cash_out,15,Dhaka,DEV-U-0011-P1,0,U-0010,0,0,1,0,0,0,None
TXN-MFS-00421,U-0011,3665.14,send_money,11,Dhaka,DEV-U-0011-P1,0,U-0010,0,0,1,0,0,0,None
TXN-MFS-00422,U-0011,3855.08,send_money,19,Dhaka,DEV-U-0011-P1,0,U-0063,0,0,1,0,0,0,None
TXN-MFS-00423,U-0011,1969.19,send_money,17,Dhaka,DEV-U-0011-S2,1,U-0063,0,0,1,0,0,0,None
TXN-MFS-00424,U-0011,3402.17,send_money,10,Dhaka,DEV-U-0011-P1,0,U-0031,0,0,1,0,0,0,None
TXN-MFS-00425,U-0011,3076.99,cash_out,16,Dhaka,DEV-U-0011-P1,0,U-0010,0,0,1,0,0,0,None
TXN-MFS-00426,U-0011,2257.55,send_money,20,Dhaka,DEV-U-0011-P1,0,U-0063,0,0,1,0,0,0,None
TXN-MFS-00427,U-0011,2992.0,send_money,18,Dhaka,DEV-U-0011-P1,0,U-0010,0,0,1,0,0,0,None
TXN-MFS-00428,U-0011,2954.7,send_money,17,Dhaka,DEV-U-0011-P1,0,U-0031,0,0,1,0,0,0,None
TXN-MFS-00429,U-0011,3818.97,send_money,12,Dhaka,DEV-U-0011-P1,0,U-0010,0,0,1,0,0,0,None
TXN-MFS-00430,U-0011,3214.75,send_money,20,Dhaka,DEV-U-0011-P1,0,U-0063,0,0,1,0,0,0,None
TXN-MFS-00431,U-0011,3678.91,send_money,20,Dhaka,DEV-U-0011-P1,0,U-0010,0,0,1,0,0,0,None
TXN-MFS-00432,U-0011,2771.17,cash_out,18,Dhaka,DEV-U-0011-P1,0,U-0031,0,0,1,0,0,0,None
TXN-MFS-00433,U-0011,2090.0,send_money,18,Dhaka,DEV-U-0011-P1,0,U-0031,0,0,1,0,0,0,None
TXN-MFS-00434,U-0011,2607.57,send_money,9,Dhaka,DEV-U-0011-P1,0,U-0063,0,0,1,0,0,0,None
TXN-MFS-00435,U-0011,3551.44,merchant_payment,9,Dhaka,DEV-U-0011-P1,0,U-0010,0,0,1,0,0,0,None
TXN-MFS-00436,U-0011,3471.32,merchant_payment,15,Dhaka,DEV-U-0011-P1,0,U-0031,0,0,1,0,0,0,None
TXN-MFS-00437,U-0011,2478.92,send_money,11,Dhaka,DEV-U-0011-P1,0,U-0063,0,0,1,0,0,0,None
TXN-MFS-00438,U-0011,3201.19,cash_out,17,Dhaka,DEV-U-0011-P1,0,U-0063,0,0,1,0,0,0,None
TXN-MFS-00439,U-0011,2670.41,send_money,17,Dhaka,DEV-U-0011-P1,0,U-0031,0,0,1,0,0,0,None
TXN-MFS-00440,U-0012,1778.75,send_money,15,Jessore,DEV-U-0012-P1,0,U-0091,0,0,1,0,0,0,None
TXN-MFS-00441,U-0012,1424.35,send_money,15,Jessore,DEV-U-0012-P1,0,U-0002,0,0,1,0,0,0,None
TXN-MFS-00442,U-0012,1423.49,send_money,14,Jessore,DEV-U-0012-P1,0,U-0091,0,0,1,0,0,0,None
TXN-MFS-00443,U-0012,2336.67,send_money,18,Jessore,DEV-U-0012-P1,0,U-0091,0,0,1,0,0,0,None
TXN-MFS-00444,U-0012,2583.95,send_money,15,Jessore,DEV-U-0012-P1,0,U-0081,0,0,1,0,0,0,None
TXN-MFS-00445,U-0012,1931.69,cash_out,12,Jessore,DEV-U-0012-P1,0,U-0002,0,0,1,0,0,0,None
TXN-MFS-00446,U-0012,2199.97,cash_out,20,Jessore,DEV-U-0012-P1,0,U-0081,0,0,1,0,0,0,None
TXN-MFS-00447,U-0012,2296.75,send_money,19,Jessore,DEV-U-0012-P1,0,U-0091,0,0,1,0,0,0,None
TXN-MFS-00448,U-0012,1775.49,send_money,19,Jessore,DEV-U-0012-P1,0,U-0081,0,0,1,0,0,0,None
TXN-MFS-00449,U-0012,1595.56,merchant_payment,19,Jessore,DEV-U-0012-P1,0,U-0081,0,0,1,0,0,0,None
TXN-MFS-00450,U-0012,2272.74,send_money,13,Jessore,DEV-U-0012-P1,0,U-0081,0,0,1,0,0,0,None
TXN-MFS-00451,U-0012,2027.84,send_money,17,Jessore,DEV-U-0012-P1,0,U-0081,0,0,1,0,0,0,None
TXN-MFS-00452,U-0012,1169.07,send_money,12,Jessore,DEV-U-0012-P1,0,U-0091,0,0,1,0,0,0,None
TXN-MFS-00453,U-0012,1793.53,send_money,13,Jessore,DEV-U-0012-P1,0,U-0081,0,0,1,0,0,0,None
TXN-MFS-00454,U-0012,1670.43,merchant_payment,13,Chattogram,DEV-U-0012-P1,0,U-0002,0,0,1,0,0,0,None
TXN-MFS-00455,U-0012,1812.53,send_money,20,Jessore,DEV-U-0012-P1,0,U-0002,0,0,1,0,0,0,None
TXN-MFS-00456,U-0012,2247.19,send_money,15,Jessore,DEV-U-0012-P1,0,U-0091,0,0,1,0,0,0,None
TXN-MFS-00457,U-0012,2044.06,cash_out,13,Jessore,DEV-U-0012-P1,0,U-0081,0,0,1,0,0,0,None
TXN-MFS-00458,U-0012,2173.73,send_money,9,Jessore,DEV-U-0012-P1,0,U-0002,0,0,1,0,0,0,None
TXN-MFS-00459,U-0012,2457.97,send_money,20,Jessore,DEV-U-0012-P1,0,U-0081,0,0,1,0,0,0,None
TXN-MFS-00460,U-0012,2197.53,merchant_payment,16,Jessore,DEV-U-0012-P1,0,U-0091,0,0,1,0,0,0,None
TXN-MFS-00461,U-0012,1814.84,merchant_payment,13,Jessore,DEV-U-0012-P1,0,U-0002,0,0,1,0,0,0,None
TXN-MFS-00462,U-0012,1835.02,cash_out,20,Jessore,DEV-U-0012-P1,0,U-0002,0,0,1,0,0,0,None
TXN-MFS-00463,U-0012,2305.63,send_money,13,Jessore,DEV-U-0012-P1,0,U-0002,0,0,1,0,0,0,None
TXN-MFS-00464,U-0012,2515.77,send_money,16,Jessore,DEV-U-0012-P1,0,U-0081,0,0,1,0,0,0,None
TXN-MFS-00465,U-0012,1681.27,send_money,12,Jessore,DEV-U-0012-P1,0,U-0091,0,0,1,0,0,0,None
TXN-MFS-00466,U-0012,2079.22,send_money,11,Jessore,DEV-U-0012-P1,0,U-0002,0,0,1,0,0,0,None
TXN-MFS-00467,U-0012,1647.02,merchant_payment,16,Jessore,DEV-U-0012-P1,0,U-0002,0,0,1,0,0,0,None
TXN-MFS-00468,U-0012,3032.54,send_money,20,Jessore,DEV-U-0012-P1,0,U-0002,0,0,1,0,0,0,None
TXN-MFS-00469,U-0012,2748.97,send_money,20,Jessore,DEV-U-0012-P1,0,U-0002,0,0,1,0,0,0,None
TXN-MFS-00470,U-0012,1003.66,merchant_payment,11,Jessore,DEV-U-0012-P1,0,U-0081,0,0,1,0,0,0,None
TXN-MFS-00471,U-0012,2209.14,merchant_payment,10,Rangpur,DEV-U-0012-P1,0,U-0091,0,0,1,0,0,0,None
TXN-MFS-00472,U-0012,2143.13,send_money,18,Jessore,DEV-U-0012-P1,0,U-0081,0,0,1,0,0,0,None
TXN-MFS-00473,U-0012,1077.05,merchant_payment,12,Barishal,DEV-U-0012-P1,0,U-0091,0,0,1,0,0,0,None
TXN-MFS-00474,U-0012,2549.19,send_money,10,Jessore,DEV-U-0012-P1,0,U-0002,0,0,1,0,0,0,None
TXN-MFS-00475,U-0012,1767.53,merchant_payment,9,Jessore,DEV-U-0012-P1,0,U-0002,0,0,1,0,0,0,None
TXN-MFS-00476,U-0012,1803.35,cash_out,12,Jessore,DEV-U-0012-P1,0,U-0091,0,0,1,0,0,0,None
TXN-MFS-00477,U-0012,2605.34,cash_out,15,Jessore,DEV-U-0012-P1,0,U-0091,0,0,1,0,0,0,None
TXN-MFS-00478,U-0012,1811.68,send_money,9,Jessore,DEV-U-0012-P1,0,U-0091,0,0,1,0,0,0,None
TXN-MFS-00479,U-0012,2054.96,merchant_payment,10,Jessore,DEV-U-0012-P1,0,U-0091,0,0,1,0,0,0,None
TXN-MFS-00480,U-0013,3139.95,send_money,19,Rangpur,DEV-U-0013-P1,0,U-0051,0,0,1,0,0,0,None
TXN-MFS-00481,U-0013,4085.37,merchant_payment,11,Rangpur,DEV-U-0013-P1,0,U-0013,0,0,1,0,0,0,None
TXN-MFS-00482,U-0013,3378.26,cash_out,14,Rangpur,DEV-U-0013-P1,0,U-0037,0,0,1,0,0,0,None
TXN-MFS-00483,U-0013,4504.03,merchant_payment,18,Rangpur,DEV-U-0013-P1,0,U-0051,0,0,1,0,0,0,None
TXN-MFS-00484,U-0013,5068.8,merchant_payment,12,Rangpur,DEV-U-0013-P1,0,U-0051,0,0,1,0,0,0,None
TXN-MFS-00485,U-0013,3916.86,send_money,20,Rangpur,DEV-U-0013-P1,0,U-0013,0,0,1,0,0,0,None
TXN-MFS-00486,U-0013,3500.21,send_money,13,Sylhet,DEV-U-0013-P1,0,U-0051,0,0,1,0,0,0,None
TXN-MFS-00487,U-0013,3982.78,send_money,10,Rangpur,DEV-U-0013-P1,0,U-0037,0,0,1,0,0,0,None
TXN-MFS-00488,U-0013,2848.12,merchant_payment,9,Rangpur,DEV-U-0013-P1,0,U-0013,0,0,1,0,0,0,None
TXN-MFS-00489,U-0013,4796.76,send_money,12,Rangpur,DEV-U-0013-P1,0,U-0037,0,0,1,0,0,0,None
TXN-MFS-00490,U-0013,3218.76,send_money,14,Rangpur,DEV-U-0013-P1,0,U-0037,0,0,1,0,0,0,None
TXN-MFS-00491,U-0013,4385.25,send_money,15,Rangpur,DEV-U-0013-P1,0,U-0037,0,0,1,0,0,0,None
TXN-MFS-00492,U-0013,3419.94,cash_out,14,Rangpur,DEV-U-0013-P1,0,U-0037,0,0,1,0,0,0,None
TXN-MFS-00493,U-0013,3635.79,merchant_payment,10,Rangpur,DEV-U-0013-P1,0,U-0037,0,0,1,0,0,0,None
TXN-MFS-00494,U-0013,5436.97,cash_out,20,Rangpur,DEV-U-0013-P1,0,U-0037,0,0,1,0,0,0,None
TXN-MFS-00495,U-0013,3616.94,merchant_payment,16,Rangpur,DEV-U-0013-P1,0,U-0013,0,0,1,0,0,0,None
TXN-MFS-00496,U-0013,2759.15,cash_out,20,Rangpur,DEV-U-0013-P1,0,U-0051,0,0,1,0,0,0,None
TXN-MFS-00497,U-0013,6300.32,cash_out,12,Rangpur,DEV-U-0013-P1,0,U-0013,0,0,1,0,0,0,None
TXN-MFS-00498,U-0013,2723.56,merchant_payment,16,Rangpur,DEV-U-0013-P1,0,U-0013,0,0,1,0,0,0,None
TXN-MFS-00499,U-0013,3825.47,cash_out,19,Rangpur,DEV-U-0013-P1,0,U-0013,0,0,1,0,0,0,None
TXN-MFS-00500,U-0013,4070.17,send_money,18,Rangpur,DEV-U-0013-P1,0,U-0037,0,0,1,0,0,0,None
TXN-MFS-00501,U-0013,5138.89,send_money,11,Rangpur,DEV-U-0013-P1,0,U-0037,0,0,1,0,0,0,None
TXN-MFS-00502,U-0013,1794.96,send_money,20,Rangpur,DEV-U-0013-P1,0,U-0013,0,0,1,0,0,0,None
TXN-MFS-00503,U-0013,3280.05,merchant_payment,10,Rangpur,DEV-U-0013-P1,0,U-0051,0,0,1,0,0,0,None
TXN-MFS-00504,U-0013,4682.46,send_money,12,Rangpur,DEV-U-0013-P1,0,U-0051,0,0,1,0,0,0,None
TXN-MFS-00505,U-0013,4306.32,merchant_payment,16,Rangpur,DEV-U-0013-P1,0,U-0013,0,0,1,0,0,0,None
TXN-MFS-00506,U-0013,1823.01,send_money,17,Rangpur,DEV-U-0013-P1,0,U-0037,0,0,1,0,0,0,None
TXN-MFS-00507,U-0013,4337.44,send_money,10,Rangpur,DEV-U-0013-P1,0,U-0037,0,0,1,0,0,0,None
TXN-MFS-00508,U-0013,4951.02,merchant_payment,11,Rangpur,DEV-U-0013-P1,0,U-0013,0,0,1,0,0,0,None
TXN-MFS-00509,U-0013,6078.9,send_money,13,Rangpur,DEV-U-0013-P1,0,U-0013,0,0,1,0,0,0,None
TXN-MFS-00510,U-0013,3327.62,send_money,11,Rangpur,DEV-U-0013-P1,0,U-0013,0,0,1,0,0,0,None
TXN-MFS-00511,U-0013,4479.2,merchant_payment,9,Rangpur,DEV-U-0013-P1,0,U-0037,0,0,1,0,0,0,None
TXN-MFS-00512,U-0013,4280.15,merchant_payment,14,Jessore,DEV-U-0013-P1,0,U-0013,0,0,1,0,0,0,None
TXN-MFS-00513,U-0013,5899.77,merchant_payment,9,Rangpur,DEV-U-0013-P1,0,U-0051,0,0,1,0,0,0,None
TXN-MFS-00514,U-0013,4247.72,send_money,16,Rangpur,DEV-U-0013-P1,0,U-0013,0,0,1,0,0,0,None
TXN-MFS-00515,U-0013,2788.13,merchant_payment,13,Rangpur,DEV-U-0013-P1,0,U-0013,0,0,1,0,0,0,None
TXN-MFS-00516,U-0013,2728.47,merchant_payment,9,Rangpur,DEV-U-0013-S2,1,U-0013,0,0,1,0,0,0,None
TXN-MFS-00517,U-0013,4183.69,cash_out,13,Rangpur,DEV-U-0013-P1,0,U-0013,0,0,1,0,0,0,None
TXN-MFS-00518,U-0013,3451.48,send_money,9,Rangpur,DEV-U-0013-P1,0,U-0037,0,0,1,0,0,0,None
TXN-MFS-00519,U-0013,3011.94,cash_out,10,Rangpur,DEV-U-0013-P1,0,U-0051,0,0,1,0,0,0,None
TXN-MFS-00520,U-0014,2650.34,merchant_payment,9,Rangpur,DEV-U-0014-P1,0,U-0076,0,0,1,0,0,0,None
TXN-MFS-00521,U-0014,2058.52,send_money,15,Rangpur,DEV-U-0014-P1,0,U-0088,0,0,1,0,0,0,None
TXN-MFS-00522,U-0014,4321.73,cash_out,20,Rangpur,DEV-U-0014-P1,0,U-0076,0,0,1,0,0,0,None
TXN-MFS-00523,U-0014,3787.81,send_money,16,Khulna,DEV-U-0014-P1,0,U-0082,0,0,1,0,0,0,None
TXN-MFS-00524,U-0014,2430.82,send_money,18,Rangpur,DEV-U-0014-P1,0,U-0076,0,0,1,0,0,0,None
TXN-MFS-00525,U-0014,1581.19,merchant_payment,19,Rangpur,DEV-U-0014-P1,0,U-0082,0,0,1,0,0,0,None
TXN-MFS-00526,U-0014,3023.12,cash_out,16,Rangpur,DEV-U-0014-P1,0,U-0076,0,0,1,0,0,0,None
TXN-MFS-00527,U-0014,2598.23,merchant_payment,11,Rangpur,DEV-U-0014-P1,0,U-0088,0,0,1,0,0,0,None
TXN-MFS-00528,U-0014,2673.02,merchant_payment,18,Rangpur,DEV-U-0014-P1,0,U-0076,0,0,1,0,0,0,None
TXN-MFS-00529,U-0014,3082.08,merchant_payment,9,Rangpur,DEV-U-0014-P1,0,U-0088,0,0,1,0,0,0,None
TXN-MFS-00530,U-0014,3637.77,send_money,10,Chattogram,DEV-U-0014-P1,0,U-0088,0,0,1,0,0,0,None
TXN-MFS-00531,U-0014,2977.4,merchant_payment,11,Jessore,DEV-U-0014-P1,0,U-0076,0,0,1,0,0,0,None
TXN-MFS-00532,U-0014,2902.57,send_money,13,Rangpur,DEV-U-0014-P1,0,U-0088,0,0,1,0,0,0,None
TXN-MFS-00533,U-0014,1780.22,merchant_payment,11,Rangpur,DEV-U-0014-P1,0,U-0082,0,0,1,0,0,0,None
TXN-MFS-00534,U-0014,2774.14,send_money,14,Rangpur,DEV-U-0014-P1,0,U-0082,0,0,1,0,0,0,None
TXN-MFS-00535,U-0014,2662.39,cash_out,19,Rangpur,DEV-U-0014-P1,0,U-0082,0,0,1,0,0,0,None
TXN-MFS-00536,U-0014,2844.09,cash_out,18,Rangpur,DEV-U-0014-P1,0,U-0088,0,0,1,0,0,0,None
TXN-MFS-00537,U-0014,3037.56,send_money,18,Rangpur,DEV-U-0014-P1,0,U-0088,0,0,1,0,0,0,None
TXN-MFS-00538,U-0014,2152.96,send_money,13,Rangpur,DEV-U-0014-P1,0,U-0088,0,0,1,0,0,0,None
TXN-MFS-00539,U-0014,2666.15,cash_out,16,Rangpur,DEV-U-0014-P1,0,U-0082,0,0,1,0,0,0,None
TXN-MFS-00540,U-0014,2355.1,merchant_payment,20,Rangpur,DEV-U-0014-P1,0,U-0082,0,0,1,0,0,0,None
TXN-MFS-00541,U-0014,3082.39,send_money,14,Rangpur,DEV-U-0014-P1,0,U-0088,0,0,1,0,0,0,None
TXN-MFS-00542,U-0014,4332.77,send_money,13,Rangpur,DEV-U-0014-P1,0,U-0076,0,0,1,0,0,0,None
TXN-MFS-00543,U-0014,2902.2,send_money,15,Rangpur,DEV-U-0014-P1,0,U-0082,0,0,1,0,0,0,None
TXN-MFS-00544,U-0014,2480.97,merchant_payment,9,Dhaka,DEV-U-0014-P1,0,U-0076,0,0,1,0,0,0,None
TXN-MFS-00545,U-0014,2109.56,cash_out,16,Rangpur,DEV-U-0014-S2,1,U-0076,0,0,1,0,0,0,None
TXN-MFS-00546,U-0014,3772.02,merchant_payment,17,Rangpur,DEV-U-0014-P1,0,U-0082,0,0,1,0,0,0,None
TXN-MFS-00547,U-0014,2780.58,merchant_payment,16,Rangpur,DEV-U-0014-P1,0,U-0082,0,0,1,0,0,0,None
TXN-MFS-00548,U-0014,2374.65,cash_out,16,Rangpur,DEV-U-0014-P1,0,U-0082,0,0,1,0,0,0,None
TXN-MFS-00549,U-0014,3555.84,merchant_payment,12,Rangpur,DEV-U-0014-P1,0,U-0088,0,0,1,0,0,0,None
TXN-MFS-00550,U-0014,3279.51,send_money,14,Rangpur,DEV-U-0014-P1,0,U-0076,0,0,1,0,0,0,None
TXN-MFS-00551,U-0014,3471.12,send_money,18,Rangpur,DEV-U-0014-P1,0,U-0088,0,0,1,0,0,0,None
TXN-MFS-00552,U-0014,3994.49,send_money,16,Rangpur,DEV-U-0014-P1,0,U-0088,0,0,1,0,0,0,None
TXN-MFS-00553,U-0014,2667.35,send_money,20,Rangpur,DEV-U-0014-P1,0,U-0082,0,0,1,0,0,0,None
TXN-MFS-00554,U-0014,2877.39,cash_out,19,Rangpur,DEV-U-0014-P1,0,U-0082,0,0,1,0,0,0,None
TXN-MFS-00555,U-0014,2129.9,send_money,15,Rangpur,DEV-U-0014-P1,0,U-0082,0,0,1,0,0,0,None
TXN-MFS-00556,U-0014,2437.21,send_money,11,Rangpur,DEV-U-0014-P1,0,U-0082,0,0,1,0,0,0,None
TXN-MFS-00557,U-0014,1946.97,send_money,14,Rangpur,DEV-U-0014-P1,0,U-0088,0,0,1,0,0,0,None
TXN-MFS-00558,U-0014,2836.64,send_money,13,Rangpur,DEV-U-0014-P1,0,U-0082,0,0,1,0,0,0,None
TXN-MFS-00559,U-0014,2579.13,send_money,13,Rangpur,DEV-U-0014-P1,0,U-0082,0,0,1,0,0,0,None
TXN-MFS-00560,U-0015,4314.37,merchant_payment,17,Chattogram,DEV-U-0015-P1,0,U-0085,0,0,1,0,0,0,None
TXN-MFS-00561,U-0015,4329.95,send_money,18,Chattogram,DEV-U-0015-P1,0,U-0021,0,0,1,0,0,0,None
TXN-MFS-00562,U-0015,3160.45,send_money,11,Chattogram,DEV-U-0015-P1,0,U-0021,0,0,1,0,0,0,None
TXN-MFS-00563,U-0015,3205.53,send_money,17,Chattogram,DEV-U-0015-P1,0,U-0030,0,0,1,0,0,0,None
TXN-MFS-00564,U-0015,4390.05,send_money,17,Chattogram,DEV-U-0015-S2,1,U-0021,0,0,1,0,0,0,None
TXN-MFS-00565,U-0015,2233.8,cash_out,12,Chattogram,DEV-U-0015-S2,1,U-0030,0,0,1,0,0,0,None
TXN-MFS-00566,U-0015,3731.97,send_money,17,Chattogram,DEV-U-0015-P1,0,U-0021,0,0,1,0,0,0,None
TXN-MFS-00567,U-0015,3296.47,merchant_payment,15,Chattogram,DEV-U-0015-P1,0,U-0030,0,0,1,0,0,0,None
TXN-MFS-00568,U-0015,3662.16,send_money,19,Chattogram,DEV-U-0015-P1,0,U-0030,0,0,1,0,0,0,None
TXN-MFS-00569,U-0015,3114.29,merchant_payment,17,Chattogram,DEV-U-0015-P1,0,U-0085,0,0,1,0,0,0,None
TXN-MFS-00570,U-0015,1501.13,send_money,15,Chattogram,DEV-U-0015-P1,0,U-0085,0,0,1,0,0,0,None
TXN-MFS-00571,U-0015,3138.27,merchant_payment,12,Chattogram,DEV-U-0015-P1,0,U-0085,0,0,1,0,0,0,None
TXN-MFS-00572,U-0015,1960.38,send_money,14,Rangpur,DEV-U-0015-P1,0,U-0085,0,0,1,0,0,0,None
TXN-MFS-00573,U-0015,4275.48,send_money,11,Chattogram,DEV-U-0015-P1,0,U-0030,0,0,1,0,0,0,None
TXN-MFS-00574,U-0015,1987.54,cash_out,11,Chattogram,DEV-U-0015-P1,0,U-0085,0,0,1,0,0,0,None
TXN-MFS-00575,U-0015,4867.45,send_money,13,Chattogram,DEV-U-0015-S2,1,U-0021,0,0,1,0,0,0,None
TXN-MFS-00576,U-0015,2879.77,send_money,9,Chattogram,DEV-U-0015-P1,0,U-0030,0,0,1,0,0,0,None
TXN-MFS-00577,U-0015,3023.32,send_money,16,Chattogram,DEV-U-0015-P1,0,U-0021,0,0,1,0,0,0,None
TXN-MFS-00578,U-0015,3365.01,cash_out,14,Chattogram,DEV-U-0015-P1,0,U-0021,0,0,1,0,0,0,None
TXN-MFS-00579,U-0015,2683.6,send_money,18,Chattogram,DEV-U-0015-P1,0,U-0021,0,0,1,0,0,0,None
TXN-MFS-00580,U-0015,3203.77,merchant_payment,14,Chattogram,DEV-U-0015-P1,0,U-0085,0,0,1,0,0,0,None
TXN-MFS-00581,U-0015,4716.1,merchant_payment,11,Chattogram,DEV-U-0015-P1,0,U-0030,0,0,1,0,0,0,None
TXN-MFS-00582,U-0015,4139.93,send_money,12,Chattogram,DEV-U-0015-P1,0,U-0021,0,0,1,0,0,0,None
TXN-MFS-00583,U-0015,4532.27,cash_out,17,Chattogram,DEV-U-0015-P1,0,U-0085,0,0,1,0,0,0,None
TXN-MFS-00584,U-0015,3396.52,merchant_payment,19,Chattogram,DEV-U-0015-P1,0,U-0021,0,0,1,0,0,0,None
TXN-MFS-00585,U-0015,3845.69,send_money,14,Chattogram,DEV-U-0015-P1,0,U-0085,0,0,1,0,0,0,None
TXN-MFS-00586,U-0015,2756.66,cash_out,10,Chattogram,DEV-U-0015-P1,0,U-0021,0,0,1,0,0,0,None
TXN-MFS-00587,U-0015,2376.39,send_money,9,Chattogram,DEV-U-0015-P1,0,U-0085,0,0,1,0,0,0,None
TXN-MFS-00588,U-0015,4348.8,send_money,13,Chattogram,DEV-U-0015-P1,0,U-0030,0,0,1,0,0,0,None
TXN-MFS-00589,U-0015,2500.5,send_money,16,Chattogram,DEV-U-0015-P1,0,U-0021,0,0,1,0,0,0,None
TXN-MFS-00590,U-0015,3376.32,send_money,12,Chattogram,DEV-U-0015-P1,0,U-0021,0,0,1,0,0,0,None
TXN-MFS-00591,U-0015,3359.31,send_money,11,Chattogram,DEV-U-0015-P1,0,U-0030,0,0,1,0,0,0,None
TXN-MFS-00592,U-0015,2941.31,send_money,12,Chattogram,DEV-U-0015-P1,0,U-0085,0,0,1,0,0,0,None
TXN-MFS-00593,U-0015,5251.05,send_money,17,Chattogram,DEV-U-0015-P1,0,U-0085,0,0,1,0,0,0,None
TXN-MFS-00594,U-0015,2045.15,merchant_payment,14,Chattogram,DEV-U-0015-P1,0,U-0021,0,0,1,0,0,0,None
TXN-MFS-00595,U-0015,3213.85,send_money,19,Chattogram,DEV-U-0015-P1,0,U-0021,0,0,1,0,0,0,None
TXN-MFS-00596,U-0015,2916.16,cash_out,19,Chattogram,DEV-U-0015-P1,0,U-0030,0,0,1,0,0,0,None
TXN-MFS-00597,U-0015,2150.51,send_money,19,Chattogram,DEV-U-0015-P1,0,U-0085,0,0,1,0,0,0,None
TXN-MFS-00598,U-0015,2258.83,cash_out,17,Chattogram,DEV-U-0015-P1,0,U-0085,0,0,1,0,0,0,None
TXN-MFS-00599,U-0015,24707.55,cash_out,13,Chattogram,DEV-U-0015-P1,0,U-STRUCT-71,1,6,10,0,0,1,VELOCITY_BURST
TXN-MFS-00600,U-0016,1656.8,cash_out,15,Cumilla,DEV-U-0016-P1,0,U-0024,0,0,1,0,0,0,None
TXN-MFS-00601,U-0016,2023.38,send_money,16,Cumilla,DEV-U-0016-P1,0,U-0045,0,0,1,0,0,0,None
TXN-MFS-00602,U-0016,1242.62,send_money,13,Cumilla,DEV-U-0016-P1,0,U-0024,0,0,1,0,0,0,None
TXN-MFS-00603,U-0016,1298.51,send_money,17,Cumilla,DEV-U-0016-P1,0,U-0081,0,0,1,0,0,0,None
TXN-MFS-00604,U-0016,1170.67,cash_out,13,Cumilla,DEV-U-0016-P1,0,U-0024,0,0,1,0,0,0,None
TXN-MFS-00605,U-0016,1553.09,send_money,13,Cumilla,DEV-U-0016-P1,0,U-0045,0,0,1,0,0,0,None
TXN-MFS-00606,U-0016,2229.54,send_money,13,Cumilla,DEV-U-0016-P1,0,U-0081,0,0,1,0,0,0,None
TXN-MFS-00607,U-0016,1429.21,send_money,18,Cumilla,DEV-U-0016-P1,0,U-0045,0,0,1,0,0,0,None
TXN-MFS-00608,U-0016,1427.59,merchant_payment,14,Cumilla,DEV-U-0016-P1,0,U-0045,0,0,1,0,0,0,None
TXN-MFS-00609,U-0016,1671.86,send_money,19,Cumilla,DEV-U-0016-P1,0,U-0024,0,0,1,0,0,0,None
TXN-MFS-00610,U-0016,1553.46,cash_out,20,Cumilla,DEV-U-0016-P1,0,U-0045,0,0,1,0,0,0,None
TXN-MFS-00611,U-0016,926.68,merchant_payment,19,Barishal,DEV-U-0016-P1,0,U-0045,0,0,1,0,0,0,None
TXN-MFS-00612,U-0016,1850.7,merchant_payment,15,Dhaka,DEV-U-0016-P1,0,U-0081,0,0,1,0,0,0,None
TXN-MFS-00613,U-0016,1854.21,cash_out,17,Cumilla,DEV-U-0016-P1,0,U-0045,0,0,1,0,0,0,None
TXN-MFS-00614,U-0016,1227.24,send_money,14,Cumilla,DEV-U-0016-P1,0,U-0045,0,0,1,0,0,0,None
TXN-MFS-00615,U-0016,1843.08,cash_out,18,Cumilla,DEV-U-0016-P1,0,U-0045,0,0,1,0,0,0,None
TXN-MFS-00616,U-0016,2068.02,cash_out,16,Chattogram,DEV-U-0016-P1,0,U-0024,0,0,1,0,0,0,None
TXN-MFS-00617,U-0016,1320.72,send_money,18,Cumilla,DEV-U-0016-P1,0,U-0024,0,0,1,0,0,0,None
TXN-MFS-00618,U-0016,1351.54,cash_out,13,Cumilla,DEV-U-0016-P1,0,U-0045,0,0,1,0,0,0,None
TXN-MFS-00619,U-0016,1418.37,merchant_payment,15,Cumilla,DEV-U-0016-P1,0,U-0045,0,0,1,0,0,0,None
TXN-MFS-00620,U-0016,2301.91,send_money,12,Cumilla,DEV-U-0016-P1,0,U-0024,0,0,1,0,0,0,None
TXN-MFS-00621,U-0016,2048.18,merchant_payment,18,Cumilla,DEV-U-0016-P1,0,U-0024,0,0,1,0,0,0,None
TXN-MFS-00622,U-0016,1952.79,send_money,10,Cumilla,DEV-U-0016-P1,0,U-0045,0,0,1,0,0,0,None
TXN-MFS-00623,U-0016,1671.12,send_money,13,Cumilla,DEV-U-0016-P1,0,U-0081,0,0,1,0,0,0,None
TXN-MFS-00624,U-0016,1450.7,send_money,18,Cumilla,DEV-U-0016-P1,0,U-0045,0,0,1,0,0,0,None
TXN-MFS-00625,U-0016,1373.27,merchant_payment,19,Cumilla,DEV-U-0016-P1,0,U-0081,0,0,1,0,0,0,None
TXN-MFS-00626,U-0016,1839.78,merchant_payment,14,Cumilla,DEV-U-0016-P1,0,U-0045,0,0,1,0,0,0,None
TXN-MFS-00627,U-0016,1540.75,cash_out,19,Cumilla,DEV-U-0016-P1,0,U-0045,0,0,1,0,0,0,None
TXN-MFS-00628,U-0016,1636.73,send_money,15,Cumilla,DEV-U-0016-P1,0,U-0024,0,0,1,0,0,0,None
TXN-MFS-00629,U-0016,1663.48,cash_out,16,Cumilla,DEV-U-0016-P1,0,U-0024,0,0,1,0,0,0,None
TXN-MFS-00630,U-0016,1139.01,cash_out,12,Cumilla,DEV-U-0016-P1,0,U-0045,0,0,1,0,0,0,None
TXN-MFS-00631,U-0016,1359.72,merchant_payment,15,Cumilla,DEV-U-0016-P1,0,U-0024,0,0,1,0,0,0,None
TXN-MFS-00632,U-0016,1237.65,send_money,18,Cumilla,DEV-U-0016-P1,0,U-0045,0,0,1,0,0,0,None
TXN-MFS-00633,U-0016,1133.88,merchant_payment,14,Cumilla,DEV-U-0016-P1,0,U-0081,0,0,1,0,0,0,None
TXN-MFS-00634,U-0016,1274.17,cash_out,15,Cumilla,DEV-U-0016-P1,0,U-0045,0,0,1,0,0,0,None
TXN-MFS-00635,U-0016,1154.3,cash_out,16,Cumilla,DEV-U-0016-P1,0,U-0045,0,0,1,0,0,0,None
TXN-MFS-00636,U-0016,233.69,send_money,20,Cumilla,DEV-U-0016-P1,0,U-0081,0,0,1,0,0,0,None
TXN-MFS-00637,U-0016,1913.41,send_money,18,Cumilla,DEV-U-0016-P1,0,U-0081,0,0,1,0,0,0,None
TXN-MFS-00638,U-0016,2208.2,merchant_payment,11,Cumilla,DEV-U-0016-P1,0,U-0045,0,0,1,0,0,0,None
TXN-MFS-00639,U-0016,1234.54,send_money,10,Cumilla,DEV-U-0016-P1,0,U-0045,0,0,1,0,0,0,None
TXN-MFS-00640,U-0017,2399.41,merchant_payment,12,Cumilla,DEV-U-0017-P1,0,U-0091,0,0,1,0,0,0,None
TXN-MFS-00641,U-0017,2975.18,merchant_payment,14,Cumilla,DEV-U-0017-P1,0,U-0091,0,0,1,0,0,0,None
TXN-MFS-00642,U-0017,2307.17,cash_out,11,Cumilla,DEV-U-0017-P1,0,U-0045,0,0,1,0,0,0,None
TXN-MFS-00643,U-0017,2403.83,send_money,20,Cumilla,DEV-U-0017-P1,0,U-0045,0,0,1,0,0,0,None
TXN-MFS-00644,U-0017,2485.88,cash_out,15,Cumilla,DEV-U-0017-P1,0,U-0091,0,0,1,0,0,0,None
TXN-MFS-00645,U-0017,2855.8,send_money,12,Cumilla,DEV-U-0017-P1,0,U-0045,0,0,1,0,0,0,None
TXN-MFS-00646,U-0017,2732.13,merchant_payment,18,Cumilla,DEV-U-0017-P1,0,U-0091,0,0,1,0,0,0,None
TXN-MFS-00647,U-0017,2885.97,cash_out,9,Cumilla,DEV-U-0017-P1,0,U-0045,0,0,1,0,0,0,None
TXN-MFS-00648,U-0017,2072.5,merchant_payment,14,Cumilla,DEV-U-0017-P1,0,U-0091,0,0,1,0,0,0,None
TXN-MFS-00649,U-0017,3292.23,send_money,15,Cumilla,DEV-U-0017-P1,0,U-0045,0,0,1,0,0,0,None
TXN-MFS-00650,U-0017,2019.97,merchant_payment,18,Cumilla,DEV-U-0017-P1,0,U-0061,0,0,1,0,0,0,None
TXN-MFS-00651,U-0017,3492.24,send_money,19,Cumilla,DEV-U-0017-P1,0,U-0091,0,0,1,0,0,0,None
TXN-MFS-00652,U-0017,2658.26,send_money,18,Cumilla,DEV-U-0017-P1,0,U-0091,0,0,1,0,0,0,None
TXN-MFS-00653,U-0017,3819.7,send_money,12,Cumilla,DEV-U-0017-P1,0,U-0061,0,0,1,0,0,0,None
TXN-MFS-00654,U-0017,2890.79,send_money,19,Khulna,DEV-U-0017-P1,0,U-0045,0,0,1,0,0,0,None
TXN-MFS-00655,U-0017,3046.19,send_money,12,Cumilla,DEV-U-0017-P1,0,U-0061,0,0,1,0,0,0,None
TXN-MFS-00656,U-0017,3369.77,send_money,16,Cumilla,DEV-U-0017-P1,0,U-0061,0,0,1,0,0,0,None
TXN-MFS-00657,U-0017,2765.38,cash_out,13,Cumilla,DEV-U-0017-P1,0,U-0045,0,0,1,0,0,0,None
TXN-MFS-00658,U-0017,2220.72,send_money,10,Cumilla,DEV-U-0017-P1,0,U-0045,0,0,1,0,0,0,None
TXN-MFS-00659,U-0017,3263.96,send_money,15,Cumilla,DEV-U-0017-P1,0,U-0045,0,0,1,0,0,0,None
TXN-MFS-00660,U-0017,2516.8,send_money,12,Cumilla,DEV-U-0017-P1,0,U-0091,0,0,1,0,0,0,None
TXN-MFS-00661,U-0017,1506.18,send_money,9,Cumilla,DEV-U-0017-P1,0,U-0061,0,0,1,0,0,0,None
TXN-MFS-00662,U-0017,3363.43,send_money,14,Cumilla,DEV-U-0017-P1,0,U-0061,0,0,1,0,0,0,None
TXN-MFS-00663,U-0017,3124.8,cash_out,14,Cumilla,DEV-U-0017-P1,0,U-0061,0,0,1,0,0,0,None
TXN-MFS-00664,U-0017,3116.73,merchant_payment,15,Cumilla,DEV-U-0017-P1,0,U-0091,0,0,1,0,0,0,None
TXN-MFS-00665,U-0017,3781.46,send_money,16,Cumilla,DEV-U-0017-P1,0,U-0091,0,0,1,0,0,0,None
TXN-MFS-00666,U-0017,3141.87,send_money,19,Cumilla,DEV-U-0017-P1,0,U-0045,0,0,1,0,0,0,None
TXN-MFS-00667,U-0017,2656.59,send_money,15,Cumilla,DEV-U-0017-P1,0,U-0061,0,0,1,0,0,0,None
TXN-MFS-00668,U-0017,2533.98,send_money,19,Cumilla,DEV-U-0017-P1,0,U-0091,0,0,1,0,0,0,None
TXN-MFS-00669,U-0017,2265.59,send_money,16,Cumilla,DEV-U-0017-P1,0,U-0045,0,0,1,0,0,0,None
TXN-MFS-00670,U-0017,2683.21,send_money,12,Cumilla,DEV-U-0017-P1,0,U-0045,0,0,1,0,0,0,None
TXN-MFS-00671,U-0017,2525.56,cash_out,11,Cumilla,DEV-U-0017-P1,0,U-0091,0,0,1,0,0,0,None
TXN-MFS-00672,U-0017,2858.32,send_money,17,Mymensingh,DEV-U-0017-P1,0,U-0061,0,0,1,0,0,0,None
TXN-MFS-00673,U-0017,2929.86,send_money,9,Cumilla,DEV-U-0017-P1,0,U-0061,0,0,1,0,0,0,None
TXN-MFS-00674,U-0017,2421.48,send_money,19,Cumilla,DEV-U-0017-P1,0,U-0091,0,0,1,0,0,0,None
TXN-MFS-00675,U-0017,3489.5,send_money,14,Cumilla,DEV-U-0017-P1,0,U-0061,0,0,1,0,0,0,None
TXN-MFS-00676,U-0017,2082.93,send_money,10,Cumilla,DEV-U-0017-P1,0,U-0045,0,0,1,0,0,0,None
TXN-MFS-00677,U-0017,2872.89,send_money,9,Cumilla,DEV-U-0017-P1,0,U-0061,0,0,1,0,0,0,None
TXN-MFS-00678,U-0017,2593.2,cash_out,10,Cumilla,DEV-U-0017-P1,0,U-0061,0,0,1,0,0,0,None
TXN-MFS-00679,U-0017,24357.6,cash_out,14,Cumilla,DEV-U-0017-P1,0,U-STRUCT-81,1,6,10,0,0,1,VELOCITY_BURST
TXN-MFS-00680,U-0018,2375.89,cash_out,10,Khulna,DEV-U-0018-P1,0,U-0029,0,0,1,0,0,0,None
TXN-MFS-00681,U-0018,2794.88,send_money,14,Khulna,DEV-U-0018-P1,0,U-0029,0,0,1,0,0,0,None
TXN-MFS-00682,U-0018,4592.4,send_money,18,Khulna,DEV-U-0018-P1,0,U-0079,0,0,1,0,0,0,None
TXN-MFS-00683,U-0018,3521.54,send_money,16,Khulna,DEV-U-0018-P1,0,U-0092,0,0,1,0,0,0,None
TXN-MFS-00684,U-0018,3445.11,send_money,14,Khulna,DEV-U-0018-P1,0,U-0079,0,0,1,0,0,0,None
TXN-MFS-00685,U-0018,2664.81,cash_out,9,Khulna,DEV-U-0018-P1,0,U-0092,0,0,1,0,0,0,None
TXN-MFS-00686,U-0018,2912.58,send_money,17,Khulna,DEV-U-0018-P1,0,U-0029,0,0,1,0,0,0,None
TXN-MFS-00687,U-0018,3764.98,merchant_payment,11,Khulna,DEV-U-0018-P1,0,U-0029,0,0,1,0,0,0,None
TXN-MFS-00688,U-0018,3703.17,merchant_payment,13,Khulna,DEV-U-0018-P1,0,U-0092,0,0,1,0,0,0,None
TXN-MFS-00689,U-0018,2522.54,merchant_payment,11,Khulna,DEV-U-0018-P1,0,U-0079,0,0,1,0,0,0,None
TXN-MFS-00690,U-0018,2730.76,merchant_payment,14,Khulna,DEV-U-0018-P1,0,U-0079,0,0,1,0,0,0,None
TXN-MFS-00691,U-0018,2656.13,send_money,15,Khulna,DEV-U-0018-S2,1,U-0079,0,0,1,0,0,0,None
TXN-MFS-00692,U-0018,2275.32,send_money,13,Khulna,DEV-U-0018-P1,0,U-0079,0,0,1,0,0,0,None
TXN-MFS-00693,U-0018,3820.67,merchant_payment,16,Khulna,DEV-U-0018-P1,0,U-0079,0,0,1,0,0,0,None
TXN-MFS-00694,U-0018,2279.14,send_money,17,Khulna,DEV-U-0018-P1,0,U-0079,0,0,1,0,0,0,None
TXN-MFS-00695,U-0018,2915.07,send_money,19,Khulna,DEV-U-0018-P1,0,U-0029,0,0,1,0,0,0,None
TXN-MFS-00696,U-0018,3003.25,send_money,13,Khulna,DEV-U-0018-P1,0,U-0079,0,0,1,0,0,0,None
TXN-MFS-00697,U-0018,2413.15,send_money,14,Khulna,DEV-U-0018-S2,1,U-0029,0,0,1,0,0,0,None
TXN-MFS-00698,U-0018,3005.21,send_money,13,Khulna,DEV-U-0018-P1,0,U-0029,0,0,1,0,0,0,None
TXN-MFS-00699,U-0018,2290.47,send_money,9,Khulna,DEV-U-0018-P1,0,U-0092,0,0,1,0,0,0,None
TXN-MFS-00700,U-0018,1878.28,cash_out,20,Khulna,DEV-U-0018-P1,0,U-0029,0,0,1,0,0,0,None
TXN-MFS-00701,U-0018,3137.04,send_money,10,Khulna,DEV-U-0018-P1,0,U-0092,0,0,1,0,0,0,None
TXN-MFS-00702,U-0018,3832.41,send_money,12,Khulna,DEV-U-0018-P1,0,U-0079,0,0,1,0,0,0,None
TXN-MFS-00703,U-0018,2823.95,send_money,14,Khulna,DEV-U-0018-P1,0,U-0029,0,0,1,0,0,0,None
TXN-MFS-00704,U-0018,3506.85,send_money,13,Khulna,DEV-U-0018-P1,0,U-0079,0,0,1,0,0,0,None
TXN-MFS-00705,U-0018,2336.1,merchant_payment,10,Khulna,DEV-U-0018-P1,0,U-0029,0,0,1,0,0,0,None
TXN-MFS-00706,U-0018,4328.23,send_money,16,Khulna,DEV-U-0018-P1,0,U-0029,0,0,1,0,0,0,None
TXN-MFS-00707,U-0018,1448.55,cash_out,16,Khulna,DEV-U-0018-P1,0,U-0079,0,0,1,0,0,0,None
TXN-MFS-00708,U-0018,2779.02,merchant_payment,19,Khulna,DEV-U-0018-P1,0,U-0029,0,0,1,0,0,0,None
TXN-MFS-00709,U-0018,1135.16,send_money,9,Khulna,DEV-U-0018-P1,0,U-0079,0,0,1,0,0,0,None
TXN-MFS-00710,U-0018,3398.04,send_money,9,Khulna,DEV-U-0018-P1,0,U-0079,0,0,1,0,0,0,None
TXN-MFS-00711,U-0018,3077.33,merchant_payment,12,Khulna,DEV-U-0018-P1,0,U-0092,0,0,1,0,0,0,None
TXN-MFS-00712,U-0018,2354.67,send_money,17,Khulna,DEV-U-0018-P1,0,U-0079,0,0,1,0,0,0,None
TXN-MFS-00713,U-0018,2507.85,cash_out,9,Khulna,DEV-U-0018-P1,0,U-0092,0,0,1,0,0,0,None
TXN-MFS-00714,U-0018,3146.73,send_money,11,Khulna,DEV-U-0018-P1,0,U-0029,0,0,1,0,0,0,None
TXN-MFS-00715,U-0018,3797.2,cash_out,10,Khulna,DEV-U-0018-P1,0,U-0092,0,0,1,0,0,0,None
TXN-MFS-00716,U-0018,4343.41,send_money,20,Khulna,DEV-U-0018-P1,0,U-0092,0,0,1,0,0,0,None
TXN-MFS-00717,U-0018,2565.98,cash_out,14,Khulna,DEV-U-0018-P1,0,U-0029,0,0,1,0,0,0,None
TXN-MFS-00718,U-0018,2725.07,merchant_payment,18,Khulna,DEV-U-0018-P1,0,U-0029,0,0,1,0,0,0,None
TXN-MFS-00719,U-0018,24660.86,cash_out,18,Khulna,DEV-U-0018-P1,0,U-STRUCT-93,1,6,10,0,0,1,VELOCITY_BURST
TXN-MFS-00720,U-0019,3419.43,send_money,9,Chattogram,DEV-U-0019-P1,0,U-0058,0,0,1,0,0,0,None
TXN-MFS-00721,U-0019,2890.87,cash_out,11,Chattogram,DEV-U-0019-P1,0,U-0051,0,0,1,0,0,0,None
TXN-MFS-00722,U-0019,3758.04,send_money,17,Chattogram,DEV-U-0019-P1,0,U-0053,0,0,1,0,0,0,None
TXN-MFS-00723,U-0019,3533.53,send_money,16,Chattogram,DEV-U-0019-P1,0,U-0053,0,0,1,0,0,0,None
TXN-MFS-00724,U-0019,4276.58,send_money,20,Chattogram,DEV-U-0019-P1,0,U-0051,0,0,1,0,0,0,None
TXN-MFS-00725,U-0019,3381.65,merchant_payment,17,Chattogram,DEV-U-0019-P1,0,U-0058,0,0,1,0,0,0,None
TXN-MFS-00726,U-0019,3187.51,merchant_payment,10,Chattogram,DEV-U-0019-P1,0,U-0053,0,0,1,0,0,0,None
TXN-MFS-00727,U-0019,3355.44,merchant_payment,16,Chattogram,DEV-U-0019-P1,0,U-0051,0,0,1,0,0,0,None
TXN-MFS-00728,U-0019,2962.14,send_money,11,Chattogram,DEV-U-0019-P1,0,U-0058,0,0,1,0,0,0,None
TXN-MFS-00729,U-0019,4123.53,cash_out,18,Chattogram,DEV-U-0019-P1,0,U-0058,0,0,1,0,0,0,None
TXN-MFS-00730,U-0019,4444.65,send_money,16,Chattogram,DEV-U-0019-P1,0,U-0051,0,0,1,0,0,0,None
TXN-MFS-00731,U-0019,3125.15,send_money,14,Chattogram,DEV-U-0019-P1,0,U-0053,0,0,1,0,0,0,None
TXN-MFS-00732,U-0019,4345.34,send_money,13,Chattogram,DEV-U-0019-P1,0,U-0053,0,0,1,0,0,0,None
TXN-MFS-00733,U-0019,3338.69,send_money,10,Chattogram,DEV-U-0019-P1,0,U-0053,0,0,1,0,0,0,None
TXN-MFS-00734,U-0019,3278.59,send_money,11,Chattogram,DEV-U-0019-P1,0,U-0051,0,0,1,0,0,0,None
TXN-MFS-00735,U-0019,3059.84,merchant_payment,10,Chattogram,DEV-U-0019-P1,0,U-0053,0,0,1,0,0,0,None
TXN-MFS-00736,U-0019,3289.47,send_money,16,Chattogram,DEV-U-0019-P1,0,U-0058,0,0,1,0,0,0,None
TXN-MFS-00737,U-0019,3487.87,send_money,19,Chattogram,DEV-U-0019-P1,0,U-0053,0,0,1,0,0,0,None
TXN-MFS-00738,U-0019,3967.13,send_money,20,Chattogram,DEV-U-0019-P1,0,U-0051,0,0,1,0,0,0,None
TXN-MFS-00739,U-0019,3528.85,cash_out,16,Chattogram,DEV-U-0019-P1,0,U-0053,0,0,1,0,0,0,None
TXN-MFS-00740,U-0019,3083.71,send_money,17,Chattogram,DEV-U-0019-P1,0,U-0058,0,0,1,0,0,0,None
TXN-MFS-00741,U-0019,3575.09,cash_out,13,Chattogram,DEV-U-0019-P1,0,U-0051,0,0,1,0,0,0,None
TXN-MFS-00742,U-0019,3089.24,merchant_payment,10,Chattogram,DEV-U-0019-P1,0,U-0051,0,0,1,0,0,0,None
TXN-MFS-00743,U-0019,2573.86,merchant_payment,10,Chattogram,DEV-U-0019-P1,0,U-0058,0,0,1,0,0,0,None
TXN-MFS-00744,U-0019,4061.31,cash_out,19,Chattogram,DEV-U-0019-P1,0,U-0058,0,0,1,0,0,0,None
TXN-MFS-00745,U-0019,3461.35,cash_out,20,Chattogram,DEV-U-0019-S2,1,U-0058,0,0,1,0,0,0,None
TXN-MFS-00746,U-0019,2987.75,merchant_payment,19,Chattogram,DEV-U-0019-P1,0,U-0051,0,0,1,0,0,0,None
TXN-MFS-00747,U-0019,2515.77,send_money,15,Chattogram,DEV-U-0019-P1,0,U-0053,0,0,1,0,0,0,None
TXN-MFS-00748,U-0019,2057.75,cash_out,18,Chattogram,DEV-U-0019-P1,0,U-0058,0,0,1,0,0,0,None
TXN-MFS-00749,U-0019,2994.16,cash_out,12,Chattogram,DEV-U-0019-P1,0,U-0053,0,0,1,0,0,0,None
TXN-MFS-00750,U-0019,3754.52,cash_out,19,Chattogram,DEV-U-0019-P1,0,U-0053,0,0,1,0,0,0,None
TXN-MFS-00751,U-0019,3658.95,send_money,10,Chattogram,DEV-U-0019-P1,0,U-0058,0,0,1,0,0,0,None
TXN-MFS-00752,U-0019,3410.17,send_money,15,Chattogram,DEV-U-0019-P1,0,U-0053,0,0,1,0,0,0,None
TXN-MFS-00753,U-0019,3863.86,send_money,12,Chattogram,DEV-U-0019-P1,0,U-0058,0,0,1,0,0,0,None
TXN-MFS-00754,U-0019,4002.48,cash_out,19,Chattogram,DEV-U-0019-P1,0,U-0053,0,0,1,0,0,0,None
TXN-MFS-00755,U-0019,4577.32,send_money,18,Chattogram,DEV-U-0019-P1,0,U-0051,0,0,1,0,0,0,None
TXN-MFS-00756,U-0019,3394.23,cash_out,11,Chattogram,DEV-U-0019-P1,0,U-0051,0,0,1,0,0,0,None
TXN-MFS-00757,U-0019,2326.04,cash_out,17,Chattogram,DEV-U-0019-P1,0,U-0058,0,0,1,0,0,0,None
TXN-MFS-00758,U-0019,4312.37,send_money,18,Chattogram,DEV-U-0019-P1,0,U-0051,0,0,1,0,0,0,None
TXN-MFS-00759,U-0019,2445.33,merchant_payment,13,Chattogram,DEV-U-0019-P1,0,U-0058,0,0,1,0,0,0,None
TXN-MFS-00760,U-0020,1693.67,merchant_payment,15,Cumilla,DEV-U-0020-P1,0,U-0095,0,0,1,0,0,0,None
TXN-MFS-00761,U-0020,1025.7,send_money,18,Cumilla,DEV-U-0020-P1,0,U-0055,0,0,1,0,0,0,None
TXN-MFS-00762,U-0020,1505.68,merchant_payment,15,Cumilla,DEV-U-0020-P1,0,U-0006,0,0,1,0,0,0,None
TXN-MFS-00763,U-0020,1985.51,send_money,20,Cumilla,DEV-U-0020-P1,0,U-0095,0,0,1,0,0,0,None
TXN-MFS-00764,U-0020,1455.33,merchant_payment,17,Cumilla,DEV-U-0020-P1,0,U-0095,0,0,1,0,0,0,None
TXN-MFS-00765,U-0020,760.41,send_money,12,Cumilla,DEV-U-0020-P1,0,U-0095,0,0,1,0,0,0,None
TXN-MFS-00766,U-0020,1145.46,cash_out,16,Cumilla,DEV-U-0020-P1,0,U-0095,0,0,1,0,0,0,None
TXN-MFS-00767,U-0020,1798.19,send_money,10,Cumilla,DEV-U-0020-P1,0,U-0006,0,0,1,0,0,0,None
TXN-MFS-00768,U-0020,1141.11,merchant_payment,11,Cumilla,DEV-U-0020-P1,0,U-0055,0,0,1,0,0,0,None
TXN-MFS-00769,U-0020,1214.08,merchant_payment,17,Cumilla,DEV-U-0020-P1,0,U-0055,0,0,1,0,0,0,None
TXN-MFS-00770,U-0020,1151.48,cash_out,20,Cumilla,DEV-U-0020-P1,0,U-0095,0,0,1,0,0,0,None
TXN-MFS-00771,U-0020,1398.41,send_money,17,Cumilla,DEV-U-0020-P1,0,U-0055,0,0,1,0,0,0,None
TXN-MFS-00772,U-0020,1055.85,send_money,12,Cumilla,DEV-U-0020-P1,0,U-0006,0,0,1,0,0,0,None
TXN-MFS-00773,U-0020,1541.57,send_money,9,Cumilla,DEV-U-0020-P1,0,U-0006,0,0,1,0,0,0,None
TXN-MFS-00774,U-0020,868.51,cash_out,13,Cumilla,DEV-U-0020-P1,0,U-0006,0,0,1,0,0,0,None
TXN-MFS-00775,U-0020,1285.58,merchant_payment,19,Cumilla,DEV-U-0020-P1,0,U-0055,0,0,1,0,0,0,None
TXN-MFS-00776,U-0020,1333.05,send_money,19,Cumilla,DEV-U-0020-P1,0,U-0006,0,0,1,0,0,0,None
TXN-MFS-00777,U-0020,1945.67,merchant_payment,11,Cumilla,DEV-U-0020-P1,0,U-0006,0,0,1,0,0,0,None
TXN-MFS-00778,U-0020,1297.59,send_money,10,Cumilla,DEV-U-0020-P1,0,U-0095,0,0,1,0,0,0,None
TXN-MFS-00779,U-0020,1140.05,merchant_payment,18,Cumilla,DEV-U-0020-P1,0,U-0095,0,0,1,0,0,0,None
TXN-MFS-00780,U-0020,1097.32,send_money,19,Cumilla,DEV-U-0020-P1,0,U-0095,0,0,1,0,0,0,None
TXN-MFS-00781,U-0020,1503.69,send_money,9,Cumilla,DEV-U-0020-P1,0,U-0095,0,0,1,0,0,0,None
TXN-MFS-00782,U-0020,1611.93,cash_out,17,Cumilla,DEV-U-0020-P1,0,U-0055,0,0,1,0,0,0,None
TXN-MFS-00783,U-0020,1619.47,cash_out,17,Cumilla,DEV-U-0020-P1,0,U-0095,0,0,1,0,0,0,None
TXN-MFS-00784,U-0020,1123.98,merchant_payment,9,Khulna,DEV-U-0020-P1,0,U-0055,0,0,1,0,0,0,None
TXN-MFS-00785,U-0020,1434.74,cash_out,13,Cumilla,DEV-U-0020-P1,0,U-0095,0,0,1,0,0,0,None
TXN-MFS-00786,U-0020,1828.92,send_money,12,Cumilla,DEV-U-0020-P1,0,U-0055,0,0,1,0,0,0,None
TXN-MFS-00787,U-0020,1179.22,merchant_payment,17,Cumilla,DEV-U-0020-P1,0,U-0055,0,0,1,0,0,0,None
TXN-MFS-00788,U-0020,1596.21,send_money,10,Cumilla,DEV-U-0020-P1,0,U-0095,0,0,1,0,0,0,None
TXN-MFS-00789,U-0020,845.76,cash_out,15,Cumilla,DEV-U-0020-P1,0,U-0006,0,0,1,0,0,0,None
TXN-MFS-00790,U-0020,1412.75,cash_out,10,Cumilla,DEV-U-0020-P1,0,U-0006,0,0,1,0,0,0,None
TXN-MFS-00791,U-0020,933.95,merchant_payment,9,Cumilla,DEV-U-0020-P1,0,U-0055,0,0,1,0,0,0,None
TXN-MFS-00792,U-0020,2164.72,merchant_payment,18,Cumilla,DEV-U-0020-P1,0,U-0006,0,0,1,0,0,0,None
TXN-MFS-00793,U-0020,1784.15,send_money,16,Cumilla,DEV-U-0020-S2,1,U-0055,0,0,1,0,0,0,None
TXN-MFS-00794,U-0020,2109.45,merchant_payment,18,Cumilla,DEV-U-0020-P1,0,U-0095,0,0,1,0,0,0,None
TXN-MFS-00795,U-0020,2082.34,merchant_payment,9,Cumilla,DEV-U-0020-P1,0,U-0055,0,0,1,0,0,0,None
TXN-MFS-00796,U-0020,1619.73,cash_out,11,Cumilla,DEV-U-0020-P1,0,U-0006,0,0,1,0,0,0,None
TXN-MFS-00797,U-0020,1853.15,merchant_payment,19,Cumilla,DEV-U-0020-P1,0,U-0095,0,0,1,0,0,0,None
TXN-MFS-00798,U-0020,1917.64,send_money,20,Cumilla,DEV-U-0020-P1,0,U-0006,0,0,1,0,0,0,None
TXN-MFS-00799,U-0020,1688.71,send_money,10,Cumilla,DEV-U-0020-P1,0,U-0055,0,0,1,0,0,0,None
TXN-MFS-00800,U-0021,5830.6,send_money,20,Sylhet,DEV-U-0021-P1,0,U-0080,0,0,1,0,0,0,None
TXN-MFS-00801,U-0021,4859.18,merchant_payment,12,Sylhet,DEV-U-0021-P1,0,U-0020,0,0,1,0,0,0,None
TXN-MFS-00802,U-0021,4182.92,send_money,16,Sylhet,DEV-U-0021-P1,0,U-0036,0,0,1,0,0,0,None
TXN-MFS-00803,U-0021,2801.21,send_money,20,Sylhet,DEV-U-0021-P1,0,U-0080,0,0,1,0,0,0,None
TXN-MFS-00804,U-0021,5223.89,cash_out,10,Sylhet,DEV-U-0021-P1,0,U-0036,0,0,1,0,0,0,None
TXN-MFS-00805,U-0021,4065.82,merchant_payment,17,Sylhet,DEV-U-0021-P1,0,U-0020,0,0,1,0,0,0,None
TXN-MFS-00806,U-0021,3133.08,cash_out,12,Sylhet,DEV-U-0021-P1,0,U-0080,0,0,1,0,0,0,None
TXN-MFS-00807,U-0021,4432.85,send_money,13,Sylhet,DEV-U-0021-P1,0,U-0080,0,0,1,0,0,0,None
TXN-MFS-00808,U-0021,4963.36,merchant_payment,16,Sylhet,DEV-U-0021-P1,0,U-0080,0,0,1,0,0,0,None
TXN-MFS-00809,U-0021,5294.41,cash_out,10,Sylhet,DEV-U-0021-P1,0,U-0036,0,0,1,0,0,0,None
TXN-MFS-00810,U-0021,3178.98,send_money,14,Sylhet,DEV-U-0021-P1,0,U-0020,0,0,1,0,0,0,None
TXN-MFS-00811,U-0021,4713.96,cash_out,17,Sylhet,DEV-U-0021-P1,0,U-0036,0,0,1,0,0,0,None
TXN-MFS-00812,U-0021,3114.37,cash_out,18,Sylhet,DEV-U-0021-P1,0,U-0020,0,0,1,0,0,0,None
TXN-MFS-00813,U-0021,4263.47,merchant_payment,12,Sylhet,DEV-U-0021-P1,0,U-0080,0,0,1,0,0,0,None
TXN-MFS-00814,U-0021,4249.32,cash_out,14,Dhaka,DEV-U-0021-P1,0,U-0036,0,0,1,0,0,0,None
TXN-MFS-00815,U-0021,3671.78,send_money,16,Sylhet,DEV-U-0021-P1,0,U-0020,0,0,1,0,0,0,None
TXN-MFS-00816,U-0021,4392.57,send_money,16,Sylhet,DEV-U-0021-P1,0,U-0080,0,0,1,0,0,0,None
TXN-MFS-00817,U-0021,6319.06,merchant_payment,20,Sylhet,DEV-U-0021-P1,0,U-0080,0,0,1,0,0,0,None
TXN-MFS-00818,U-0021,3912.14,merchant_payment,20,Sylhet,DEV-U-0021-P1,0,U-0020,0,0,1,0,0,0,None
TXN-MFS-00819,U-0021,6174.23,cash_out,14,Sylhet,DEV-U-0021-P1,0,U-0080,0,0,1,0,0,0,None
TXN-MFS-00820,U-0021,3401.58,merchant_payment,13,Sylhet,DEV-U-0021-P1,0,U-0036,0,0,1,0,0,0,None
TXN-MFS-00821,U-0021,3611.52,merchant_payment,19,Cumilla,DEV-U-0021-P1,0,U-0020,0,0,1,0,0,0,None
TXN-MFS-00822,U-0021,2916.4,cash_out,9,Sylhet,DEV-U-0021-P1,0,U-0020,0,0,1,0,0,0,None
TXN-MFS-00823,U-0021,6089.66,merchant_payment,11,Sylhet,DEV-U-0021-P1,0,U-0036,0,0,1,0,0,0,None
TXN-MFS-00824,U-0021,2932.95,send_money,12,Sylhet,DEV-U-0021-P1,0,U-0020,0,0,1,0,0,0,None
TXN-MFS-00825,U-0021,4486.72,send_money,13,Sylhet,DEV-U-0021-P1,0,U-0020,0,0,1,0,0,0,None
TXN-MFS-00826,U-0021,5344.39,merchant_payment,16,Sylhet,DEV-U-0021-P1,0,U-0020,0,0,1,0,0,0,None
TXN-MFS-00827,U-0021,3523.78,send_money,9,Sylhet,DEV-U-0021-P1,0,U-0036,0,0,1,0,0,0,None
TXN-MFS-00828,U-0021,4413.33,send_money,9,Sylhet,DEV-U-0021-P1,0,U-0036,0,0,1,0,0,0,None
TXN-MFS-00829,U-0021,3039.54,merchant_payment,15,Sylhet,DEV-U-0021-P1,0,U-0036,0,0,1,0,0,0,None
TXN-MFS-00830,U-0021,4326.66,merchant_payment,16,Sylhet,DEV-U-0021-P1,0,U-0036,0,0,1,0,0,0,None
TXN-MFS-00831,U-0021,5355.67,send_money,11,Sylhet,DEV-U-0021-P1,0,U-0020,0,0,1,0,0,0,None
TXN-MFS-00832,U-0021,4350.03,merchant_payment,13,Sylhet,DEV-U-0021-P1,0,U-0020,0,0,1,0,0,0,None
TXN-MFS-00833,U-0021,1886.81,send_money,18,Sylhet,DEV-U-0021-P1,0,U-0080,0,0,1,0,0,0,None
TXN-MFS-00834,U-0021,5011.35,send_money,9,Sylhet,DEV-U-0021-P1,0,U-0080,0,0,1,0,0,0,None
TXN-MFS-00835,U-0021,4786.51,send_money,13,Sylhet,DEV-U-0021-P1,0,U-0036,0,0,1,0,0,0,None
TXN-MFS-00836,U-0021,4753.26,cash_out,10,Sylhet,DEV-U-0021-P1,0,U-0036,0,0,1,0,0,0,None
TXN-MFS-00837,U-0021,2653.69,send_money,11,Sylhet,DEV-U-0021-P1,0,U-0020,0,0,1,0,0,0,None
TXN-MFS-00838,U-0021,6488.13,send_money,18,Sylhet,DEV-U-0021-P1,0,U-0020,0,0,1,0,0,0,None
TXN-MFS-00839,U-0021,71839.85,cash_out,1,Chattogram,DEV-ROGUE-537,1,U-MULE-51,1,1,2,0,1,1,ATO_NOCTURNAL
TXN-MFS-00840,U-0022,2535.74,send_money,12,Sylhet,DEV-U-0022-P1,0,U-0081,0,0,1,0,0,0,None
TXN-MFS-00841,U-0022,1955.11,send_money,13,Bogura,DEV-U-0022-S2,1,U-0007,0,0,1,0,0,0,None
TXN-MFS-00842,U-0022,1757.89,cash_out,9,Sylhet,DEV-U-0022-P1,0,U-0007,0,0,1,0,0,0,None
TXN-MFS-00843,U-0022,3042.15,merchant_payment,19,Sylhet,DEV-U-0022-P1,0,U-0007,0,0,1,0,0,0,None
TXN-MFS-00844,U-0022,3690.74,send_money,16,Sylhet,DEV-U-0022-P1,0,U-0007,0,0,1,0,0,0,None
TXN-MFS-00845,U-0022,3045.26,merchant_payment,19,Sylhet,DEV-U-0022-P1,0,U-0009,0,0,1,0,0,0,None
TXN-MFS-00846,U-0022,2974.14,cash_out,11,Sylhet,DEV-U-0022-P1,0,U-0081,0,0,1,0,0,0,None
TXN-MFS-00847,U-0022,3249.52,send_money,10,Sylhet,DEV-U-0022-P1,0,U-0007,0,0,1,0,0,0,None
TXN-MFS-00848,U-0022,2981.85,send_money,18,Sylhet,DEV-U-0022-P1,0,U-0081,0,0,1,0,0,0,None
TXN-MFS-00849,U-0022,3173.79,send_money,14,Sylhet,DEV-U-0022-P1,0,U-0009,0,0,1,0,0,0,None
TXN-MFS-00850,U-0022,2995.98,send_money,14,Sylhet,DEV-U-0022-P1,0,U-0009,0,0,1,0,0,0,None
TXN-MFS-00851,U-0022,3860.77,merchant_payment,10,Chattogram,DEV-U-0022-P1,0,U-0007,0,0,1,0,0,0,None
TXN-MFS-00852,U-0022,2160.11,cash_out,17,Sylhet,DEV-U-0022-P1,0,U-0081,0,0,1,0,0,0,None
TXN-MFS-00853,U-0022,2813.2,merchant_payment,14,Sylhet,DEV-U-0022-P1,0,U-0007,0,0,1,0,0,0,None
TXN-MFS-00854,U-0022,3460.35,send_money,17,Sylhet,DEV-U-0022-P1,0,U-0081,0,0,1,0,0,0,None
TXN-MFS-00855,U-0022,4329.88,cash_out,12,Sylhet,DEV-U-0022-P1,0,U-0009,0,0,1,0,0,0,None
TXN-MFS-00856,U-0022,4351.25,send_money,15,Sylhet,DEV-U-0022-P1,0,U-0007,0,0,1,0,0,0,None
TXN-MFS-00857,U-0022,2678.73,cash_out,11,Sylhet,DEV-U-0022-P1,0,U-0009,0,0,1,0,0,0,None
TXN-MFS-00858,U-0022,4375.84,merchant_payment,16,Sylhet,DEV-U-0022-P1,0,U-0009,0,0,1,0,0,0,None
TXN-MFS-00859,U-0022,3457.26,merchant_payment,12,Sylhet,DEV-U-0022-P1,0,U-0009,0,0,1,0,0,0,None
TXN-MFS-00860,U-0022,4567.14,merchant_payment,12,Sylhet,DEV-U-0022-P1,0,U-0009,0,0,1,0,0,0,None
TXN-MFS-00861,U-0022,3657.69,send_money,14,Sylhet,DEV-U-0022-P1,0,U-0009,0,0,1,0,0,0,None
TXN-MFS-00862,U-0022,3335.54,send_money,14,Sylhet,DEV-U-0022-S2,1,U-0007,0,0,1,0,0,0,None
TXN-MFS-00863,U-0022,4688.69,cash_out,17,Sylhet,DEV-U-0022-P1,0,U-0009,0,0,1,0,0,0,None
TXN-MFS-00864,U-0022,3153.49,send_money,17,Sylhet,DEV-U-0022-P1,0,U-0007,0,0,1,0,0,0,None
TXN-MFS-00865,U-0022,4567.41,send_money,18,Sylhet,DEV-U-0022-P1,0,U-0009,0,0,1,0,0,0,None
TXN-MFS-00866,U-0022,2652.75,merchant_payment,13,Sylhet,DEV-U-0022-P1,0,U-0009,0,0,1,0,0,0,None
TXN-MFS-00867,U-0022,3481.69,cash_out,18,Sylhet,DEV-U-0022-P1,0,U-0007,0,0,1,0,0,0,None
TXN-MFS-00868,U-0022,2544.32,send_money,14,Sylhet,DEV-U-0022-P1,0,U-0081,0,0,1,0,0,0,None
TXN-MFS-00869,U-0022,3020.64,send_money,14,Sylhet,DEV-U-0022-P1,0,U-0007,0,0,1,0,0,0,None
TXN-MFS-00870,U-0022,5404.38,send_money,16,Sylhet,DEV-U-0022-P1,0,U-0081,0,0,1,0,0,0,None
TXN-MFS-00871,U-0022,3037.88,send_money,11,Sylhet,DEV-U-0022-S2,1,U-0081,0,0,1,0,0,0,None
TXN-MFS-00872,U-0022,4372.77,send_money,15,Sylhet,DEV-U-0022-P1,0,U-0081,0,0,1,0,0,0,None
TXN-MFS-00873,U-0022,3050.77,send_money,12,Sylhet,DEV-U-0022-P1,0,U-0007,0,0,1,0,0,0,None
TXN-MFS-00874,U-0022,2841.13,merchant_payment,18,Sylhet,DEV-U-0022-P1,0,U-0081,0,0,1,0,0,0,None
TXN-MFS-00875,U-0022,3576.16,send_money,15,Sylhet,DEV-U-0022-P1,0,U-0009,0,0,1,0,0,0,None
TXN-MFS-00876,U-0022,3824.64,send_money,12,Sylhet,DEV-U-0022-P1,0,U-0009,0,0,1,0,0,0,None
TXN-MFS-00877,U-0022,2116.97,send_money,17,Sylhet,DEV-U-0022-P1,0,U-0081,0,0,1,0,0,0,None
TXN-MFS-00878,U-0022,5273.25,send_money,16,Sylhet,DEV-U-0022-P1,0,U-0009,0,0,1,0,0,0,None
TXN-MFS-00879,U-0022,2053.84,send_money,14,Sylhet,DEV-U-0022-P1,0,U-0081,0,0,1,0,0,0,None
TXN-MFS-00880,U-0023,2265.88,cash_out,9,Barishal,DEV-U-0023-S2,1,U-0050,0,0,1,0,0,0,None
TXN-MFS-00881,U-0023,1327.15,merchant_payment,14,Barishal,DEV-U-0023-P1,0,U-0050,0,0,1,0,0,0,None
TXN-MFS-00882,U-0023,3028.19,send_money,10,Barishal,DEV-U-0023-P1,0,U-0062,0,0,1,0,0,0,None
TXN-MFS-00883,U-0023,3777.92,send_money,16,Barishal,DEV-U-0023-P1,0,U-0050,0,0,1,0,0,0,None
TXN-MFS-00884,U-0023,3363.97,merchant_payment,9,Barishal,DEV-U-0023-P1,0,U-0080,0,0,1,0,0,0,None
TXN-MFS-00885,U-0023,2622.29,send_money,15,Barishal,DEV-U-0023-P1,0,U-0050,0,0,1,0,0,0,None
TXN-MFS-00886,U-0023,3238.62,merchant_payment,17,Barishal,DEV-U-0023-P1,0,U-0080,0,0,1,0,0,0,None
TXN-MFS-00887,U-0023,2390.91,send_money,16,Barishal,DEV-U-0023-S2,1,U-0050,0,0,1,0,0,0,None
TXN-MFS-00888,U-0023,3459.26,merchant_payment,17,Barishal,DEV-U-0023-P1,0,U-0062,0,0,1,0,0,0,None
TXN-MFS-00889,U-0023,2979.57,send_money,17,Barishal,DEV-U-0023-P1,0,U-0050,0,0,1,0,0,0,None
TXN-MFS-00890,U-0023,1134.58,send_money,10,Barishal,DEV-U-0023-P1,0,U-0050,0,0,1,0,0,0,None
TXN-MFS-00891,U-0023,2737.6,send_money,14,Barishal,DEV-U-0023-P1,0,U-0062,0,0,1,0,0,0,None
TXN-MFS-00892,U-0023,2389.66,send_money,11,Barishal,DEV-U-0023-P1,0,U-0062,0,0,1,0,0,0,None
TXN-MFS-00893,U-0023,2993.43,send_money,13,Barishal,DEV-U-0023-P1,0,U-0062,0,0,1,0,0,0,None
TXN-MFS-00894,U-0023,2314.69,send_money,10,Barishal,DEV-U-0023-P1,0,U-0062,0,0,1,0,0,0,None
TXN-MFS-00895,U-0023,2366.45,cash_out,12,Barishal,DEV-U-0023-P1,0,U-0062,0,0,1,0,0,0,None
TXN-MFS-00896,U-0023,3110.15,send_money,17,Barishal,DEV-U-0023-P1,0,U-0062,0,0,1,0,0,0,None
TXN-MFS-00897,U-0023,3759.44,send_money,17,Barishal,DEV-U-0023-P1,0,U-0080,0,0,1,0,0,0,None
TXN-MFS-00898,U-0023,2785.02,merchant_payment,13,Barishal,DEV-U-0023-P1,0,U-0080,0,0,1,0,0,0,None
TXN-MFS-00899,U-0023,2797.58,send_money,13,Barishal,DEV-U-0023-P1,0,U-0050,0,0,1,0,0,0,None
TXN-MFS-00900,U-0023,2722.35,cash_out,10,Barishal,DEV-U-0023-P1,0,U-0050,0,0,1,0,0,0,None
TXN-MFS-00901,U-0023,3124.84,send_money,17,Barishal,DEV-U-0023-P1,0,U-0062,0,0,1,0,0,0,None
TXN-MFS-00902,U-0023,3517.99,merchant_payment,17,Barishal,DEV-U-0023-P1,0,U-0080,0,0,1,0,0,0,None
TXN-MFS-00903,U-0023,2871.48,send_money,11,Barishal,DEV-U-0023-P1,0,U-0080,0,0,1,0,0,0,None
TXN-MFS-00904,U-0023,688.74,send_money,10,Barishal,DEV-U-0023-P1,0,U-0062,0,0,1,0,0,0,None
TXN-MFS-00905,U-0023,3560.96,send_money,17,Barishal,DEV-U-0023-P1,0,U-0062,0,0,1,0,0,0,None
TXN-MFS-00906,U-0023,2046.21,send_money,17,Barishal,DEV-U-0023-P1,0,U-0062,0,0,1,0,0,0,None
TXN-MFS-00907,U-0023,2311.59,send_money,11,Barishal,DEV-U-0023-P1,0,U-0050,0,0,1,0,0,0,None
TXN-MFS-00908,U-0023,2528.66,cash_out,16,Barishal,DEV-U-0023-P1,0,U-0050,0,0,1,0,0,0,None
TXN-MFS-00909,U-0023,2043.9,cash_out,11,Barishal,DEV-U-0023-P1,0,U-0080,0,0,1,0,0,0,None
TXN-MFS-00910,U-0023,2690.71,cash_out,19,Barishal,DEV-U-0023-P1,0,U-0080,0,0,1,0,0,0,None
TXN-MFS-00911,U-0023,1826.95,send_money,11,Barishal,DEV-U-0023-P1,0,U-0080,0,0,1,0,0,0,None
TXN-MFS-00912,U-0023,2932.3,send_money,14,Barishal,DEV-U-0023-P1,0,U-0080,0,0,1,0,0,0,None
TXN-MFS-00913,U-0023,2343.07,cash_out,19,Barishal,DEV-U-0023-P1,0,U-0050,0,0,1,0,0,0,None
TXN-MFS-00914,U-0023,4849.94,send_money,13,Barishal,DEV-U-0023-P1,0,U-0080,0,0,1,0,0,0,None
TXN-MFS-00915,U-0023,3089.55,send_money,9,Barishal,DEV-U-0023-P1,0,U-0050,0,0,1,0,0,0,None
TXN-MFS-00916,U-0023,2434.42,send_money,18,Barishal,DEV-U-0023-P1,0,U-0080,0,0,1,0,0,0,None
TXN-MFS-00917,U-0023,3285.79,cash_out,9,Barishal,DEV-U-0023-P1,0,U-0080,0,0,1,0,0,0,None
TXN-MFS-00918,U-0023,4191.57,merchant_payment,11,Barishal,DEV-U-0023-P1,0,U-0080,0,0,1,0,0,0,None
TXN-MFS-00919,U-0023,4166.46,send_money,17,Barishal,DEV-U-0023-P1,0,U-0050,0,0,1,0,0,0,None
TXN-MFS-00920,U-0024,1460.23,send_money,12,Sylhet,DEV-U-0024-P1,0,U-0016,0,0,1,0,0,0,None
TXN-MFS-00921,U-0024,1587.61,send_money,20,Sylhet,DEV-U-0024-P1,0,U-0012,0,0,1,0,0,0,None
TXN-MFS-00922,U-0024,2204.26,send_money,20,Sylhet,DEV-U-0024-P1,0,U-0012,0,0,1,0,0,0,None
TXN-MFS-00923,U-0024,1322.1,send_money,19,Sylhet,DEV-U-0024-P1,0,U-0016,0,0,1,0,0,0,None
TXN-MFS-00924,U-0024,1260.69,cash_out,19,Sylhet,DEV-U-0024-P1,0,U-0097,0,0,1,0,0,0,None
TXN-MFS-00925,U-0024,1582.74,merchant_payment,19,Sylhet,DEV-U-0024-P1,0,U-0016,0,0,1,0,0,0,None
TXN-MFS-00926,U-0024,1560.49,send_money,19,Sylhet,DEV-U-0024-P1,0,U-0097,0,0,1,0,0,0,None
TXN-MFS-00927,U-0024,2385.67,merchant_payment,19,Sylhet,DEV-U-0024-P1,0,U-0016,0,0,1,0,0,0,None
TXN-MFS-00928,U-0024,1894.79,cash_out,20,Sylhet,DEV-U-0024-P1,0,U-0016,0,0,1,0,0,0,None
TXN-MFS-00929,U-0024,2097.33,send_money,10,Sylhet,DEV-U-0024-P1,0,U-0016,0,0,1,0,0,0,None
TXN-MFS-00930,U-0024,691.79,send_money,15,Sylhet,DEV-U-0024-P1,0,U-0097,0,0,1,0,0,0,None
TXN-MFS-00931,U-0024,1007.57,send_money,17,Cumilla,DEV-U-0024-P1,0,U-0012,0,0,1,0,0,0,None
TXN-MFS-00932,U-0024,1403.51,send_money,17,Sylhet,DEV-U-0024-P1,0,U-0097,0,0,1,0,0,0,None
TXN-MFS-00933,U-0024,1695.41,merchant_payment,16,Sylhet,DEV-U-0024-P1,0,U-0012,0,0,1,0,0,0,None
TXN-MFS-00934,U-0024,1169.17,merchant_payment,20,Sylhet,DEV-U-0024-P1,0,U-0016,0,0,1,0,0,0,None
TXN-MFS-00935,U-0024,2109.92,send_money,18,Sylhet,DEV-U-0024-P1,0,U-0097,0,0,1,0,0,0,None
TXN-MFS-00936,U-0024,1593.14,send_money,14,Sylhet,DEV-U-0024-P1,0,U-0012,0,0,1,0,0,0,None
TXN-MFS-00937,U-0024,1243.72,cash_out,9,Sylhet,DEV-U-0024-P1,0,U-0097,0,0,1,0,0,0,None
TXN-MFS-00938,U-0024,1043.07,send_money,13,Sylhet,DEV-U-0024-P1,0,U-0097,0,0,1,0,0,0,None
TXN-MFS-00939,U-0024,1547.32,send_money,11,Sylhet,DEV-U-0024-P1,0,U-0012,0,0,1,0,0,0,None
TXN-MFS-00940,U-0024,1639.84,send_money,19,Sylhet,DEV-U-0024-P1,0,U-0097,0,0,1,0,0,0,None
TXN-MFS-00941,U-0024,1143.54,send_money,17,Sylhet,DEV-U-0024-P1,0,U-0012,0,0,1,0,0,0,None
TXN-MFS-00942,U-0024,1757.98,send_money,13,Sylhet,DEV-U-0024-P1,0,U-0016,0,0,1,0,0,0,None
TXN-MFS-00943,U-0024,1900.44,send_money,17,Sylhet,DEV-U-0024-P1,0,U-0012,0,0,1,0,0,0,None
TXN-MFS-00944,U-0024,1681.21,send_money,11,Sylhet,DEV-U-0024-P1,0,U-0016,0,0,1,0,0,0,None
TXN-MFS-00945,U-0024,1066.12,merchant_payment,14,Sylhet,DEV-U-0024-P1,0,U-0012,0,0,1,0,0,0,None
TXN-MFS-00946,U-0024,1753.26,cash_out,11,Sylhet,DEV-U-0024-S2,1,U-0012,0,0,1,0,0,0,None
TXN-MFS-00947,U-0024,1213.17,send_money,17,Sylhet,DEV-U-0024-P1,0,U-0012,0,0,1,0,0,0,None
TXN-MFS-00948,U-0024,785.64,send_money,17,Sylhet,DEV-U-0024-P1,0,U-0012,0,0,1,0,0,0,None
TXN-MFS-00949,U-0024,1338.52,merchant_payment,12,Rajshahi,DEV-U-0024-P1,0,U-0012,0,0,1,0,0,0,None
TXN-MFS-00950,U-0024,1804.31,merchant_payment,11,Sylhet,DEV-U-0024-P1,0,U-0016,0,0,1,0,0,0,None
TXN-MFS-00951,U-0024,1841.69,send_money,10,Sylhet,DEV-U-0024-P1,0,U-0016,0,0,1,0,0,0,None
TXN-MFS-00952,U-0024,1083.07,send_money,20,Barishal,DEV-U-0024-P1,0,U-0012,0,0,1,0,0,0,None
TXN-MFS-00953,U-0024,957.05,merchant_payment,12,Sylhet,DEV-U-0024-P1,0,U-0012,0,0,1,0,0,0,None
TXN-MFS-00954,U-0024,1528.01,merchant_payment,14,Sylhet,DEV-U-0024-P1,0,U-0012,0,0,1,0,0,0,None
TXN-MFS-00955,U-0024,1850.76,send_money,15,Sylhet,DEV-U-0024-P1,0,U-0016,0,0,1,0,0,0,None
TXN-MFS-00956,U-0024,1272.08,send_money,10,Sylhet,DEV-U-0024-P1,0,U-0097,0,0,1,0,0,0,None
TXN-MFS-00957,U-0024,1734.98,merchant_payment,10,Sylhet,DEV-U-0024-P1,0,U-0097,0,0,1,0,0,0,None
TXN-MFS-00958,U-0024,1882.19,cash_out,16,Sylhet,DEV-U-0024-P1,0,U-0097,0,0,1,0,0,0,None
TXN-MFS-00959,U-0024,1927.89,merchant_payment,14,Sylhet,DEV-U-0024-P1,0,U-0016,0,0,1,0,0,0,None
TXN-MFS-00960,U-0025,2126.61,send_money,20,Jessore,DEV-U-0025-P1,0,U-0048,0,0,1,0,0,0,None
TXN-MFS-00961,U-0025,2568.89,send_money,13,Kushtia,DEV-U-0025-P1,0,U-0048,0,0,1,0,0,0,None
TXN-MFS-00962,U-0025,2814.89,merchant_payment,13,Jessore,DEV-U-0025-P1,0,U-0052,0,0,1,0,0,0,None
TXN-MFS-00963,U-0025,1470.0,cash_out,17,Jessore,DEV-U-0025-P1,0,U-0052,0,0,1,0,0,0,None
TXN-MFS-00964,U-0025,1762.96,cash_out,15,Kushtia,DEV-U-0025-P1,0,U-0052,0,0,1,0,0,0,None
TXN-MFS-00965,U-0025,1982.49,cash_out,14,Jessore,DEV-U-0025-P1,0,U-0090,0,0,1,0,0,0,None
TXN-MFS-00966,U-0025,2299.64,merchant_payment,20,Jessore,DEV-U-0025-P1,0,U-0048,0,0,1,0,0,0,None
TXN-MFS-00967,U-0025,2088.41,cash_out,20,Jessore,DEV-U-0025-P1,0,U-0090,0,0,1,0,0,0,None
TXN-MFS-00968,U-0025,1742.98,send_money,18,Jessore,DEV-U-0025-P1,0,U-0090,0,0,1,0,0,0,None
TXN-MFS-00969,U-0025,1618.16,send_money,16,Jessore,DEV-U-0025-P1,0,U-0048,0,0,1,0,0,0,None
TXN-MFS-00970,U-0025,1907.0,cash_out,19,Jessore,DEV-U-0025-P1,0,U-0052,0,0,1,0,0,0,None
TXN-MFS-00971,U-0025,1552.16,merchant_payment,9,Jessore,DEV-U-0025-P1,0,U-0048,0,0,1,0,0,0,None
TXN-MFS-00972,U-0025,2328.64,send_money,14,Jessore,DEV-U-0025-P1,0,U-0090,0,0,1,0,0,0,None
TXN-MFS-00973,U-0025,1341.13,merchant_payment,16,Jessore,DEV-U-0025-P1,0,U-0090,0,0,1,0,0,0,None
TXN-MFS-00974,U-0025,1942.04,merchant_payment,13,Jessore,DEV-U-0025-P1,0,U-0048,0,0,1,0,0,0,None
TXN-MFS-00975,U-0025,2762.59,send_money,11,Jessore,DEV-U-0025-P1,0,U-0090,0,0,1,0,0,0,None
TXN-MFS-00976,U-0025,2173.18,merchant_payment,14,Jessore,DEV-U-0025-P1,0,U-0090,0,0,1,0,0,0,None
TXN-MFS-00977,U-0025,2609.83,send_money,16,Jessore,DEV-U-0025-P1,0,U-0090,0,0,1,0,0,0,None
TXN-MFS-00978,U-0025,2296.06,merchant_payment,14,Jessore,DEV-U-0025-P1,0,U-0052,0,0,1,0,0,0,None
TXN-MFS-00979,U-0025,1722.78,merchant_payment,12,Jessore,DEV-U-0025-P1,0,U-0052,0,0,1,0,0,0,None
TXN-MFS-00980,U-0025,2229.89,send_money,10,Jessore,DEV-U-0025-P1,0,U-0052,0,0,1,0,0,0,None
TXN-MFS-00981,U-0025,1965.92,merchant_payment,14,Jessore,DEV-U-0025-P1,0,U-0090,0,0,1,0,0,0,None
TXN-MFS-00982,U-0025,2191.1,send_money,9,Jessore,DEV-U-0025-P1,0,U-0090,0,0,1,0,0,0,None
TXN-MFS-00983,U-0025,1869.83,send_money,13,Jessore,DEV-U-0025-P1,0,U-0048,0,0,1,0,0,0,None
TXN-MFS-00984,U-0025,2503.6,merchant_payment,10,Jessore,DEV-U-0025-P1,0,U-0090,0,0,1,0,0,0,None
TXN-MFS-00985,U-0025,1882.22,merchant_payment,9,Jessore,DEV-U-0025-P1,0,U-0048,0,0,1,0,0,0,None
TXN-MFS-00986,U-0025,1975.47,merchant_payment,17,Cumilla,DEV-U-0025-P1,0,U-0090,0,0,1,0,0,0,None
TXN-MFS-00987,U-0025,2448.91,cash_out,10,Jessore,DEV-U-0025-P1,0,U-0048,0,0,1,0,0,0,None
TXN-MFS-00988,U-0025,2732.1,send_money,9,Jessore,DEV-U-0025-P1,0,U-0090,0,0,1,0,0,0,None
TXN-MFS-00989,U-0025,2121.26,send_money,20,Jessore,DEV-U-0025-P1,0,U-0090,0,0,1,0,0,0,None
TXN-MFS-00990,U-0025,2587.42,send_money,9,Jessore,DEV-U-0025-P1,0,U-0048,0,0,1,0,0,0,None
TXN-MFS-00991,U-0025,2454.98,send_money,14,Jessore,DEV-U-0025-P1,0,U-0090,0,0,1,0,0,0,None
TXN-MFS-00992,U-0025,1980.22,send_money,13,Jessore,DEV-U-0025-P1,0,U-0048,0,0,1,0,0,0,None
TXN-MFS-00993,U-0025,1830.46,send_money,9,Jessore,DEV-U-0025-P1,0,U-0052,0,0,1,0,0,0,None
TXN-MFS-00994,U-0025,2477.21,send_money,13,Jessore,DEV-U-0025-P1,0,U-0048,0,0,1,0,0,0,None
TXN-MFS-00995,U-0025,2755.56,send_money,10,Jessore,DEV-U-0025-P1,0,U-0048,0,0,1,0,0,0,None
TXN-MFS-00996,U-0025,1975.57,send_money,16,Jessore,DEV-U-0025-P1,0,U-0052,0,0,1,0,0,0,None
TXN-MFS-00997,U-0025,2363.59,send_money,18,Jessore,DEV-U-0025-P1,0,U-0052,0,0,1,0,0,0,None
TXN-MFS-00998,U-0025,1697.67,send_money,19,Jessore,DEV-U-0025-P1,0,U-0048,0,0,1,0,0,0,None
TXN-MFS-00999,U-0025,25800.0,send_money,3,Cumilla,DEV-SIMSWAP-964,1,U-SWAP-30,1,2,3,1,1,1,SIM_SWAP_DRAIN
TXN-MFS-01000,U-0026,1841.65,merchant_payment,10,Rangpur,DEV-U-0026-P1,0,U-0050,0,0,1,0,0,0,None
TXN-MFS-01001,U-0026,2086.92,merchant_payment,13,Rangpur,DEV-U-0026-P1,0,U-0058,0,0,1,0,0,0,None
TXN-MFS-01002,U-0026,2701.52,merchant_payment,15,Rangpur,DEV-U-0026-P1,0,U-0050,0,0,1,0,0,0,None
TXN-MFS-01003,U-0026,2631.13,send_money,16,Rangpur,DEV-U-0026-P1,0,U-0058,0,0,1,0,0,0,None
TXN-MFS-01004,U-0026,2077.21,cash_out,19,Rangpur,DEV-U-0026-P1,0,U-0048,0,0,1,0,0,0,None
TXN-MFS-01005,U-0026,1971.98,merchant_payment,19,Rangpur,DEV-U-0026-S2,1,U-0058,0,0,1,0,0,0,None
TXN-MFS-01006,U-0026,3158.43,send_money,10,Rangpur,DEV-U-0026-P1,0,U-0058,0,0,1,0,0,0,None
TXN-MFS-01007,U-0026,2681.22,send_money,10,Rangpur,DEV-U-0026-P1,0,U-0058,0,0,1,0,0,0,None
TXN-MFS-01008,U-0026,2478.27,send_money,17,Rangpur,DEV-U-0026-P1,0,U-0048,0,0,1,0,0,0,None
TXN-MFS-01009,U-0026,2301.53,send_money,9,Rangpur,DEV-U-0026-P1,0,U-0050,0,0,1,0,0,0,None
TXN-MFS-01010,U-0026,2785.66,send_money,13,Rangpur,DEV-U-0026-P1,0,U-0050,0,0,1,0,0,0,None
TXN-MFS-01011,U-0026,3477.26,send_money,10,Rangpur,DEV-U-0026-P1,0,U-0048,0,0,1,0,0,0,None
TXN-MFS-01012,U-0026,2710.28,cash_out,14,Rangpur,DEV-U-0026-P1,0,U-0058,0,0,1,0,0,0,None
TXN-MFS-01013,U-0026,2644.28,cash_out,19,Sylhet,DEV-U-0026-P1,0,U-0048,0,0,1,0,0,0,None
TXN-MFS-01014,U-0026,2040.16,cash_out,14,Rangpur,DEV-U-0026-P1,0,U-0048,0,0,1,0,0,0,None
TXN-MFS-01015,U-0026,2080.96,merchant_payment,11,Rangpur,DEV-U-0026-P1,0,U-0050,0,0,1,0,0,0,None
TXN-MFS-01016,U-0026,1737.51,send_money,10,Rangpur,DEV-U-0026-P1,0,U-0050,0,0,1,0,0,0,None
TXN-MFS-01017,U-0026,2050.31,send_money,14,Rangpur,DEV-U-0026-P1,0,U-0058,0,0,1,0,0,0,None
TXN-MFS-01018,U-0026,1519.27,merchant_payment,10,Rangpur,DEV-U-0026-P1,0,U-0048,0,0,1,0,0,0,None
TXN-MFS-01019,U-0026,1544.35,cash_out,12,Rangpur,DEV-U-0026-P1,0,U-0050,0,0,1,0,0,0,None
TXN-MFS-01020,U-0026,2519.61,send_money,16,Rangpur,DEV-U-0026-P1,0,U-0058,0,0,1,0,0,0,None
TXN-MFS-01021,U-0026,1346.9,cash_out,9,Rangpur,DEV-U-0026-P1,0,U-0058,0,0,1,0,0,0,None
TXN-MFS-01022,U-0026,1638.99,merchant_payment,13,Rangpur,DEV-U-0026-P1,0,U-0048,0,0,1,0,0,0,None
TXN-MFS-01023,U-0026,2392.69,merchant_payment,12,Rangpur,DEV-U-0026-P1,0,U-0058,0,0,1,0,0,0,None
TXN-MFS-01024,U-0026,529.33,cash_out,10,Rangpur,DEV-U-0026-P1,0,U-0050,0,0,1,0,0,0,None
TXN-MFS-01025,U-0026,2420.79,send_money,20,Rangpur,DEV-U-0026-P1,0,U-0048,0,0,1,0,0,0,None
TXN-MFS-01026,U-0026,2398.75,merchant_payment,17,Rangpur,DEV-U-0026-P1,0,U-0058,0,0,1,0,0,0,None
TXN-MFS-01027,U-0026,2721.83,send_money,20,Rangpur,DEV-U-0026-S2,1,U-0048,0,0,1,0,0,0,None
TXN-MFS-01028,U-0026,1827.08,merchant_payment,16,Rangpur,DEV-U-0026-P1,0,U-0050,0,0,1,0,0,0,None
TXN-MFS-01029,U-0026,1687.87,send_money,20,Rangpur,DEV-U-0026-P1,0,U-0050,0,0,1,0,0,0,None
TXN-MFS-01030,U-0026,2511.8,merchant_payment,20,Rangpur,DEV-U-0026-P1,0,U-0048,0,0,1,0,0,0,None
TXN-MFS-01031,U-0026,1054.67,merchant_payment,9,Rangpur,DEV-U-0026-P1,0,U-0048,0,0,1,0,0,0,None
TXN-MFS-01032,U-0026,2529.86,merchant_payment,11,Rangpur,DEV-U-0026-P1,0,U-0058,0,0,1,0,0,0,None
TXN-MFS-01033,U-0026,3375.87,merchant_payment,14,Rangpur,DEV-U-0026-P1,0,U-0058,0,0,1,0,0,0,None
TXN-MFS-01034,U-0026,2326.06,cash_out,11,Rangpur,DEV-U-0026-P1,0,U-0048,0,0,1,0,0,0,None
TXN-MFS-01035,U-0026,1744.12,send_money,12,Rangpur,DEV-U-0026-P1,0,U-0050,0,0,1,0,0,0,None
TXN-MFS-01036,U-0026,1141.72,merchant_payment,12,Rangpur,DEV-U-0026-P1,0,U-0050,0,0,1,0,0,0,None
TXN-MFS-01037,U-0026,3269.11,send_money,11,Rangpur,DEV-U-0026-P1,0,U-0050,0,0,1,0,0,0,None
TXN-MFS-01038,U-0026,2579.36,send_money,10,Rangpur,DEV-U-0026-P1,0,U-0048,0,0,1,0,0,0,None
TXN-MFS-01039,U-0026,25800.0,send_money,3,Cumilla,DEV-SIMSWAP-998,1,U-SWAP-63,1,2,3,1,1,1,SIM_SWAP_DRAIN
TXN-MFS-01040,U-0027,1313.06,send_money,12,Barishal,DEV-U-0027-P1,0,U-0014,0,0,1,0,0,0,None
TXN-MFS-01041,U-0027,1331.08,merchant_payment,13,Barishal,DEV-U-0027-P1,0,U-0068,0,0,1,0,0,0,None
TXN-MFS-01042,U-0027,1420.48,merchant_payment,20,Barishal,DEV-U-0027-P1,0,U-0014,0,0,1,0,0,0,None
TXN-MFS-01043,U-0027,1621.52,send_money,11,Barishal,DEV-U-0027-P1,0,U-0074,0,0,1,0,0,0,None
TXN-MFS-01044,U-0027,1314.9,merchant_payment,9,Barishal,DEV-U-0027-P1,0,U-0074,0,0,1,0,0,0,None
TXN-MFS-01045,U-0027,1341.42,send_money,19,Barishal,DEV-U-0027-P1,0,U-0068,0,0,1,0,0,0,None
TXN-MFS-01046,U-0027,1303.75,send_money,19,Barishal,DEV-U-0027-P1,0,U-0068,0,0,1,0,0,0,None
TXN-MFS-01047,U-0027,1978.56,send_money,12,Barishal,DEV-U-0027-P1,0,U-0014,0,0,1,0,0,0,None
TXN-MFS-01048,U-0027,1443.39,cash_out,19,Barishal,DEV-U-0027-P1,0,U-0068,0,0,1,0,0,0,None
TXN-MFS-01049,U-0027,2274.06,merchant_payment,10,Barishal,DEV-U-0027-P1,0,U-0068,0,0,1,0,0,0,None
TXN-MFS-01050,U-0027,1298.57,send_money,16,Barishal,DEV-U-0027-P1,0,U-0074,0,0,1,0,0,0,None
TXN-MFS-01051,U-0027,1905.98,send_money,18,Barishal,DEV-U-0027-P1,0,U-0014,0,0,1,0,0,0,None
TXN-MFS-01052,U-0027,1639.61,cash_out,17,Barishal,DEV-U-0027-P1,0,U-0074,0,0,1,0,0,0,None
TXN-MFS-01053,U-0027,1109.35,send_money,14,Barishal,DEV-U-0027-P1,0,U-0074,0,0,1,0,0,0,None
TXN-MFS-01054,U-0027,1848.85,cash_out,11,Barishal,DEV-U-0027-P1,0,U-0074,0,0,1,0,0,0,None
TXN-MFS-01055,U-0027,782.19,merchant_payment,16,Barishal,DEV-U-0027-P1,0,U-0068,0,0,1,0,0,0,None
TXN-MFS-01056,U-0027,1581.22,cash_out,20,Barishal,DEV-U-0027-P1,0,U-0014,0,0,1,0,0,0,None
TXN-MFS-01057,U-0027,1459.04,cash_out,13,Mymensingh,DEV-U-0027-P1,0,U-0074,0,0,1,0,0,0,None
TXN-MFS-01058,U-0027,1455.81,send_money,10,Barishal,DEV-U-0027-P1,0,U-0074,0,0,1,0,0,0,None
TXN-MFS-01059,U-0027,1444.37,merchant_payment,13,Barishal,DEV-U-0027-P1,0,U-0074,0,0,1,0,0,0,None
TXN-MFS-01060,U-0027,1200.97,merchant_payment,17,Barishal,DEV-U-0027-P1,0,U-0068,0,0,1,0,0,0,None
TXN-MFS-01061,U-0027,1876.39,merchant_payment,18,Barishal,DEV-U-0027-P1,0,U-0014,0,0,1,0,0,0,None
TXN-MFS-01062,U-0027,1624.52,cash_out,16,Barishal,DEV-U-0027-P1,0,U-0014,0,0,1,0,0,0,None
TXN-MFS-01063,U-0027,1969.51,cash_out,19,Barishal,DEV-U-0027-P1,0,U-0068,0,0,1,0,0,0,None
TXN-MFS-01064,U-0027,1525.39,send_money,13,Barishal,DEV-U-0027-P1,0,U-0068,0,0,1,0,0,0,None
TXN-MFS-01065,U-0027,1934.19,send_money,15,Barishal,DEV-U-0027-P1,0,U-0014,0,0,1,0,0,0,None
TXN-MFS-01066,U-0027,1420.01,cash_out,15,Barishal,DEV-U-0027-P1,0,U-0014,0,0,1,0,0,0,None
TXN-MFS-01067,U-0027,2155.39,merchant_payment,19,Barishal,DEV-U-0027-P1,0,U-0014,0,0,1,0,0,0,None
TXN-MFS-01068,U-0027,940.36,send_money,13,Barishal,DEV-U-0027-P1,0,U-0074,0,0,1,0,0,0,None
TXN-MFS-01069,U-0027,1852.77,merchant_payment,15,Barishal,DEV-U-0027-P1,0,U-0014,0,0,1,0,0,0,None
TXN-MFS-01070,U-0027,1323.05,merchant_payment,9,Barishal,DEV-U-0027-P1,0,U-0074,0,0,1,0,0,0,None
TXN-MFS-01071,U-0027,1707.99,send_money,11,Barishal,DEV-U-0027-P1,0,U-0068,0,0,1,0,0,0,None
TXN-MFS-01072,U-0027,1359.02,send_money,17,Barishal,DEV-U-0027-P1,0,U-0014,0,0,1,0,0,0,None
TXN-MFS-01073,U-0027,922.89,cash_out,13,Barishal,DEV-U-0027-P1,0,U-0074,0,0,1,0,0,0,None
TXN-MFS-01074,U-0027,1818.22,merchant_payment,10,Barishal,DEV-U-0027-P1,0,U-0014,0,0,1,0,0,0,None
TXN-MFS-01075,U-0027,925.31,send_money,15,Barishal,DEV-U-0027-P1,0,U-0068,0,0,1,0,0,0,None
TXN-MFS-01076,U-0027,760.83,send_money,14,Barishal,DEV-U-0027-P1,0,U-0068,0,0,1,0,0,0,None
TXN-MFS-01077,U-0027,1350.55,merchant_payment,19,Barishal,DEV-U-0027-P1,0,U-0014,0,0,1,0,0,0,None
TXN-MFS-01078,U-0027,2107.24,send_money,15,Barishal,DEV-U-0027-P1,0,U-0014,0,0,1,0,0,0,None
TXN-MFS-01079,U-0027,1799.65,merchant_payment,13,Barishal,DEV-U-0027-P1,0,U-0074,0,0,1,0,0,0,None
TXN-MFS-01080,U-0028,1139.84,merchant_payment,16,Barishal,DEV-U-0028-P1,0,U-0068,0,0,1,0,0,0,None
TXN-MFS-01081,U-0028,1485.58,merchant_payment,13,Barishal,DEV-U-0028-P1,0,U-0007,0,0,1,0,0,0,None
TXN-MFS-01082,U-0028,1766.12,merchant_payment,16,Barishal,DEV-U-0028-P1,0,U-0033,0,0,1,0,0,0,None
TXN-MFS-01083,U-0028,1234.06,send_money,9,Barishal,DEV-U-0028-P1,0,U-0033,0,0,1,0,0,0,None
TXN-MFS-01084,U-0028,1829.23,cash_out,11,Barishal,DEV-U-0028-P1,0,U-0033,0,0,1,0,0,0,None
TXN-MFS-01085,U-0028,1909.12,cash_out,13,Barishal,DEV-U-0028-P1,0,U-0007,0,0,1,0,0,0,None
TXN-MFS-01086,U-0028,1373.35,send_money,13,Barishal,DEV-U-0028-P1,0,U-0007,0,0,1,0,0,0,None
TXN-MFS-01087,U-0028,1982.59,merchant_payment,10,Barishal,DEV-U-0028-P1,0,U-0007,0,0,1,0,0,0,None
TXN-MFS-01088,U-0028,1911.7,merchant_payment,15,Barishal,DEV-U-0028-P1,0,U-0007,0,0,1,0,0,0,None
TXN-MFS-01089,U-0028,2383.62,merchant_payment,14,Barishal,DEV-U-0028-P1,0,U-0033,0,0,1,0,0,0,None
TXN-MFS-01090,U-0028,1676.86,send_money,19,Barishal,DEV-U-0028-P1,0,U-0007,0,0,1,0,0,0,None
TXN-MFS-01091,U-0028,1513.24,send_money,15,Barishal,DEV-U-0028-P1,0,U-0068,0,0,1,0,0,0,None
TXN-MFS-01092,U-0028,1624.3,merchant_payment,16,Barishal,DEV-U-0028-P1,0,U-0033,0,0,1,0,0,0,None
TXN-MFS-01093,U-0028,1691.81,merchant_payment,16,Barishal,DEV-U-0028-P1,0,U-0033,0,0,1,0,0,0,None
TXN-MFS-01094,U-0028,1158.99,merchant_payment,15,Barishal,DEV-U-0028-P1,0,U-0068,0,0,1,0,0,0,None
TXN-MFS-01095,U-0028,1517.97,merchant_payment,9,Jessore,DEV-U-0028-P1,0,U-0033,0,0,1,0,0,0,None
TXN-MFS-01096,U-0028,1181.63,merchant_payment,19,Barishal,DEV-U-0028-P1,0,U-0007,0,0,1,0,0,0,None
TXN-MFS-01097,U-0028,2312.43,send_money,20,Barishal,DEV-U-0028-P1,0,U-0033,0,0,1,0,0,0,None
TXN-MFS-01098,U-0028,1507.05,send_money,10,Barishal,DEV-U-0028-P1,0,U-0007,0,0,1,0,0,0,None
TXN-MFS-01099,U-0028,1643.09,send_money,12,Barishal,DEV-U-0028-P1,0,U-0033,0,0,1,0,0,0,None
TXN-MFS-01100,U-0028,1676.77,send_money,18,Barishal,DEV-U-0028-P1,0,U-0068,0,0,1,0,0,0,None
TXN-MFS-01101,U-0028,1419.56,send_money,17,Barishal,DEV-U-0028-P1,0,U-0068,0,0,1,0,0,0,None
TXN-MFS-01102,U-0028,1705.86,send_money,10,Barishal,DEV-U-0028-P1,0,U-0007,0,0,1,0,0,0,None
TXN-MFS-01103,U-0028,1508.59,cash_out,13,Barishal,DEV-U-0028-P1,0,U-0033,0,0,1,0,0,0,None
TXN-MFS-01104,U-0028,1769.08,send_money,10,Barishal,DEV-U-0028-P1,0,U-0007,0,0,1,0,0,0,None
TXN-MFS-01105,U-0028,1365.33,send_money,14,Barishal,DEV-U-0028-P1,0,U-0007,0,0,1,0,0,0,None
TXN-MFS-01106,U-0028,1379.12,send_money,17,Barishal,DEV-U-0028-P1,0,U-0007,0,0,1,0,0,0,None
TXN-MFS-01107,U-0028,1406.7,send_money,14,Barishal,DEV-U-0028-P1,0,U-0007,0,0,1,0,0,0,None
TXN-MFS-01108,U-0028,1025.72,merchant_payment,20,Barishal,DEV-U-0028-S2,1,U-0068,0,0,1,0,0,0,None
TXN-MFS-01109,U-0028,1201.93,cash_out,15,Barishal,DEV-U-0028-P1,0,U-0068,0,0,1,0,0,0,None
TXN-MFS-01110,U-0028,1723.59,cash_out,16,Barishal,DEV-U-0028-P1,0,U-0007,0,0,1,0,0,0,None
TXN-MFS-01111,U-0028,1371.79,cash_out,12,Barishal,DEV-U-0028-P1,0,U-0033,0,0,1,0,0,0,None
TXN-MFS-01112,U-0028,1132.64,cash_out,12,Barishal,DEV-U-0028-P1,0,U-0068,0,0,1,0,0,0,None
TXN-MFS-01113,U-0028,1035.94,cash_out,20,Barishal,DEV-U-0028-P1,0,U-0068,0,0,1,0,0,0,None
TXN-MFS-01114,U-0028,1565.8,send_money,12,Barishal,DEV-U-0028-P1,0,U-0033,0,0,1,0,0,0,None
TXN-MFS-01115,U-0028,1705.85,send_money,19,Barishal,DEV-U-0028-P1,0,U-0068,0,0,1,0,0,0,None
TXN-MFS-01116,U-0028,711.53,merchant_payment,19,Barishal,DEV-U-0028-P1,0,U-0033,0,0,1,0,0,0,None
TXN-MFS-01117,U-0028,961.21,merchant_payment,19,Barishal,DEV-U-0028-P1,0,U-0068,0,0,1,0,0,0,None
TXN-MFS-01118,U-0028,1693.57,cash_out,17,Khulna,DEV-U-0028-P1,0,U-0033,0,0,1,0,0,0,None
TXN-MFS-01119,U-0028,2038.88,send_money,11,Barishal,DEV-U-0028-P1,0,U-0068,0,0,1,0,0,0,None
TXN-MFS-01120,U-0029,4437.2,send_money,14,Dhaka,DEV-U-0029-P1,0,U-0070,0,0,1,0,0,0,None
TXN-MFS-01121,U-0029,4533.53,merchant_payment,12,Dhaka,DEV-U-0029-P1,0,U-0076,0,0,1,0,0,0,None
TXN-MFS-01122,U-0029,2995.84,merchant_payment,10,Dhaka,DEV-U-0029-P1,0,U-0076,0,0,1,0,0,0,None
TXN-MFS-01123,U-0029,3164.16,send_money,12,Dhaka,DEV-U-0029-P1,0,U-0033,0,0,1,0,0,0,None
TXN-MFS-01124,U-0029,3972.28,merchant_payment,12,Dhaka,DEV-U-0029-P1,0,U-0070,0,0,1,0,0,0,None
TXN-MFS-01125,U-0029,3348.06,merchant_payment,11,Dhaka,DEV-U-0029-P1,0,U-0033,0,0,1,0,0,0,None
TXN-MFS-01126,U-0029,3138.98,merchant_payment,15,Dhaka,DEV-U-0029-P1,0,U-0070,0,0,1,0,0,0,None
TXN-MFS-01127,U-0029,4472.82,send_money,9,Dhaka,DEV-U-0029-P1,0,U-0076,0,0,1,0,0,0,None
TXN-MFS-01128,U-0029,2983.05,cash_out,17,Dhaka,DEV-U-0029-P1,0,U-0076,0,0,1,0,0,0,None
TXN-MFS-01129,U-0029,4308.63,merchant_payment,15,Dhaka,DEV-U-0029-P1,0,U-0033,0,0,1,0,0,0,None
TXN-MFS-01130,U-0029,3914.82,send_money,17,Dhaka,DEV-U-0029-P1,0,U-0070,0,0,1,0,0,0,None
TXN-MFS-01131,U-0029,3291.08,cash_out,17,Dhaka,DEV-U-0029-P1,0,U-0033,0,0,1,0,0,0,None
TXN-MFS-01132,U-0029,3274.77,send_money,16,Dhaka,DEV-U-0029-P1,0,U-0070,0,0,1,0,0,0,None
TXN-MFS-01133,U-0029,4792.44,merchant_payment,15,Dhaka,DEV-U-0029-P1,0,U-0076,0,0,1,0,0,0,None
TXN-MFS-01134,U-0029,2899.12,merchant_payment,14,Dhaka,DEV-U-0029-P1,0,U-0076,0,0,1,0,0,0,None
TXN-MFS-01135,U-0029,3345.5,send_money,12,Chattogram,DEV-U-0029-P1,0,U-0033,0,0,1,0,0,0,None
TXN-MFS-01136,U-0029,2896.08,merchant_payment,9,Dhaka,DEV-U-0029-P1,0,U-0033,0,0,1,0,0,0,None
TXN-MFS-01137,U-0029,3337.98,send_money,12,Dhaka,DEV-U-0029-P1,0,U-0033,0,0,1,0,0,0,None
TXN-MFS-01138,U-0029,3126.91,send_money,19,Dhaka,DEV-U-0029-P1,0,U-0076,0,0,1,0,0,0,None
TXN-MFS-01139,U-0029,3041.67,cash_out,13,Dhaka,DEV-U-0029-P1,0,U-0033,0,0,1,0,0,0,None
TXN-MFS-01140,U-0029,4128.2,send_money,20,Kushtia,DEV-U-0029-P1,0,U-0076,0,0,1,0,0,0,None
TXN-MFS-01141,U-0029,4739.05,cash_out,19,Dhaka,DEV-U-0029-P1,0,U-0033,0,0,1,0,0,0,None
TXN-MFS-01142,U-0029,3616.64,send_money,16,Dhaka,DEV-U-0029-S2,1,U-0033,0,0,1,0,0,0,None
TXN-MFS-01143,U-0029,3332.21,merchant_payment,14,Dhaka,DEV-U-0029-P1,0,U-0070,0,0,1,0,0,0,None
TXN-MFS-01144,U-0029,3039.25,merchant_payment,10,Dhaka,DEV-U-0029-P1,0,U-0033,0,0,1,0,0,0,None
TXN-MFS-01145,U-0029,3897.92,send_money,12,Dhaka,DEV-U-0029-P1,0,U-0070,0,0,1,0,0,0,None
TXN-MFS-01146,U-0029,3204.69,send_money,15,Dhaka,DEV-U-0029-P1,0,U-0076,0,0,1,0,0,0,None
TXN-MFS-01147,U-0029,3221.11,cash_out,17,Dhaka,DEV-U-0029-P1,0,U-0070,0,0,1,0,0,0,None
TXN-MFS-01148,U-0029,3490.33,cash_out,17,Dhaka,DEV-U-0029-P1,0,U-0076,0,0,1,0,0,0,None
TXN-MFS-01149,U-0029,1802.43,cash_out,19,Dhaka,DEV-U-0029-P1,0,U-0076,0,0,1,0,0,0,None
TXN-MFS-01150,U-0029,3336.17,send_money,14,Dhaka,DEV-U-0029-P1,0,U-0033,0,0,1,0,0,0,None
TXN-MFS-01151,U-0029,2962.74,merchant_payment,16,Dhaka,DEV-U-0029-P1,0,U-0033,0,0,1,0,0,0,None
TXN-MFS-01152,U-0029,2843.05,send_money,9,Dhaka,DEV-U-0029-P1,0,U-0076,0,0,1,0,0,0,None
TXN-MFS-01153,U-0029,3211.95,cash_out,9,Dhaka,DEV-U-0029-P1,0,U-0076,0,0,1,0,0,0,None
TXN-MFS-01154,U-0029,3480.02,merchant_payment,16,Dhaka,DEV-U-0029-P1,0,U-0070,0,0,1,0,0,0,None
TXN-MFS-01155,U-0029,3578.98,send_money,9,Dhaka,DEV-U-0029-P1,0,U-0033,0,0,1,0,0,0,None
TXN-MFS-01156,U-0029,3402.05,send_money,17,Dhaka,DEV-U-0029-P1,0,U-0033,0,0,1,0,0,0,None
TXN-MFS-01157,U-0029,4229.6,send_money,17,Dhaka,DEV-U-0029-P1,0,U-0076,0,0,1,0,0,0,None
TXN-MFS-01158,U-0029,2976.54,send_money,18,Dhaka,DEV-U-0029-P1,0,U-0033,0,0,1,0,0,0,None
TXN-MFS-01159,U-0029,5111.39,send_money,14,Dhaka,DEV-U-0029-P1,0,U-0076,0,0,1,0,0,0,None
TXN-MFS-01160,U-0030,2445.09,send_money,10,Chattogram,DEV-U-0030-P1,0,U-0076,0,0,1,0,0,0,None
TXN-MFS-01161,U-0030,1891.33,send_money,18,Chattogram,DEV-U-0030-P1,0,U-0072,0,0,1,0,0,0,None
TXN-MFS-01162,U-0030,2454.74,merchant_payment,14,Chattogram,DEV-U-0030-P1,0,U-0072,0,0,1,0,0,0,None
TXN-MFS-01163,U-0030,2493.29,merchant_payment,15,Chattogram,DEV-U-0030-P1,0,U-0001,0,0,1,0,0,0,None
TXN-MFS-01164,U-0030,653.18,send_money,20,Chattogram,DEV-U-0030-P1,0,U-0072,0,0,1,0,0,0,None
TXN-MFS-01165,U-0030,3600.04,send_money,13,Chattogram,DEV-U-0030-P1,0,U-0072,0,0,1,0,0,0,None
TXN-MFS-01166,U-0030,2903.69,send_money,13,Chattogram,DEV-U-0030-P1,0,U-0076,0,0,1,0,0,0,None
TXN-MFS-01167,U-0030,2794.15,send_money,13,Chattogram,DEV-U-0030-P1,0,U-0076,0,0,1,0,0,0,None
TXN-MFS-01168,U-0030,2642.69,merchant_payment,13,Chattogram,DEV-U-0030-P1,0,U-0076,0,0,1,0,0,0,None
TXN-MFS-01169,U-0030,3405.87,cash_out,17,Chattogram,DEV-U-0030-P1,0,U-0076,0,0,1,0,0,0,None
TXN-MFS-01170,U-0030,2898.02,cash_out,19,Chattogram,DEV-U-0030-P1,0,U-0072,0,0,1,0,0,0,None
TXN-MFS-01171,U-0030,1717.85,merchant_payment,12,Chattogram,DEV-U-0030-P1,0,U-0001,0,0,1,0,0,0,None
TXN-MFS-01172,U-0030,3565.06,cash_out,15,Chattogram,DEV-U-0030-P1,0,U-0076,0,0,1,0,0,0,None
TXN-MFS-01173,U-0030,2946.2,send_money,19,Chattogram,DEV-U-0030-P1,0,U-0076,0,0,1,0,0,0,None
TXN-MFS-01174,U-0030,1906.18,merchant_payment,16,Chattogram,DEV-U-0030-P1,0,U-0001,0,0,1,0,0,0,None
TXN-MFS-01175,U-0030,3294.69,send_money,19,Chattogram,DEV-U-0030-P1,0,U-0072,0,0,1,0,0,0,None
TXN-MFS-01176,U-0030,2683.97,merchant_payment,15,Chattogram,DEV-U-0030-P1,0,U-0072,0,0,1,0,0,0,None
TXN-MFS-01177,U-0030,1728.24,send_money,15,Chattogram,DEV-U-0030-P1,0,U-0076,0,0,1,0,0,0,None
TXN-MFS-01178,U-0030,4478.04,send_money,16,Chattogram,DEV-U-0030-P1,0,U-0076,0,0,1,0,0,0,None
TXN-MFS-01179,U-0030,2397.27,send_money,12,Kushtia,DEV-U-0030-P1,0,U-0076,0,0,1,0,0,0,None
TXN-MFS-01180,U-0030,3347.41,cash_out,10,Chattogram,DEV-U-0030-P1,0,U-0072,0,0,1,0,0,0,None
TXN-MFS-01181,U-0030,1635.61,send_money,14,Chattogram,DEV-U-0030-P1,0,U-0076,0,0,1,0,0,0,None
TXN-MFS-01182,U-0030,2966.2,send_money,9,Chattogram,DEV-U-0030-P1,0,U-0001,0,0,1,0,0,0,None
TXN-MFS-01183,U-0030,3360.74,send_money,19,Chattogram,DEV-U-0030-P1,0,U-0001,0,0,1,0,0,0,None
TXN-MFS-01184,U-0030,2380.82,send_money,15,Chattogram,DEV-U-0030-P1,0,U-0076,0,0,1,0,0,0,None
TXN-MFS-01185,U-0030,2726.69,send_money,19,Chattogram,DEV-U-0030-P1,0,U-0072,0,0,1,0,0,0,None
TXN-MFS-01186,U-0030,2740.51,send_money,17,Chattogram,DEV-U-0030-P1,0,U-0072,0,0,1,0,0,0,None
TXN-MFS-01187,U-0030,3014.45,cash_out,12,Chattogram,DEV-U-0030-P1,0,U-0076,0,0,1,0,0,0,None
TXN-MFS-01188,U-0030,2529.53,send_money,11,Mymensingh,DEV-U-0030-P1,0,U-0001,0,0,1,0,0,0,None
TXN-MFS-01189,U-0030,2740.62,send_money,19,Chattogram,DEV-U-0030-P1,0,U-0072,0,0,1,0,0,0,None
TXN-MFS-01190,U-0030,2713.46,merchant_payment,16,Chattogram,DEV-U-0030-P1,0,U-0076,0,0,1,0,0,0,None
TXN-MFS-01191,U-0030,2160.59,cash_out,11,Rajshahi,DEV-U-0030-P1,0,U-0072,0,0,1,0,0,0,None
TXN-MFS-01192,U-0030,1970.14,merchant_payment,10,Chattogram,DEV-U-0030-P1,0,U-0076,0,0,1,0,0,0,None
TXN-MFS-01193,U-0030,3384.34,merchant_payment,10,Chattogram,DEV-U-0030-P1,0,U-0076,0,0,1,0,0,0,None
TXN-MFS-01194,U-0030,2712.38,merchant_payment,9,Chattogram,DEV-U-0030-P1,0,U-0076,0,0,1,0,0,0,None
TXN-MFS-01195,U-0030,3582.62,merchant_payment,16,Chattogram,DEV-U-0030-P1,0,U-0076,0,0,1,0,0,0,None
TXN-MFS-01196,U-0030,2300.56,merchant_payment,13,Chattogram,DEV-U-0030-P1,0,U-0072,0,0,1,0,0,0,None
TXN-MFS-01197,U-0030,4446.98,send_money,11,Chattogram,DEV-U-0030-P1,0,U-0001,0,0,1,0,0,0,None
TXN-MFS-01198,U-0030,3611.32,cash_out,16,Chattogram,DEV-U-0030-P1,0,U-0001,0,0,1,0,0,0,None
TXN-MFS-01199,U-0030,24731.94,cash_out,17,Chattogram,DEV-U-0030-P1,0,U-STRUCT-20,1,6,10,0,0,1,VELOCITY_BURST
TXN-MFS-01200,U-0031,4076.6,send_money,9,Rangpur,DEV-U-0031-P1,0,U-0039,0,0,1,0,0,0,None
TXN-MFS-01201,U-0031,3478.64,merchant_payment,15,Rangpur,DEV-U-0031-P1,0,U-0047,0,0,1,0,0,0,None
TXN-MFS-01202,U-0031,5754.64,cash_out,17,Rangpur,DEV-U-0031-S2,1,U-0047,0,0,1,0,0,0,None
TXN-MFS-01203,U-0031,2162.94,cash_out,13,Rangpur,DEV-U-0031-P1,0,U-0016,0,0,1,0,0,0,None
TXN-MFS-01204,U-0031,3489.61,merchant_payment,9,Rangpur,DEV-U-0031-P1,0,U-0016,0,0,1,0,0,0,None
TXN-MFS-01205,U-0031,3764.68,cash_out,19,Rangpur,DEV-U-0031-P1,0,U-0016,0,0,1,0,0,0,None
TXN-MFS-01206,U-0031,3079.43,send_money,19,Rangpur,DEV-U-0031-P1,0,U-0016,0,0,1,0,0,0,None
TXN-MFS-01207,U-0031,4339.32,merchant_payment,9,Rangpur,DEV-U-0031-P1,0,U-0047,0,0,1,0,0,0,None
TXN-MFS-01208,U-0031,2716.68,send_money,12,Rangpur,DEV-U-0031-P1,0,U-0039,0,0,1,0,0,0,None
TXN-MFS-01209,U-0031,6067.99,merchant_payment,15,Rangpur,DEV-U-0031-P1,0,U-0047,0,0,1,0,0,0,None
TXN-MFS-01210,U-0031,3277.04,merchant_payment,10,Rangpur,DEV-U-0031-P1,0,U-0039,0,0,1,0,0,0,None
TXN-MFS-01211,U-0031,5362.74,send_money,13,Rangpur,DEV-U-0031-P1,0,U-0016,0,0,1,0,0,0,None
TXN-MFS-01212,U-0031,4691.28,merchant_payment,13,Rangpur,DEV-U-0031-P1,0,U-0047,0,0,1,0,0,0,None
TXN-MFS-01213,U-0031,2532.56,send_money,19,Rangpur,DEV-U-0031-P1,0,U-0039,0,0,1,0,0,0,None
TXN-MFS-01214,U-0031,3659.09,send_money,12,Rangpur,DEV-U-0031-P1,0,U-0016,0,0,1,0,0,0,None
TXN-MFS-01215,U-0031,5583.22,merchant_payment,11,Rangpur,DEV-U-0031-P1,0,U-0039,0,0,1,0,0,0,None
TXN-MFS-01216,U-0031,4993.1,merchant_payment,10,Rangpur,DEV-U-0031-P1,0,U-0039,0,0,1,0,0,0,None
TXN-MFS-01217,U-0031,2609.38,merchant_payment,20,Rangpur,DEV-U-0031-P1,0,U-0016,0,0,1,0,0,0,None
TXN-MFS-01218,U-0031,4381.91,merchant_payment,9,Rangpur,DEV-U-0031-P1,0,U-0016,0,0,1,0,0,0,None
TXN-MFS-01219,U-0031,3837.86,merchant_payment,11,Rangpur,DEV-U-0031-P1,0,U-0047,0,0,1,0,0,0,None
TXN-MFS-01220,U-0031,2418.68,merchant_payment,10,Rangpur,DEV-U-0031-P1,0,U-0039,0,0,1,0,0,0,None
TXN-MFS-01221,U-0031,3527.95,send_money,18,Rangpur,DEV-U-0031-P1,0,U-0039,0,0,1,0,0,0,None
TXN-MFS-01222,U-0031,3808.44,send_money,20,Rangpur,DEV-U-0031-P1,0,U-0047,0,0,1,0,0,0,None
TXN-MFS-01223,U-0031,3369.56,merchant_payment,12,Rangpur,DEV-U-0031-P1,0,U-0016,0,0,1,0,0,0,None
TXN-MFS-01224,U-0031,3711.02,send_money,11,Rangpur,DEV-U-0031-P1,0,U-0039,0,0,1,0,0,0,None
TXN-MFS-01225,U-0031,4257.72,cash_out,13,Rangpur,DEV-U-0031-P1,0,U-0016,0,0,1,0,0,0,None
TXN-MFS-01226,U-0031,5461.91,send_money,11,Rangpur,DEV-U-0031-P1,0,U-0039,0,0,1,0,0,0,None
TXN-MFS-01227,U-0031,3273.43,send_money,16,Rangpur,DEV-U-0031-P1,0,U-0047,0,0,1,0,0,0,None
TXN-MFS-01228,U-0031,3537.75,send_money,11,Rangpur,DEV-U-0031-P1,0,U-0047,0,0,1,0,0,0,None
TXN-MFS-01229,U-0031,3577.47,send_money,19,Rangpur,DEV-U-0031-P1,0,U-0016,0,0,1,0,0,0,None
TXN-MFS-01230,U-0031,4962.53,send_money,19,Rangpur,DEV-U-0031-P1,0,U-0047,0,0,1,0,0,0,None
TXN-MFS-01231,U-0031,3352.46,merchant_payment,14,Khulna,DEV-U-0031-P1,0,U-0039,0,0,1,0,0,0,None
TXN-MFS-01232,U-0031,6838.36,cash_out,13,Rangpur,DEV-U-0031-P1,0,U-0016,0,0,1,0,0,0,None
TXN-MFS-01233,U-0031,3702.89,merchant_payment,15,Rangpur,DEV-U-0031-P1,0,U-0047,0,0,1,0,0,0,None
TXN-MFS-01234,U-0031,4265.4,send_money,13,Rangpur,DEV-U-0031-P1,0,U-0016,0,0,1,0,0,0,None
TXN-MFS-01235,U-0031,2968.18,send_money,18,Rangpur,DEV-U-0031-P1,0,U-0047,0,0,1,0,0,0,None
TXN-MFS-01236,U-0031,2847.18,cash_out,14,Rangpur,DEV-U-0031-P1,0,U-0047,0,0,1,0,0,0,None
TXN-MFS-01237,U-0031,3911.6,merchant_payment,14,Rangpur,DEV-U-0031-P1,0,U-0016,0,0,1,0,0,0,None
TXN-MFS-01238,U-0031,4453.91,merchant_payment,17,Rangpur,DEV-U-0031-P1,0,U-0016,0,0,1,0,0,0,None
TXN-MFS-01239,U-0031,4461.5,cash_out,10,Rangpur,DEV-U-0031-P1,0,U-0016,0,0,1,0,0,0,None
TXN-MFS-01240,U-0032,3596.63,cash_out,10,Cumilla,DEV-U-0032-P1,0,U-0048,0,0,1,0,0,0,None
TXN-MFS-01241,U-0032,1347.62,send_money,10,Cumilla,DEV-U-0032-P1,0,U-0078,0,0,1,0,0,0,None
TXN-MFS-01242,U-0032,2606.45,cash_out,16,Cumilla,DEV-U-0032-P1,0,U-0048,0,0,1,0,0,0,None
TXN-MFS-01243,U-0032,2579.97,cash_out,15,Cumilla,DEV-U-0032-S2,1,U-0048,0,0,1,0,0,0,None
TXN-MFS-01244,U-0032,2929.82,cash_out,17,Cumilla,DEV-U-0032-P1,0,U-0048,0,0,1,0,0,0,None
TXN-MFS-01245,U-0032,3136.21,send_money,10,Cumilla,DEV-U-0032-P1,0,U-0091,0,0,1,0,0,0,None
TXN-MFS-01246,U-0032,2543.28,merchant_payment,15,Rangpur,DEV-U-0032-P1,0,U-0078,0,0,1,0,0,0,None
TXN-MFS-01247,U-0032,2925.41,send_money,16,Cumilla,DEV-U-0032-P1,0,U-0091,0,0,1,0,0,0,None
TXN-MFS-01248,U-0032,3633.5,send_money,14,Cumilla,DEV-U-0032-P1,0,U-0048,0,0,1,0,0,0,None
TXN-MFS-01249,U-0032,3167.83,cash_out,20,Cumilla,DEV-U-0032-P1,0,U-0048,0,0,1,0,0,0,None
TXN-MFS-01250,U-0032,2823.03,send_money,15,Cumilla,DEV-U-0032-S2,1,U-0048,0,0,1,0,0,0,None
TXN-MFS-01251,U-0032,3305.58,cash_out,16,Cumilla,DEV-U-0032-P1,0,U-0078,0,0,1,0,0,0,None
TXN-MFS-01252,U-0032,2909.4,send_money,19,Cumilla,DEV-U-0032-P1,0,U-0048,0,0,1,0,0,0,None
TXN-MFS-01253,U-0032,3455.71,merchant_payment,17,Cumilla,DEV-U-0032-P1,0,U-0048,0,0,1,0,0,0,None
TXN-MFS-01254,U-0032,3722.36,merchant_payment,17,Cumilla,DEV-U-0032-P1,0,U-0078,0,0,1,0,0,0,None
TXN-MFS-01255,U-0032,1388.33,merchant_payment,11,Cumilla,DEV-U-0032-P1,0,U-0078,0,0,1,0,0,0,None
TXN-MFS-01256,U-0032,2455.46,send_money,10,Cumilla,DEV-U-0032-P1,0,U-0078,0,0,1,0,0,0,None
TXN-MFS-01257,U-0032,3170.66,send_money,9,Cumilla,DEV-U-0032-P1,0,U-0048,0,0,1,0,0,0,None
TXN-MFS-01258,U-0032,2236.14,send_money,14,Cumilla,DEV-U-0032-P1,0,U-0091,0,0,1,0,0,0,None
TXN-MFS-01259,U-0032,2723.89,send_money,12,Cumilla,DEV-U-0032-S2,1,U-0091,0,0,1,0,0,0,None
TXN-MFS-01260,U-0032,2218.18,send_money,20,Cumilla,DEV-U-0032-P1,0,U-0078,0,0,1,0,0,0,None
TXN-MFS-01261,U-0032,1467.76,send_money,13,Cumilla,DEV-U-0032-P1,0,U-0091,0,0,1,0,0,0,None
TXN-MFS-01262,U-0032,2770.13,merchant_payment,9,Cumilla,DEV-U-0032-P1,0,U-0048,0,0,1,0,0,0,None
TXN-MFS-01263,U-0032,3417.83,merchant_payment,14,Cumilla,DEV-U-0032-P1,0,U-0091,0,0,1,0,0,0,None
TXN-MFS-01264,U-0032,3424.35,cash_out,14,Cumilla,DEV-U-0032-P1,0,U-0091,0,0,1,0,0,0,None
TXN-MFS-01265,U-0032,3799.14,merchant_payment,12,Cumilla,DEV-U-0032-P1,0,U-0091,0,0,1,0,0,0,None
TXN-MFS-01266,U-0032,3704.69,merchant_payment,16,Cumilla,DEV-U-0032-P1,0,U-0078,0,0,1,0,0,0,None
TXN-MFS-01267,U-0032,2563.33,merchant_payment,19,Cumilla,DEV-U-0032-P1,0,U-0048,0,0,1,0,0,0,None
TXN-MFS-01268,U-0032,1968.87,send_money,17,Cumilla,DEV-U-0032-P1,0,U-0048,0,0,1,0,0,0,None
TXN-MFS-01269,U-0032,3750.15,merchant_payment,13,Cumilla,DEV-U-0032-P1,0,U-0091,0,0,1,0,0,0,None
TXN-MFS-01270,U-0032,2561.93,merchant_payment,13,Cumilla,DEV-U-0032-P1,0,U-0048,0,0,1,0,0,0,None
TXN-MFS-01271,U-0032,2499.44,send_money,10,Cumilla,DEV-U-0032-P1,0,U-0048,0,0,1,0,0,0,None
TXN-MFS-01272,U-0032,3508.96,merchant_payment,18,Cumilla,DEV-U-0032-P1,0,U-0091,0,0,1,0,0,0,None
TXN-MFS-01273,U-0032,2967.57,send_money,17,Cumilla,DEV-U-0032-P1,0,U-0078,0,0,1,0,0,0,None
TXN-MFS-01274,U-0032,2549.49,send_money,10,Cumilla,DEV-U-0032-P1,0,U-0091,0,0,1,0,0,0,None
TXN-MFS-01275,U-0032,1866.67,send_money,20,Cumilla,DEV-U-0032-P1,0,U-0078,0,0,1,0,0,0,None
TXN-MFS-01276,U-0032,3838.43,send_money,18,Cumilla,DEV-U-0032-P1,0,U-0048,0,0,1,0,0,0,None
TXN-MFS-01277,U-0032,3683.91,send_money,14,Cumilla,DEV-U-0032-P1,0,U-0091,0,0,1,0,0,0,None
TXN-MFS-01278,U-0032,3237.14,send_money,10,Cumilla,DEV-U-0032-P1,0,U-0078,0,0,1,0,0,0,None
TXN-MFS-01279,U-0032,2433.06,merchant_payment,16,Cumilla,DEV-U-0032-P1,0,U-0091,0,0,1,0,0,0,None
TXN-MFS-01280,U-0033,3286.71,send_money,9,Mymensingh,DEV-U-0033-P1,0,U-0050,0,0,1,0,0,0,None
TXN-MFS-01281,U-0033,1324.47,send_money,14,Mymensingh,DEV-U-0033-P1,0,U-0080,0,0,1,0,0,0,None
TXN-MFS-01282,U-0033,2967.28,send_money,19,Mymensingh,DEV-U-0033-P1,0,U-0050,0,0,1,0,0,0,None
TXN-MFS-01283,U-0033,1880.63,merchant_payment,10,Mymensingh,DEV-U-0033-P1,0,U-0090,0,0,1,0,0,0,None
TXN-MFS-01284,U-0033,3234.85,send_money,18,Mymensingh,DEV-U-0033-P1,0,U-0050,0,0,1,0,0,0,None
TXN-MFS-01285,U-0033,2378.54,merchant_payment,17,Dhaka,DEV-U-0033-P1,0,U-0090,0,0,1,0,0,0,None
TXN-MFS-01286,U-0033,2008.18,cash_out,13,Mymensingh,DEV-U-0033-P1,0,U-0080,0,0,1,0,0,0,None
TXN-MFS-01287,U-0033,2806.42,merchant_payment,10,Mymensingh,DEV-U-0033-P1,0,U-0090,0,0,1,0,0,0,None
TXN-MFS-01288,U-0033,2077.33,merchant_payment,9,Mymensingh,DEV-U-0033-P1,0,U-0050,0,0,1,0,0,0,None
TXN-MFS-01289,U-0033,2664.76,send_money,10,Mymensingh,DEV-U-0033-P1,0,U-0080,0,0,1,0,0,0,None
TXN-MFS-01290,U-0033,3516.03,send_money,12,Mymensingh,DEV-U-0033-P1,0,U-0090,0,0,1,0,0,0,None
TXN-MFS-01291,U-0033,2441.53,cash_out,12,Mymensingh,DEV-U-0033-P1,0,U-0050,0,0,1,0,0,0,None
TXN-MFS-01292,U-0033,2827.72,send_money,10,Mymensingh,DEV-U-0033-P1,0,U-0050,0,0,1,0,0,0,None
TXN-MFS-01293,U-0033,2225.06,cash_out,20,Mymensingh,DEV-U-0033-P1,0,U-0090,0,0,1,0,0,0,None
TXN-MFS-01294,U-0033,2351.21,merchant_payment,17,Mymensingh,DEV-U-0033-P1,0,U-0090,0,0,1,0,0,0,None
TXN-MFS-01295,U-0033,1909.31,send_money,11,Mymensingh,DEV-U-0033-P1,0,U-0080,0,0,1,0,0,0,None
TXN-MFS-01296,U-0033,2399.39,cash_out,12,Mymensingh,DEV-U-0033-P1,0,U-0080,0,0,1,0,0,0,None
TXN-MFS-01297,U-0033,2723.14,cash_out,12,Mymensingh,DEV-U-0033-P1,0,U-0050,0,0,1,0,0,0,None
TXN-MFS-01298,U-0033,3612.07,merchant_payment,14,Mymensingh,DEV-U-0033-P1,0,U-0080,0,0,1,0,0,0,None
TXN-MFS-01299,U-0033,3788.0,send_money,13,Mymensingh,DEV-U-0033-P1,0,U-0050,0,0,1,0,0,0,None
TXN-MFS-01300,U-0033,3379.62,send_money,14,Mymensingh,DEV-U-0033-P1,0,U-0090,0,0,1,0,0,0,None
TXN-MFS-01301,U-0033,3409.94,cash_out,11,Mymensingh,DEV-U-0033-P1,0,U-0090,0,0,1,0,0,0,None
TXN-MFS-01302,U-0033,2140.55,send_money,18,Mymensingh,DEV-U-0033-S2,1,U-0050,0,0,1,0,0,0,None
TXN-MFS-01303,U-0033,3172.86,send_money,13,Mymensingh,DEV-U-0033-P1,0,U-0050,0,0,1,0,0,0,None
TXN-MFS-01304,U-0033,2583.3,merchant_payment,9,Kushtia,DEV-U-0033-P1,0,U-0050,0,0,1,0,0,0,None
TXN-MFS-01305,U-0033,1459.9,cash_out,12,Mymensingh,DEV-U-0033-P1,0,U-0080,0,0,1,0,0,0,None
TXN-MFS-01306,U-0033,2664.27,send_money,18,Mymensingh,DEV-U-0033-P1,0,U-0090,0,0,1,0,0,0,None
TXN-MFS-01307,U-0033,2341.0,send_money,16,Mymensingh,DEV-U-0033-P1,0,U-0090,0,0,1,0,0,0,None
TXN-MFS-01308,U-0033,3161.61,send_money,18,Mymensingh,DEV-U-0033-P1,0,U-0080,0,0,1,0,0,0,None
TXN-MFS-01309,U-0033,3035.93,send_money,12,Mymensingh,DEV-U-0033-P1,0,U-0080,0,0,1,0,0,0,None
TXN-MFS-01310,U-0033,2852.85,merchant_payment,9,Mymensingh,DEV-U-0033-P1,0,U-0050,0,0,1,0,0,0,None
TXN-MFS-01311,U-0033,2271.75,send_money,9,Mymensingh,DEV-U-0033-P1,0,U-0090,0,0,1,0,0,0,None
TXN-MFS-01312,U-0033,4606.53,merchant_payment,20,Mymensingh,DEV-U-0033-P1,0,U-0080,0,0,1,0,0,0,None
TXN-MFS-01313,U-0033,3140.1,cash_out,20,Mymensingh,DEV-U-0033-P1,0,U-0080,0,0,1,0,0,0,None
TXN-MFS-01314,U-0033,2589.79,merchant_payment,19,Mymensingh,DEV-U-0033-P1,0,U-0090,0,0,1,0,0,0,None
TXN-MFS-01315,U-0033,2231.49,send_money,14,Mymensingh,DEV-U-0033-P1,0,U-0050,0,0,1,0,0,0,None
TXN-MFS-01316,U-0033,2536.46,cash_out,15,Mymensingh,DEV-U-0033-P1,0,U-0050,0,0,1,0,0,0,None
TXN-MFS-01317,U-0033,3197.85,cash_out,9,Mymensingh,DEV-U-0033-P1,0,U-0050,0,0,1,0,0,0,None
TXN-MFS-01318,U-0033,3921.21,send_money,13,Mymensingh,DEV-U-0033-P1,0,U-0090,0,0,1,0,0,0,None
TXN-MFS-01319,U-0033,24440.27,cash_out,20,Mymensingh,DEV-U-0033-P1,0,U-STRUCT-48,1,6,10,0,0,1,VELOCITY_BURST
TXN-MFS-01320,U-0034,2404.86,cash_out,15,Barishal,DEV-U-0034-P1,0,U-0078,0,0,1,0,0,0,None
TXN-MFS-01321,U-0034,2541.71,send_money,16,Barishal,DEV-U-0034-P1,0,U-0078,0,0,1,0,0,0,None
TXN-MFS-01322,U-0034,2311.9,send_money,10,Barishal,DEV-U-0034-P1,0,U-0044,0,0,1,0,0,0,None
TXN-MFS-01323,U-0034,2671.34,cash_out,16,Barishal,DEV-U-0034-P1,0,U-0044,0,0,1,0,0,0,None
TXN-MFS-01324,U-0034,3215.07,send_money,11,Barishal,DEV-U-0034-P1,0,U-0078,0,0,1,0,0,0,None
TXN-MFS-01325,U-0034,2357.04,cash_out,10,Barishal,DEV-U-0034-P1,0,U-0044,0,0,1,0,0,0,None
TXN-MFS-01326,U-0034,3131.41,merchant_payment,19,Barishal,DEV-U-0034-P1,0,U-0013,0,0,1,0,0,0,None
TXN-MFS-01327,U-0034,4087.5,send_money,13,Barishal,DEV-U-0034-P1,0,U-0044,0,0,1,0,0,0,None
TXN-MFS-01328,U-0034,4042.63,send_money,15,Barishal,DEV-U-0034-P1,0,U-0078,0,0,1,0,0,0,None
TXN-MFS-01329,U-0034,1965.37,send_money,14,Barishal,DEV-U-0034-P1,0,U-0044,0,0,1,0,0,0,None
TXN-MFS-01330,U-0034,3674.23,send_money,9,Barishal,DEV-U-0034-P1,0,U-0044,0,0,1,0,0,0,None
TXN-MFS-01331,U-0034,2903.31,merchant_payment,9,Barishal,DEV-U-0034-P1,0,U-0078,0,0,1,0,0,0,None
TXN-MFS-01332,U-0034,2105.55,send_money,9,Barishal,DEV-U-0034-P1,0,U-0044,0,0,1,0,0,0,None
TXN-MFS-01333,U-0034,1842.44,merchant_payment,12,Barishal,DEV-U-0034-P1,0,U-0013,0,0,1,0,0,0,None
TXN-MFS-01334,U-0034,4172.8,send_money,13,Barishal,DEV-U-0034-P1,0,U-0078,0,0,1,0,0,0,None
TXN-MFS-01335,U-0034,3088.96,send_money,18,Barishal,DEV-U-0034-P1,0,U-0044,0,0,1,0,0,0,None
TXN-MFS-01336,U-0034,3684.61,send_money,15,Barishal,DEV-U-0034-P1,0,U-0013,0,0,1,0,0,0,None
TXN-MFS-01337,U-0034,4056.08,send_money,15,Barishal,DEV-U-0034-P1,0,U-0078,0,0,1,0,0,0,None
TXN-MFS-01338,U-0034,3325.28,merchant_payment,12,Barishal,DEV-U-0034-P1,0,U-0013,0,0,1,0,0,0,None
TXN-MFS-01339,U-0034,2833.63,cash_out,20,Barishal,DEV-U-0034-P1,0,U-0013,0,0,1,0,0,0,None
TXN-MFS-01340,U-0034,3051.0,send_money,18,Barishal,DEV-U-0034-P1,0,U-0078,0,0,1,0,0,0,None
TXN-MFS-01341,U-0034,2111.57,merchant_payment,15,Barishal,DEV-U-0034-P1,0,U-0013,0,0,1,0,0,0,None
TXN-MFS-01342,U-0034,2320.38,send_money,17,Barishal,DEV-U-0034-P1,0,U-0078,0,0,1,0,0,0,None
TXN-MFS-01343,U-0034,4122.67,send_money,18,Barishal,DEV-U-0034-P1,0,U-0078,0,0,1,0,0,0,None
TXN-MFS-01344,U-0034,4551.66,merchant_payment,12,Barishal,DEV-U-0034-P1,0,U-0013,0,0,1,0,0,0,None
TXN-MFS-01345,U-0034,2943.45,merchant_payment,18,Barishal,DEV-U-0034-P1,0,U-0013,0,0,1,0,0,0,None
TXN-MFS-01346,U-0034,3040.92,merchant_payment,14,Barishal,DEV-U-0034-P1,0,U-0013,0,0,1,0,0,0,None
TXN-MFS-01347,U-0034,2180.51,send_money,18,Barishal,DEV-U-0034-P1,0,U-0044,0,0,1,0,0,0,None
TXN-MFS-01348,U-0034,3131.87,send_money,11,Barishal,DEV-U-0034-P1,0,U-0013,0,0,1,0,0,0,None
TXN-MFS-01349,U-0034,1883.35,send_money,20,Barishal,DEV-U-0034-P1,0,U-0044,0,0,1,0,0,0,None
TXN-MFS-01350,U-0034,4120.92,send_money,16,Barishal,DEV-U-0034-P1,0,U-0078,0,0,1,0,0,0,None
TXN-MFS-01351,U-0034,1724.1,merchant_payment,9,Barishal,DEV-U-0034-P1,0,U-0078,0,0,1,0,0,0,None
TXN-MFS-01352,U-0034,3779.18,merchant_payment,20,Barishal,DEV-U-0034-P1,0,U-0078,0,0,1,0,0,0,None
TXN-MFS-01353,U-0034,2692.05,cash_out,12,Barishal,DEV-U-0034-P1,0,U-0044,0,0,1,0,0,0,None
TXN-MFS-01354,U-0034,3096.61,send_money,19,Barishal,DEV-U-0034-P1,0,U-0078,0,0,1,0,0,0,None
TXN-MFS-01355,U-0034,3070.89,merchant_payment,12,Rangpur,DEV-U-0034-P1,0,U-0078,0,0,1,0,0,0,None
TXN-MFS-01356,U-0034,4463.91,cash_out,15,Barishal,DEV-U-0034-P1,0,U-0044,0,0,1,0,0,0,None
TXN-MFS-01357,U-0034,2589.88,send_money,19,Barishal,DEV-U-0034-P1,0,U-0078,0,0,1,0,0,0,None
TXN-MFS-01358,U-0034,3938.21,merchant_payment,10,Barishal,DEV-U-0034-P1,0,U-0044,0,0,1,0,0,0,None
TXN-MFS-01359,U-0034,3633.35,send_money,12,Barishal,DEV-U-0034-P1,0,U-0044,0,0,1,0,0,0,None
TXN-MFS-01360,U-0035,3077.52,send_money,10,Dhaka,DEV-U-0035-P1,0,U-0097,0,0,1,0,0,0,None
TXN-MFS-01361,U-0035,3438.3,send_money,12,Dhaka,DEV-U-0035-P1,0,U-0037,0,0,1,0,0,0,None
TXN-MFS-01362,U-0035,1750.12,send_money,20,Dhaka,DEV-U-0035-P1,0,U-0037,0,0,1,0,0,0,None
TXN-MFS-01363,U-0035,3150.97,send_money,19,Dhaka,DEV-U-0035-P1,0,U-0037,0,0,1,0,0,0,None
TXN-MFS-01364,U-0035,3135.42,send_money,13,Dhaka,DEV-U-0035-P1,0,U-0097,0,0,1,0,0,0,None
TXN-MFS-01365,U-0035,2017.08,merchant_payment,11,Dhaka,DEV-U-0035-P1,0,U-0037,0,0,1,0,0,0,None
TXN-MFS-01366,U-0035,2368.62,send_money,13,Dhaka,DEV-U-0035-P1,0,U-0097,0,0,1,0,0,0,None
TXN-MFS-01367,U-0035,2601.19,cash_out,17,Dhaka,DEV-U-0035-P1,0,U-0037,0,0,1,0,0,0,None
TXN-MFS-01368,U-0035,2438.7,send_money,20,Dhaka,DEV-U-0035-P1,0,U-0097,0,0,1,0,0,0,None
TXN-MFS-01369,U-0035,2655.92,send_money,11,Dhaka,DEV-U-0035-P1,0,U-0037,0,0,1,0,0,0,None
TXN-MFS-01370,U-0035,2332.56,merchant_payment,20,Dhaka,DEV-U-0035-P1,0,U-0097,0,0,1,0,0,0,None
TXN-MFS-01371,U-0035,3282.96,cash_out,16,Dhaka,DEV-U-0035-P1,0,U-0008,0,0,1,0,0,0,None
TXN-MFS-01372,U-0035,1758.35,send_money,9,Dhaka,DEV-U-0035-P1,0,U-0097,0,0,1,0,0,0,None
TXN-MFS-01373,U-0035,1685.67,send_money,18,Dhaka,DEV-U-0035-P1,0,U-0037,0,0,1,0,0,0,None
TXN-MFS-01374,U-0035,2270.46,send_money,20,Dhaka,DEV-U-0035-P1,0,U-0037,0,0,1,0,0,0,None
TXN-MFS-01375,U-0035,3527.74,send_money,11,Dhaka,DEV-U-0035-P1,0,U-0037,0,0,1,0,0,0,None
TXN-MFS-01376,U-0035,3347.2,merchant_payment,12,Dhaka,DEV-U-0035-P1,0,U-0037,0,0,1,0,0,0,None
TXN-MFS-01377,U-0035,4058.48,send_money,19,Dhaka,DEV-U-0035-P1,0,U-0037,0,0,1,0,0,0,None
TXN-MFS-01378,U-0035,3231.46,merchant_payment,15,Dhaka,DEV-U-0035-P1,0,U-0008,0,0,1,0,0,0,None
TXN-MFS-01379,U-0035,2119.81,merchant_payment,12,Dhaka,DEV-U-0035-P1,0,U-0037,0,0,1,0,0,0,None
TXN-MFS-01380,U-0035,2991.67,cash_out,14,Sylhet,DEV-U-0035-P1,0,U-0097,0,0,1,0,0,0,None
TXN-MFS-01381,U-0035,2720.21,merchant_payment,13,Dhaka,DEV-U-0035-P1,0,U-0097,0,0,1,0,0,0,None
TXN-MFS-01382,U-0035,3084.5,send_money,18,Dhaka,DEV-U-0035-P1,0,U-0097,0,0,1,0,0,0,None
TXN-MFS-01383,U-0035,3877.07,send_money,18,Dhaka,DEV-U-0035-P1,0,U-0097,0,0,1,0,0,0,None
TXN-MFS-01384,U-0035,3827.2,send_money,20,Rajshahi,DEV-U-0035-P1,0,U-0097,0,0,1,0,0,0,None
TXN-MFS-01385,U-0035,3754.2,send_money,13,Dhaka,DEV-U-0035-P1,0,U-0008,0,0,1,0,0,0,None
TXN-MFS-01386,U-0035,3512.4,send_money,17,Dhaka,DEV-U-0035-P1,0,U-0037,0,0,1,0,0,0,None
TXN-MFS-01387,U-0035,2615.31,send_money,13,Dhaka,DEV-U-0035-P1,0,U-0097,0,0,1,0,0,0,None
TXN-MFS-01388,U-0035,2745.98,send_money,17,Dhaka,DEV-U-0035-S2,1,U-0008,0,0,1,0,0,0,None
TXN-MFS-01389,U-0035,2940.99,cash_out,12,Dhaka,DEV-U-0035-P1,0,U-0008,0,0,1,0,0,0,None
TXN-MFS-01390,U-0035,2037.79,merchant_payment,11,Dhaka,DEV-U-0035-P1,0,U-0008,0,0,1,0,0,0,None
TXN-MFS-01391,U-0035,3172.17,send_money,18,Dhaka,DEV-U-0035-P1,0,U-0008,0,0,1,0,0,0,None
TXN-MFS-01392,U-0035,3888.77,send_money,20,Rangpur,DEV-U-0035-P1,0,U-0008,0,0,1,0,0,0,None
TXN-MFS-01393,U-0035,1506.95,merchant_payment,14,Dhaka,DEV-U-0035-P1,0,U-0037,0,0,1,0,0,0,None
TXN-MFS-01394,U-0035,1931.91,cash_out,20,Dhaka,DEV-U-0035-P1,0,U-0008,0,0,1,0,0,0,None
TXN-MFS-01395,U-0035,3815.81,send_money,16,Dhaka,DEV-U-0035-P1,0,U-0037,0,0,1,0,0,0,None
TXN-MFS-01396,U-0035,3231.99,merchant_payment,20,Dhaka,DEV-U-0035-P1,0,U-0008,0,0,1,0,0,0,None
TXN-MFS-01397,U-0035,2719.74,send_money,17,Dhaka,DEV-U-0035-P1,0,U-0097,0,0,1,0,0,0,None
TXN-MFS-01398,U-0035,2779.7,send_money,17,Dhaka,DEV-U-0035-P1,0,U-0097,0,0,1,0,0,0,None
TXN-MFS-01399,U-0035,3832.6,merchant_payment,19,Dhaka,DEV-U-0035-P1,0,U-0037,0,0,1,0,0,0,None
TXN-MFS-01400,U-0036,2466.14,send_money,14,Barishal,DEV-U-0036-P1,0,U-0063,0,0,1,0,0,0,None
TXN-MFS-01401,U-0036,2040.62,send_money,20,Barishal,DEV-U-0036-P1,0,U-0099,0,0,1,0,0,0,None
TXN-MFS-01402,U-0036,2230.43,send_money,13,Barishal,DEV-U-0036-P1,0,U-0002,0,0,1,0,0,0,None
TXN-MFS-01403,U-0036,3032.01,cash_out,13,Barishal,DEV-U-0036-P1,0,U-0099,0,0,1,0,0,0,None
TXN-MFS-01404,U-0036,2427.67,send_money,20,Barishal,DEV-U-0036-P1,0,U-0002,0,0,1,0,0,0,None
TXN-MFS-01405,U-0036,3191.93,send_money,15,Barishal,DEV-U-0036-P1,0,U-0002,0,0,1,0,0,0,None
TXN-MFS-01406,U-0036,1873.01,merchant_payment,13,Barishal,DEV-U-0036-P1,0,U-0099,0,0,1,0,0,0,None
TXN-MFS-01407,U-0036,2342.12,cash_out,12,Barishal,DEV-U-0036-P1,0,U-0063,0,0,1,0,0,0,None
TXN-MFS-01408,U-0036,2951.48,send_money,12,Barishal,DEV-U-0036-S2,1,U-0099,0,0,1,0,0,0,None
TXN-MFS-01409,U-0036,2858.09,cash_out,17,Barishal,DEV-U-0036-P1,0,U-0099,0,0,1,0,0,0,None
TXN-MFS-01410,U-0036,4083.52,cash_out,9,Barishal,DEV-U-0036-P1,0,U-0002,0,0,1,0,0,0,None
TXN-MFS-01411,U-0036,2394.38,send_money,19,Barishal,DEV-U-0036-P1,0,U-0002,0,0,1,0,0,0,None
TXN-MFS-01412,U-0036,2547.14,merchant_payment,16,Barishal,DEV-U-0036-P1,0,U-0063,0,0,1,0,0,0,None
TXN-MFS-01413,U-0036,3616.79,send_money,15,Barishal,DEV-U-0036-P1,0,U-0063,0,0,1,0,0,0,None
TXN-MFS-01414,U-0036,3411.39,merchant_payment,17,Barishal,DEV-U-0036-P1,0,U-0063,0,0,1,0,0,0,None
TXN-MFS-01415,U-0036,2927.91,merchant_payment,16,Barishal,DEV-U-0036-P1,0,U-0099,0,0,1,0,0,0,None
TXN-MFS-01416,U-0036,2904.49,cash_out,12,Barishal,DEV-U-0036-P1,0,U-0063,0,0,1,0,0,0,None
TXN-MFS-01417,U-0036,3038.46,send_money,9,Barishal,DEV-U-0036-P1,0,U-0002,0,0,1,0,0,0,None
TXN-MFS-01418,U-0036,1875.76,cash_out,9,Barishal,DEV-U-0036-P1,0,U-0002,0,0,1,0,0,0,None
TXN-MFS-01419,U-0036,3785.47,cash_out,18,Barishal,DEV-U-0036-P1,0,U-0063,0,0,1,0,0,0,None
TXN-MFS-01420,U-0036,2937.69,merchant_payment,17,Barishal,DEV-U-0036-P1,0,U-0099,0,0,1,0,0,0,None
TXN-MFS-01421,U-0036,3881.74,send_money,13,Barishal,DEV-U-0036-P1,0,U-0099,0,0,1,0,0,0,None
TXN-MFS-01422,U-0036,3442.36,send_money,10,Barishal,DEV-U-0036-P1,0,U-0099,0,0,1,0,0,0,None
TXN-MFS-01423,U-0036,3929.83,merchant_payment,14,Barishal,DEV-U-0036-P1,0,U-0002,0,0,1,0,0,0,None
TXN-MFS-01424,U-0036,2787.35,cash_out,16,Barishal,DEV-U-0036-P1,0,U-0002,0,0,1,0,0,0,None
TXN-MFS-01425,U-0036,2485.57,send_money,19,Barishal,DEV-U-0036-P1,0,U-0002,0,0,1,0,0,0,None
TXN-MFS-01426,U-0036,2564.59,cash_out,14,Barishal,DEV-U-0036-P1,0,U-0002,0,0,1,0,0,0,None
TXN-MFS-01427,U-0036,2028.8,cash_out,16,Barishal,DEV-U-0036-P1,0,U-0002,0,0,1,0,0,0,None
TXN-MFS-01428,U-0036,2358.94,send_money,14,Barishal,DEV-U-0036-P1,0,U-0002,0,0,1,0,0,0,None
TXN-MFS-01429,U-0036,3138.12,merchant_payment,11,Barishal,DEV-U-0036-P1,0,U-0099,0,0,1,0,0,0,None
TXN-MFS-01430,U-0036,3700.73,send_money,13,Barishal,DEV-U-0036-P1,0,U-0002,0,0,1,0,0,0,None
TXN-MFS-01431,U-0036,3265.97,send_money,10,Barishal,DEV-U-0036-P1,0,U-0099,0,0,1,0,0,0,None
TXN-MFS-01432,U-0036,2323.87,send_money,13,Barishal,DEV-U-0036-P1,0,U-0002,0,0,1,0,0,0,None
TXN-MFS-01433,U-0036,3199.86,send_money,15,Barishal,DEV-U-0036-P1,0,U-0063,0,0,1,0,0,0,None
TXN-MFS-01434,U-0036,2799.97,send_money,15,Barishal,DEV-U-0036-P1,0,U-0063,0,0,1,0,0,0,None
TXN-MFS-01435,U-0036,2963.43,merchant_payment,10,Barishal,DEV-U-0036-P1,0,U-0099,0,0,1,0,0,0,None
TXN-MFS-01436,U-0036,3096.45,send_money,14,Barishal,DEV-U-0036-S2,1,U-0063,0,0,1,0,0,0,None
TXN-MFS-01437,U-0036,1595.62,merchant_payment,17,Barishal,DEV-U-0036-P1,0,U-0002,0,0,1,0,0,0,None
TXN-MFS-01438,U-0036,2348.92,merchant_payment,20,Barishal,DEV-U-0036-P1,0,U-0002,0,0,1,0,0,0,None
TXN-MFS-01439,U-0036,43133.8,send_money,3,Dhaka,DEV-ROGUE-526,1,U-8831,1,4,8,0,0,1,MULE_CLUSTER_17
TXN-MFS-01440,U-0037,4344.84,send_money,19,Cumilla,DEV-U-0037-P1,0,U-0044,0,0,1,0,0,0,None
TXN-MFS-01441,U-0037,3802.8,merchant_payment,13,Cumilla,DEV-U-0037-P1,0,U-0020,0,0,1,0,0,0,None
TXN-MFS-01442,U-0037,2733.2,send_money,14,Cumilla,DEV-U-0037-P1,0,U-0045,0,0,1,0,0,0,None
TXN-MFS-01443,U-0037,3146.45,send_money,15,Cumilla,DEV-U-0037-P1,0,U-0020,0,0,1,0,0,0,None
TXN-MFS-01444,U-0037,3273.31,send_money,12,Cumilla,DEV-U-0037-P1,0,U-0044,0,0,1,0,0,0,None
TXN-MFS-01445,U-0037,4019.19,send_money,15,Cumilla,DEV-U-0037-P1,0,U-0044,0,0,1,0,0,0,None
TXN-MFS-01446,U-0037,1598.66,send_money,18,Cumilla,DEV-U-0037-P1,0,U-0045,0,0,1,0,0,0,None
TXN-MFS-01447,U-0037,3859.91,merchant_payment,12,Cumilla,DEV-U-0037-P1,0,U-0020,0,0,1,0,0,0,None
TXN-MFS-01448,U-0037,5588.16,send_money,20,Cumilla,DEV-U-0037-P1,0,U-0044,0,0,1,0,0,0,None
TXN-MFS-01449,U-0037,4556.52,send_money,17,Cumilla,DEV-U-0037-P1,0,U-0045,0,0,1,0,0,0,None
TXN-MFS-01450,U-0037,3584.95,cash_out,18,Cumilla,DEV-U-0037-P1,0,U-0020,0,0,1,0,0,0,None
TXN-MFS-01451,U-0037,2843.97,merchant_payment,10,Cumilla,DEV-U-0037-P1,0,U-0044,0,0,1,0,0,0,None
TXN-MFS-01452,U-0037,4542.73,send_money,15,Cumilla,DEV-U-0037-P1,0,U-0044,0,0,1,0,0,0,None
TXN-MFS-01453,U-0037,3144.56,send_money,19,Rangpur,DEV-U-0037-P1,0,U-0045,0,0,1,0,0,0,None
TXN-MFS-01454,U-0037,3159.39,send_money,10,Cumilla,DEV-U-0037-P1,0,U-0020,0,0,1,0,0,0,None
TXN-MFS-01455,U-0037,3609.24,send_money,16,Cumilla,DEV-U-0037-P1,0,U-0020,0,0,1,0,0,0,None
TXN-MFS-01456,U-0037,4551.11,merchant_payment,19,Cumilla,DEV-U-0037-P1,0,U-0045,0,0,1,0,0,0,None
TXN-MFS-01457,U-0037,3453.3,merchant_payment,20,Cumilla,DEV-U-0037-P1,0,U-0020,0,0,1,0,0,0,None
TXN-MFS-01458,U-0037,3068.58,send_money,17,Cumilla,DEV-U-0037-P1,0,U-0045,0,0,1,0,0,0,None
TXN-MFS-01459,U-0037,3052.04,send_money,12,Cumilla,DEV-U-0037-P1,0,U-0044,0,0,1,0,0,0,None
TXN-MFS-01460,U-0037,2175.99,send_money,17,Cumilla,DEV-U-0037-P1,0,U-0020,0,0,1,0,0,0,None
TXN-MFS-01461,U-0037,1856.3,cash_out,12,Cumilla,DEV-U-0037-P1,0,U-0044,0,0,1,0,0,0,None
TXN-MFS-01462,U-0037,5165.56,merchant_payment,16,Cumilla,DEV-U-0037-P1,0,U-0045,0,0,1,0,0,0,None
TXN-MFS-01463,U-0037,2343.91,send_money,13,Cumilla,DEV-U-0037-P1,0,U-0045,0,0,1,0,0,0,None
TXN-MFS-01464,U-0037,2890.64,send_money,13,Cumilla,DEV-U-0037-P1,0,U-0044,0,0,1,0,0,0,None
TXN-MFS-01465,U-0037,2409.87,send_money,9,Cumilla,DEV-U-0037-S2,1,U-0020,0,0,1,0,0,0,None
TXN-MFS-01466,U-0037,3409.72,merchant_payment,9,Cumilla,DEV-U-0037-P1,0,U-0045,0,0,1,0,0,0,None
TXN-MFS-01467,U-0037,1684.65,send_money,12,Cumilla,DEV-U-0037-P1,0,U-0045,0,0,1,0,0,0,None
TXN-MFS-01468,U-0037,2859.8,send_money,20,Cumilla,DEV-U-0037-P1,0,U-0045,0,0,1,0,0,0,None
TXN-MFS-01469,U-0037,3562.2,merchant_payment,15,Cumilla,DEV-U-0037-P1,0,U-0020,0,0,1,0,0,0,None
TXN-MFS-01470,U-0037,2895.91,send_money,13,Cumilla,DEV-U-0037-P1,0,U-0044,0,0,1,0,0,0,None
TXN-MFS-01471,U-0037,2715.35,send_money,18,Cumilla,DEV-U-0037-P1,0,U-0020,0,0,1,0,0,0,None
TXN-MFS-01472,U-0037,4670.45,cash_out,9,Cumilla,DEV-U-0037-P1,0,U-0020,0,0,1,0,0,0,None
TXN-MFS-01473,U-0037,4926.23,send_money,16,Cumilla,DEV-U-0037-P1,0,U-0044,0,0,1,0,0,0,None
TXN-MFS-01474,U-0037,3759.89,send_money,13,Cumilla,DEV-U-0037-P1,0,U-0020,0,0,1,0,0,0,None
TXN-MFS-01475,U-0037,2942.77,send_money,18,Cumilla,DEV-U-0037-P1,0,U-0044,0,0,1,0,0,0,None
TXN-MFS-01476,U-0037,2138.05,send_money,10,Cumilla,DEV-U-0037-P1,0,U-0045,0,0,1,0,0,0,None
TXN-MFS-01477,U-0037,4813.61,cash_out,10,Cumilla,DEV-U-0037-P1,0,U-0020,0,0,1,0,0,0,None
TXN-MFS-01478,U-0037,3011.25,merchant_payment,17,Cumilla,DEV-U-0037-P1,0,U-0045,0,0,1,0,0,0,None
TXN-MFS-01479,U-0037,42000.0,send_money,3,Cumilla,DEV-SIMSWAP-153,1,U-SWAP-32,1,2,3,1,1,1,SIM_SWAP_DRAIN
TXN-MFS-01480,U-0038,6664.2,send_money,12,Kushtia,DEV-U-0038-P1,0,U-0069,0,0,1,0,0,0,None
TXN-MFS-01481,U-0038,5843.0,merchant_payment,20,Kushtia,DEV-U-0038-P1,0,U-0043,0,0,1,0,0,0,None
TXN-MFS-01482,U-0038,3645.61,send_money,14,Kushtia,DEV-U-0038-P1,0,U-0043,0,0,1,0,0,0,None
TXN-MFS-01483,U-0038,5361.02,send_money,19,Kushtia,DEV-U-0038-P1,0,U-0043,0,0,1,0,0,0,None
TXN-MFS-01484,U-0038,4870.63,merchant_payment,17,Kushtia,DEV-U-0038-P1,0,U-0069,0,0,1,0,0,0,None
TXN-MFS-01485,U-0038,3017.15,send_money,10,Kushtia,DEV-U-0038-P1,0,U-0042,0,0,1,0,0,0,None
TXN-MFS-01486,U-0038,3932.34,merchant_payment,10,Kushtia,DEV-U-0038-P1,0,U-0042,0,0,1,0,0,0,None
TXN-MFS-01487,U-0038,6681.17,merchant_payment,18,Kushtia,DEV-U-0038-S2,1,U-0069,0,0,1,0,0,0,None
TXN-MFS-01488,U-0038,5438.93,send_money,19,Kushtia,DEV-U-0038-P1,0,U-0042,0,0,1,0,0,0,None
TXN-MFS-01489,U-0038,2920.18,merchant_payment,19,Kushtia,DEV-U-0038-P1,0,U-0069,0,0,1,0,0,0,None
TXN-MFS-01490,U-0038,5193.13,merchant_payment,15,Kushtia,DEV-U-0038-P1,0,U-0042,0,0,1,0,0,0,None
TXN-MFS-01491,U-0038,3176.64,merchant_payment,12,Kushtia,DEV-U-0038-P1,0,U-0042,0,0,1,0,0,0,None
TXN-MFS-01492,U-0038,4801.04,cash_out,12,Rajshahi,DEV-U-0038-P1,0,U-0043,0,0,1,0,0,0,None
TXN-MFS-01493,U-0038,5025.99,send_money,18,Kushtia,DEV-U-0038-P1,0,U-0069,0,0,1,0,0,0,None
TXN-MFS-01494,U-0038,4189.51,merchant_payment,20,Kushtia,DEV-U-0038-P1,0,U-0043,0,0,1,0,0,0,None
TXN-MFS-01495,U-0038,3321.03,merchant_payment,15,Kushtia,DEV-U-0038-P1,0,U-0042,0,0,1,0,0,0,None
TXN-MFS-01496,U-0038,5542.88,merchant_payment,19,Kushtia,DEV-U-0038-P1,0,U-0043,0,0,1,0,0,0,None
TXN-MFS-01497,U-0038,4286.36,send_money,18,Kushtia,DEV-U-0038-P1,0,U-0042,0,0,1,0,0,0,None
TXN-MFS-01498,U-0038,1880.73,cash_out,12,Kushtia,DEV-U-0038-P1,0,U-0042,0,0,1,0,0,0,None
TXN-MFS-01499,U-0038,4583.82,merchant_payment,19,Kushtia,DEV-U-0038-P1,0,U-0069,0,0,1,0,0,0,None
TXN-MFS-01500,U-0038,4605.9,merchant_payment,20,Kushtia,DEV-U-0038-P1,0,U-0042,0,0,1,0,0,0,None
TXN-MFS-01501,U-0038,4445.46,send_money,18,Sylhet,DEV-U-0038-P1,0,U-0069,0,0,1,0,0,0,None
TXN-MFS-01502,U-0038,2981.1,send_money,10,Kushtia,DEV-U-0038-P1,0,U-0069,0,0,1,0,0,0,None
TXN-MFS-01503,U-0038,3473.18,send_money,17,Kushtia,DEV-U-0038-P1,0,U-0043,0,0,1,0,0,0,None
TXN-MFS-01504,U-0038,5123.92,merchant_payment,13,Kushtia,DEV-U-0038-P1,0,U-0069,0,0,1,0,0,0,None
TXN-MFS-01505,U-0038,3537.37,send_money,12,Kushtia,DEV-U-0038-P1,0,U-0043,0,0,1,0,0,0,None
TXN-MFS-01506,U-0038,4212.09,send_money,17,Kushtia,DEV-U-0038-P1,0,U-0043,0,0,1,0,0,0,None
TXN-MFS-01507,U-0038,5174.16,send_money,14,Kushtia,DEV-U-0038-P1,0,U-0043,0,0,1,0,0,0,None
TXN-MFS-01508,U-0038,4666.1,send_money,18,Kushtia,DEV-U-0038-P1,0,U-0069,0,0,1,0,0,0,None
TXN-MFS-01509,U-0038,2833.15,merchant_payment,9,Kushtia,DEV-U-0038-P1,0,U-0069,0,0,1,0,0,0,None
TXN-MFS-01510,U-0038,4399.78,send_money,16,Kushtia,DEV-U-0038-P1,0,U-0043,0,0,1,0,0,0,None
TXN-MFS-01511,U-0038,3424.74,cash_out,13,Kushtia,DEV-U-0038-P1,0,U-0069,0,0,1,0,0,0,None
TXN-MFS-01512,U-0038,3807.25,send_money,9,Kushtia,DEV-U-0038-P1,0,U-0042,0,0,1,0,0,0,None
TXN-MFS-01513,U-0038,5422.32,merchant_payment,15,Kushtia,DEV-U-0038-P1,0,U-0069,0,0,1,0,0,0,None
TXN-MFS-01514,U-0038,5015.81,merchant_payment,18,Kushtia,DEV-U-0038-P1,0,U-0069,0,0,1,0,0,0,None
TXN-MFS-01515,U-0038,2830.04,cash_out,16,Kushtia,DEV-U-0038-P1,0,U-0043,0,0,1,0,0,0,None
TXN-MFS-01516,U-0038,4693.98,merchant_payment,18,Kushtia,DEV-U-0038-P1,0,U-0069,0,0,1,0,0,0,None
TXN-MFS-01517,U-0038,5258.7,cash_out,10,Kushtia,DEV-U-0038-P1,0,U-0042,0,0,1,0,0,0,None
TXN-MFS-01518,U-0038,4387.57,merchant_payment,16,Kushtia,DEV-U-0038-P1,0,U-0069,0,0,1,0,0,0,None
TXN-MFS-01519,U-0038,4737.16,cash_out,18,Kushtia,DEV-U-0038-P1,0,U-0069,0,0,1,0,0,0,None
TXN-MFS-01520,U-0039,1975.27,send_money,20,Mymensingh,DEV-U-0039-P1,0,U-0015,0,0,1,0,0,0,None
TXN-MFS-01521,U-0039,1058.38,merchant_payment,11,Mymensingh,DEV-U-0039-P1,0,U-0015,0,0,1,0,0,0,None
TXN-MFS-01522,U-0039,1874.02,merchant_payment,19,Mymensingh,DEV-U-0039-P1,0,U-0005,0,0,1,0,0,0,None
TXN-MFS-01523,U-0039,1604.78,merchant_payment,11,Mymensingh,DEV-U-0039-P1,0,U-0005,0,0,1,0,0,0,None
TXN-MFS-01524,U-0039,1650.4,send_money,14,Mymensingh,DEV-U-0039-P1,0,U-0092,0,0,1,0,0,0,None
TXN-MFS-01525,U-0039,1587.15,send_money,18,Jessore,DEV-U-0039-P1,0,U-0015,0,0,1,0,0,0,None
TXN-MFS-01526,U-0039,1497.09,cash_out,19,Mymensingh,DEV-U-0039-P1,0,U-0005,0,0,1,0,0,0,None
TXN-MFS-01527,U-0039,1039.9,send_money,16,Mymensingh,DEV-U-0039-P1,0,U-0005,0,0,1,0,0,0,None
TXN-MFS-01528,U-0039,1456.38,merchant_payment,13,Mymensingh,DEV-U-0039-S2,1,U-0015,0,0,1,0,0,0,None
TXN-MFS-01529,U-0039,100.0,send_money,11,Mymensingh,DEV-U-0039-P1,0,U-0015,0,0,1,0,0,0,None
TXN-MFS-01530,U-0039,896.09,send_money,17,Mymensingh,DEV-U-0039-P1,0,U-0015,0,0,1,0,0,0,None
TXN-MFS-01531,U-0039,1286.02,send_money,20,Mymensingh,DEV-U-0039-P1,0,U-0015,0,0,1,0,0,0,None
TXN-MFS-01532,U-0039,1587.16,send_money,11,Mymensingh,DEV-U-0039-P1,0,U-0005,0,0,1,0,0,0,None
TXN-MFS-01533,U-0039,2310.44,cash_out,13,Mymensingh,DEV-U-0039-P1,0,U-0005,0,0,1,0,0,0,None
TXN-MFS-01534,U-0039,1605.44,send_money,11,Mymensingh,DEV-U-0039-P1,0,U-0005,0,0,1,0,0,0,None
TXN-MFS-01535,U-0039,1560.9,send_money,15,Mymensingh,DEV-U-0039-P1,0,U-0015,0,0,1,0,0,0,None
TXN-MFS-01536,U-0039,1351.28,send_money,17,Mymensingh,DEV-U-0039-S2,1,U-0092,0,0,1,0,0,0,None
TXN-MFS-01537,U-0039,1447.4,cash_out,10,Mymensingh,DEV-U-0039-P1,0,U-0092,0,0,1,0,0,0,None
TXN-MFS-01538,U-0039,1450.77,send_money,11,Mymensingh,DEV-U-0039-P1,0,U-0092,0,0,1,0,0,0,None
TXN-MFS-01539,U-0039,1747.28,cash_out,10,Mymensingh,DEV-U-0039-P1,0,U-0092,0,0,1,0,0,0,None
TXN-MFS-01540,U-0039,948.68,cash_out,11,Mymensingh,DEV-U-0039-P1,0,U-0015,0,0,1,0,0,0,None
TXN-MFS-01541,U-0039,1294.05,send_money,15,Mymensingh,DEV-U-0039-P1,0,U-0015,0,0,1,0,0,0,None
TXN-MFS-01542,U-0039,1293.12,cash_out,18,Mymensingh,DEV-U-0039-P1,0,U-0015,0,0,1,0,0,0,None
TXN-MFS-01543,U-0039,1583.11,merchant_payment,9,Mymensingh,DEV-U-0039-P1,0,U-0092,0,0,1,0,0,0,None
TXN-MFS-01544,U-0039,1178.03,send_money,14,Mymensingh,DEV-U-0039-P1,0,U-0005,0,0,1,0,0,0,None
TXN-MFS-01545,U-0039,1774.62,send_money,12,Mymensingh,DEV-U-0039-P1,0,U-0015,0,0,1,0,0,0,None
TXN-MFS-01546,U-0039,1408.69,send_money,16,Mymensingh,DEV-U-0039-P1,0,U-0015,0,0,1,0,0,0,None
TXN-MFS-01547,U-0039,2259.98,merchant_payment,13,Cumilla,DEV-U-0039-P1,0,U-0092,0,0,1,0,0,0,None
TXN-MFS-01548,U-0039,1644.04,send_money,18,Mymensingh,DEV-U-0039-P1,0,U-0015,0,0,1,0,0,0,None
TXN-MFS-01549,U-0039,1593.6,send_money,10,Mymensingh,DEV-U-0039-P1,0,U-0005,0,0,1,0,0,0,None
TXN-MFS-01550,U-0039,1547.41,cash_out,16,Mymensingh,DEV-U-0039-P1,0,U-0005,0,0,1,0,0,0,None
TXN-MFS-01551,U-0039,1489.06,merchant_payment,9,Mymensingh,DEV-U-0039-P1,0,U-0005,0,0,1,0,0,0,None
TXN-MFS-01552,U-0039,1453.82,send_money,17,Mymensingh,DEV-U-0039-P1,0,U-0092,0,0,1,0,0,0,None
TXN-MFS-01553,U-0039,1061.22,merchant_payment,13,Mymensingh,DEV-U-0039-P1,0,U-0015,0,0,1,0,0,0,None
TXN-MFS-01554,U-0039,1714.67,merchant_payment,13,Mymensingh,DEV-U-0039-P1,0,U-0015,0,0,1,0,0,0,None
TXN-MFS-01555,U-0039,1513.55,send_money,19,Mymensingh,DEV-U-0039-P1,0,U-0092,0,0,1,0,0,0,None
TXN-MFS-01556,U-0039,1818.47,send_money,15,Mymensingh,DEV-U-0039-P1,0,U-0005,0,0,1,0,0,0,None
TXN-MFS-01557,U-0039,1358.19,send_money,19,Mymensingh,DEV-U-0039-P1,0,U-0092,0,0,1,0,0,0,None
TXN-MFS-01558,U-0039,1314.44,cash_out,9,Mymensingh,DEV-U-0039-P1,0,U-0015,0,0,1,0,0,0,None
TXN-MFS-01559,U-0039,1385.82,merchant_payment,20,Dhaka,DEV-U-0039-P1,0,U-0092,0,0,1,0,0,0,None
TXN-MFS-01560,U-0040,2331.36,send_money,16,Kushtia,DEV-U-0040-P1,0,U-0024,0,0,1,0,0,0,None
TXN-MFS-01561,U-0040,1577.95,merchant_payment,9,Kushtia,DEV-U-0040-P1,0,U-0024,0,0,1,0,0,0,None
TXN-MFS-01562,U-0040,2363.63,merchant_payment,12,Kushtia,DEV-U-0040-P1,0,U-0022,0,0,1,0,0,0,None
TXN-MFS-01563,U-0040,1909.65,cash_out,16,Kushtia,DEV-U-0040-S2,1,U-0007,0,0,1,0,0,0,None
TXN-MFS-01564,U-0040,1920.0,cash_out,19,Kushtia,DEV-U-0040-P1,0,U-0022,0,0,1,0,0,0,None
TXN-MFS-01565,U-0040,2591.03,cash_out,15,Kushtia,DEV-U-0040-P1,0,U-0007,0,0,1,0,0,0,None
TXN-MFS-01566,U-0040,2759.39,cash_out,20,Kushtia,DEV-U-0040-P1,0,U-0024,0,0,1,0,0,0,None
TXN-MFS-01567,U-0040,2486.89,send_money,12,Kushtia,DEV-U-0040-P1,0,U-0007,0,0,1,0,0,0,None
TXN-MFS-01568,U-0040,2345.14,merchant_payment,19,Kushtia,DEV-U-0040-P1,0,U-0022,0,0,1,0,0,0,None
TXN-MFS-01569,U-0040,2735.95,send_money,18,Kushtia,DEV-U-0040-P1,0,U-0024,0,0,1,0,0,0,None
TXN-MFS-01570,U-0040,3380.46,merchant_payment,13,Dhaka,DEV-U-0040-P1,0,U-0024,0,0,1,0,0,0,None
TXN-MFS-01571,U-0040,2559.57,send_money,15,Kushtia,DEV-U-0040-P1,0,U-0024,0,0,1,0,0,0,None
TXN-MFS-01572,U-0040,612.41,send_money,19,Kushtia,DEV-U-0040-P1,0,U-0024,0,0,1,0,0,0,None
TXN-MFS-01573,U-0040,2146.43,send_money,20,Kushtia,DEV-U-0040-P1,0,U-0007,0,0,1,0,0,0,None
TXN-MFS-01574,U-0040,2462.53,merchant_payment,15,Kushtia,DEV-U-0040-P1,0,U-0024,0,0,1,0,0,0,None
TXN-MFS-01575,U-0040,1909.07,merchant_payment,12,Kushtia,DEV-U-0040-P1,0,U-0007,0,0,1,0,0,0,None
TXN-MFS-01576,U-0040,584.07,send_money,13,Kushtia,DEV-U-0040-P1,0,U-0007,0,0,1,0,0,0,None
TXN-MFS-01577,U-0040,1766.61,send_money,11,Kushtia,DEV-U-0040-P1,0,U-0024,0,0,1,0,0,0,None
TXN-MFS-01578,U-0040,1712.83,send_money,16,Kushtia,DEV-U-0040-P1,0,U-0022,0,0,1,0,0,0,None
TXN-MFS-01579,U-0040,2262.32,send_money,11,Kushtia,DEV-U-0040-P1,0,U-0024,0,0,1,0,0,0,None
TXN-MFS-01580,U-0040,1825.29,merchant_payment,10,Kushtia,DEV-U-0040-P1,0,U-0022,0,0,1,0,0,0,None
TXN-MFS-01581,U-0040,2317.25,merchant_payment,19,Kushtia,DEV-U-0040-P1,0,U-0024,0,0,1,0,0,0,None
TXN-MFS-01582,U-0040,2082.2,send_money,16,Kushtia,DEV-U-0040-P1,0,U-0024,0,0,1,0,0,0,None
TXN-MFS-01583,U-0040,2636.04,cash_out,18,Kushtia,DEV-U-0040-P1,0,U-0022,0,0,1,0,0,0,None
TXN-MFS-01584,U-0040,2958.11,send_money,17,Kushtia,DEV-U-0040-P1,0,U-0007,0,0,1,0,0,0,None
TXN-MFS-01585,U-0040,1635.27,merchant_payment,16,Kushtia,DEV-U-0040-P1,0,U-0022,0,0,1,0,0,0,None
TXN-MFS-01586,U-0040,3201.09,send_money,13,Kushtia,DEV-U-0040-P1,0,U-0022,0,0,1,0,0,0,None
TXN-MFS-01587,U-0040,2006.53,send_money,14,Kushtia,DEV-U-0040-P1,0,U-0022,0,0,1,0,0,0,None
TXN-MFS-01588,U-0040,1564.93,cash_out,12,Kushtia,DEV-U-0040-P1,0,U-0024,0,0,1,0,0,0,None
TXN-MFS-01589,U-0040,1847.51,send_money,15,Kushtia,DEV-U-0040-P1,0,U-0022,0,0,1,0,0,0,None
TXN-MFS-01590,U-0040,1868.18,merchant_payment,10,Kushtia,DEV-U-0040-P1,0,U-0007,0,0,1,0,0,0,None
TXN-MFS-01591,U-0040,3026.04,send_money,14,Kushtia,DEV-U-0040-P1,0,U-0007,0,0,1,0,0,0,None
TXN-MFS-01592,U-0040,2079.38,send_money,12,Kushtia,DEV-U-0040-P1,0,U-0022,0,0,1,0,0,0,None
TXN-MFS-01593,U-0040,1823.27,cash_out,20,Kushtia,DEV-U-0040-P1,0,U-0007,0,0,1,0,0,0,None
TXN-MFS-01594,U-0040,2342.74,send_money,14,Kushtia,DEV-U-0040-P1,0,U-0007,0,0,1,0,0,0,None
TXN-MFS-01595,U-0040,2504.18,send_money,16,Kushtia,DEV-U-0040-P1,0,U-0024,0,0,1,0,0,0,None
TXN-MFS-01596,U-0040,1573.62,send_money,11,Kushtia,DEV-U-0040-P1,0,U-0007,0,0,1,0,0,0,None
TXN-MFS-01597,U-0040,1352.57,merchant_payment,11,Kushtia,DEV-U-0040-P1,0,U-0024,0,0,1,0,0,0,None
TXN-MFS-01598,U-0040,1802.26,cash_out,16,Kushtia,DEV-U-0040-P1,0,U-0007,0,0,1,0,0,0,None
TXN-MFS-01599,U-0040,25800.0,send_money,3,Cumilla,DEV-SIMSWAP-591,1,U-SWAP-14,1,2,3,1,1,1,SIM_SWAP_DRAIN
TXN-MFS-01600,U-0041,2930.0,send_money,9,Cumilla,DEV-U-0041-P1,0,U-0073,0,0,1,0,0,0,None
TXN-MFS-01601,U-0041,1564.53,send_money,19,Cumilla,DEV-U-0041-P1,0,U-0040,0,0,1,0,0,0,None
TXN-MFS-01602,U-0041,1912.24,send_money,16,Rangpur,DEV-U-0041-P1,0,U-0066,0,0,1,0,0,0,None
TXN-MFS-01603,U-0041,2632.68,send_money,14,Cumilla,DEV-U-0041-P1,0,U-0073,0,0,1,0,0,0,None
TXN-MFS-01604,U-0041,2856.91,send_money,19,Cumilla,DEV-U-0041-P1,0,U-0066,0,0,1,0,0,0,None
TXN-MFS-01605,U-0041,2513.4,send_money,13,Cumilla,DEV-U-0041-P1,0,U-0066,0,0,1,0,0,0,None
TXN-MFS-01606,U-0041,3087.02,cash_out,12,Cumilla,DEV-U-0041-P1,0,U-0073,0,0,1,0,0,0,None
TXN-MFS-01607,U-0041,2299.54,send_money,12,Cumilla,DEV-U-0041-P1,0,U-0066,0,0,1,0,0,0,None
TXN-MFS-01608,U-0041,1805.05,send_money,10,Cumilla,DEV-U-0041-P1,0,U-0066,0,0,1,0,0,0,None
TXN-MFS-01609,U-0041,2806.07,send_money,19,Cumilla,DEV-U-0041-P1,0,U-0040,0,0,1,0,0,0,None
TXN-MFS-01610,U-0041,1148.93,cash_out,13,Cumilla,DEV-U-0041-P1,0,U-0040,0,0,1,0,0,0,None
TXN-MFS-01611,U-0041,2217.06,merchant_payment,9,Cumilla,DEV-U-0041-P1,0,U-0040,0,0,1,0,0,0,None
TXN-MFS-01612,U-0041,2531.67,merchant_payment,14,Cumilla,DEV-U-0041-P1,0,U-0040,0,0,1,0,0,0,None
TXN-MFS-01613,U-0041,3131.36,send_money,16,Cumilla,DEV-U-0041-P1,0,U-0073,0,0,1,0,0,0,None
TXN-MFS-01614,U-0041,2088.11,send_money,18,Cumilla,DEV-U-0041-P1,0,U-0040,0,0,1,0,0,0,None
TXN-MFS-01615,U-0041,2253.13,merchant_payment,20,Jessore,DEV-U-0041-P1,0,U-0040,0,0,1,0,0,0,None
TXN-MFS-01616,U-0041,1588.19,merchant_payment,12,Cumilla,DEV-U-0041-P1,0,U-0040,0,0,1,0,0,0,None
TXN-MFS-01617,U-0041,1664.13,merchant_payment,12,Cumilla,DEV-U-0041-P1,0,U-0066,0,0,1,0,0,0,None
TXN-MFS-01618,U-0041,2701.93,cash_out,11,Cumilla,DEV-U-0041-P1,0,U-0066,0,0,1,0,0,0,None
TXN-MFS-01619,U-0041,1763.89,send_money,18,Cumilla,DEV-U-0041-P1,0,U-0040,0,0,1,0,0,0,None
TXN-MFS-01620,U-0041,1972.38,cash_out,17,Cumilla,DEV-U-0041-S2,1,U-0066,0,0,1,0,0,0,None
TXN-MFS-01621,U-0041,2634.41,merchant_payment,9,Mymensingh,DEV-U-0041-S2,1,U-0040,0,0,1,0,0,0,None
TXN-MFS-01622,U-0041,3674.93,cash_out,18,Cumilla,DEV-U-0041-P1,0,U-0066,0,0,1,0,0,0,None
TXN-MFS-01623,U-0041,1170.7,send_money,18,Cumilla,DEV-U-0041-P1,0,U-0066,0,0,1,0,0,0,None
TXN-MFS-01624,U-0041,2310.91,send_money,12,Kushtia,DEV-U-0041-P1,0,U-0073,0,0,1,0,0,0,None
TXN-MFS-01625,U-0041,1600.25,send_money,10,Cumilla,DEV-U-0041-P1,0,U-0066,0,0,1,0,0,0,None
TXN-MFS-01626,U-0041,3006.7,cash_out,11,Cumilla,DEV-U-0041-P1,0,U-0040,0,0,1,0,0,0,None
TXN-MFS-01627,U-0041,2096.92,send_money,18,Cumilla,DEV-U-0041-P1,0,U-0066,0,0,1,0,0,0,None
TXN-MFS-01628,U-0041,1826.69,cash_out,18,Cumilla,DEV-U-0041-P1,0,U-0073,0,0,1,0,0,0,None
TXN-MFS-01629,U-0041,1510.0,send_money,19,Cumilla,DEV-U-0041-P1,0,U-0066,0,0,1,0,0,0,None
TXN-MFS-01630,U-0041,1316.67,cash_out,19,Cumilla,DEV-U-0041-P1,0,U-0073,0,0,1,0,0,0,None
TXN-MFS-01631,U-0041,1551.86,cash_out,9,Cumilla,DEV-U-0041-P1,0,U-0040,0,0,1,0,0,0,None
TXN-MFS-01632,U-0041,2380.79,send_money,9,Cumilla,DEV-U-0041-P1,0,U-0040,0,0,1,0,0,0,None
TXN-MFS-01633,U-0041,2582.35,cash_out,18,Cumilla,DEV-U-0041-P1,0,U-0040,0,0,1,0,0,0,None
TXN-MFS-01634,U-0041,1436.19,merchant_payment,11,Cumilla,DEV-U-0041-P1,0,U-0040,0,0,1,0,0,0,None
TXN-MFS-01635,U-0041,2019.73,cash_out,18,Cumilla,DEV-U-0041-P1,0,U-0073,0,0,1,0,0,0,None
TXN-MFS-01636,U-0041,2422.01,cash_out,9,Cumilla,DEV-U-0041-P1,0,U-0040,0,0,1,0,0,0,None
TXN-MFS-01637,U-0041,2134.56,cash_out,15,Cumilla,DEV-U-0041-P1,0,U-0073,0,0,1,0,0,0,None
TXN-MFS-01638,U-0041,927.61,send_money,15,Cumilla,DEV-U-0041-P1,0,U-0073,0,0,1,0,0,0,None
TXN-MFS-01639,U-0041,24784.79,cash_out,16,Cumilla,DEV-U-0041-P1,0,U-STRUCT-88,1,6,10,0,0,1,VELOCITY_BURST
TXN-MFS-01640,U-0042,1998.54,send_money,12,Rangpur,DEV-U-0042-P1,0,U-0054,0,0,1,0,0,0,None
TXN-MFS-01641,U-0042,1553.63,send_money,16,Rangpur,DEV-U-0042-P1,0,U-0075,0,0,1,0,0,0,None
TXN-MFS-01642,U-0042,1691.68,send_money,9,Rangpur,DEV-U-0042-P1,0,U-0027,0,0,1,0,0,0,None
TXN-MFS-01643,U-0042,767.12,send_money,19,Rangpur,DEV-U-0042-P1,0,U-0027,0,0,1,0,0,0,None
TXN-MFS-01644,U-0042,1415.72,merchant_payment,10,Rangpur,DEV-U-0042-P1,0,U-0054,0,0,1,0,0,0,None
TXN-MFS-01645,U-0042,1647.4,cash_out,10,Rangpur,DEV-U-0042-P1,0,U-0054,0,0,1,0,0,0,None
TXN-MFS-01646,U-0042,1452.3,send_money,16,Rangpur,DEV-U-0042-P1,0,U-0027,0,0,1,0,0,0,None
TXN-MFS-01647,U-0042,935.98,send_money,14,Rangpur,DEV-U-0042-S2,1,U-0027,0,0,1,0,0,0,None
TXN-MFS-01648,U-0042,1776.58,cash_out,20,Rangpur,DEV-U-0042-S2,1,U-0027,0,0,1,0,0,0,None
TXN-MFS-01649,U-0042,1427.55,send_money,10,Rangpur,DEV-U-0042-P1,0,U-0075,0,0,1,0,0,0,None
TXN-MFS-01650,U-0042,1205.49,send_money,10,Rangpur,DEV-U-0042-P1,0,U-0054,0,0,1,0,0,0,None
TXN-MFS-01651,U-0042,1411.33,merchant_payment,20,Rangpur,DEV-U-0042-S2,1,U-0075,0,0,1,0,0,0,None
TXN-MFS-01652,U-0042,1630.78,merchant_payment,13,Rangpur,DEV-U-0042-P1,0,U-0075,0,0,1,0,0,0,None
TXN-MFS-01653,U-0042,1463.28,cash_out,15,Rangpur,DEV-U-0042-P1,0,U-0027,0,0,1,0,0,0,None
TXN-MFS-01654,U-0042,2389.42,cash_out,14,Rangpur,DEV-U-0042-P1,0,U-0075,0,0,1,0,0,0,None
TXN-MFS-01655,U-0042,1140.55,send_money,15,Rangpur,DEV-U-0042-P1,0,U-0075,0,0,1,0,0,0,None
TXN-MFS-01656,U-0042,1879.7,merchant_payment,14,Rangpur,DEV-U-0042-P1,0,U-0075,0,0,1,0,0,0,None
TXN-MFS-01657,U-0042,1332.43,send_money,12,Rangpur,DEV-U-0042-P1,0,U-0027,0,0,1,0,0,0,None
TXN-MFS-01658,U-0042,1841.8,cash_out,19,Rangpur,DEV-U-0042-P1,0,U-0054,0,0,1,0,0,0,None
TXN-MFS-01659,U-0042,1355.62,cash_out,17,Rangpur,DEV-U-0042-P1,0,U-0075,0,0,1,0,0,0,None
TXN-MFS-01660,U-0042,1732.51,merchant_payment,17,Rangpur,DEV-U-0042-P1,0,U-0075,0,0,1,0,0,0,None
TXN-MFS-01661,U-0042,1163.59,cash_out,16,Rangpur,DEV-U-0042-P1,0,U-0027,0,0,1,0,0,0,None
TXN-MFS-01662,U-0042,871.6,cash_out,19,Rangpur,DEV-U-0042-P1,0,U-0027,0,0,1,0,0,0,None
TXN-MFS-01663,U-0042,1487.26,merchant_payment,12,Barishal,DEV-U-0042-P1,0,U-0075,0,0,1,0,0,0,None
TXN-MFS-01664,U-0042,842.72,cash_out,18,Rangpur,DEV-U-0042-P1,0,U-0027,0,0,1,0,0,0,None
TXN-MFS-01665,U-0042,1132.98,merchant_payment,13,Rangpur,DEV-U-0042-P1,0,U-0075,0,0,1,0,0,0,None
TXN-MFS-01666,U-0042,1843.06,send_money,17,Rangpur,DEV-U-0042-P1,0,U-0054,0,0,1,0,0,0,None
TXN-MFS-01667,U-0042,1461.18,send_money,14,Rangpur,DEV-U-0042-P1,0,U-0027,0,0,1,0,0,0,None
TXN-MFS-01668,U-0042,1786.65,cash_out,9,Rangpur,DEV-U-0042-P1,0,U-0075,0,0,1,0,0,0,None
TXN-MFS-01669,U-0042,1655.83,send_money,19,Rangpur,DEV-U-0042-P1,0,U-0027,0,0,1,0,0,0,None
TXN-MFS-01670,U-0042,1232.25,send_money,17,Rangpur,DEV-U-0042-P1,0,U-0075,0,0,1,0,0,0,None
TXN-MFS-01671,U-0042,1645.54,send_money,17,Rangpur,DEV-U-0042-P1,0,U-0027,0,0,1,0,0,0,None
TXN-MFS-01672,U-0042,1251.1,merchant_payment,12,Rangpur,DEV-U-0042-P1,0,U-0027,0,0,1,0,0,0,None
TXN-MFS-01673,U-0042,1806.92,cash_out,10,Rangpur,DEV-U-0042-P1,0,U-0054,0,0,1,0,0,0,None
TXN-MFS-01674,U-0042,1227.14,merchant_payment,16,Rangpur,DEV-U-0042-P1,0,U-0054,0,0,1,0,0,0,None
TXN-MFS-01675,U-0042,1407.7,merchant_payment,18,Rangpur,DEV-U-0042-P1,0,U-0075,0,0,1,0,0,0,None
TXN-MFS-01676,U-0042,1212.63,send_money,20,Rangpur,DEV-U-0042-P1,0,U-0054,0,0,1,0,0,0,None
TXN-MFS-01677,U-0042,1595.69,send_money,14,Rangpur,DEV-U-0042-P1,0,U-0075,0,0,1,0,0,0,None
TXN-MFS-01678,U-0042,2107.64,cash_out,9,Rangpur,DEV-U-0042-P1,0,U-0075,0,0,1,0,0,0,None
TXN-MFS-01679,U-0042,17151.25,cash_out,2,Sylhet,DEV-ROGUE-914,1,U-MULE-87,1,1,2,0,1,1,ATO_NOCTURNAL
TXN-MFS-01680,U-0043,6696.7,cash_out,12,Khulna,DEV-U-0043-P1,0,U-0057,0,0,1,0,0,0,None
TXN-MFS-01681,U-0043,5656.21,send_money,9,Khulna,DEV-U-0043-P1,0,U-0087,0,0,1,0,0,0,None
TXN-MFS-01682,U-0043,4276.1,cash_out,9,Khulna,DEV-U-0043-P1,0,U-0057,0,0,1,0,0,0,None
TXN-MFS-01683,U-0043,5251.12,cash_out,17,Khulna,DEV-U-0043-P1,0,U-0087,0,0,1,0,0,0,None
TXN-MFS-01684,U-0043,5028.73,merchant_payment,13,Khulna,DEV-U-0043-P1,0,U-0087,0,0,1,0,0,0,None
TXN-MFS-01685,U-0043,4975.79,send_money,15,Khulna,DEV-U-0043-P1,0,U-0057,0,0,1,0,0,0,None
TXN-MFS-01686,U-0043,4876.8,cash_out,20,Khulna,DEV-U-0043-P1,0,U-0087,0,0,1,0,0,0,None
TXN-MFS-01687,U-0043,5017.55,merchant_payment,20,Khulna,DEV-U-0043-P1,0,U-0057,0,0,1,0,0,0,None
TXN-MFS-01688,U-0043,4377.02,send_money,19,Khulna,DEV-U-0043-P1,0,U-0087,0,0,1,0,0,0,None
TXN-MFS-01689,U-0043,5026.28,send_money,15,Khulna,DEV-U-0043-P1,0,U-0057,0,0,1,0,0,0,None
TXN-MFS-01690,U-0043,3465.81,send_money,17,Khulna,DEV-U-0043-P1,0,U-0087,0,0,1,0,0,0,None
TXN-MFS-01691,U-0043,6311.74,cash_out,16,Mymensingh,DEV-U-0043-P1,0,U-0087,0,0,1,0,0,0,None
TXN-MFS-01692,U-0043,4277.8,send_money,13,Sylhet,DEV-U-0043-P1,0,U-0057,0,0,1,0,0,0,None
TXN-MFS-01693,U-0043,5034.02,merchant_payment,20,Khulna,DEV-U-0043-P1,0,U-0057,0,0,1,0,0,0,None
TXN-MFS-01694,U-0043,2189.75,cash_out,13,Khulna,DEV-U-0043-P1,0,U-0057,0,0,1,0,0,0,None
TXN-MFS-01695,U-0043,4924.23,send_money,11,Khulna,DEV-U-0043-P1,0,U-0057,0,0,1,0,0,0,None
TXN-MFS-01696,U-0043,2799.63,send_money,19,Khulna,DEV-U-0043-P1,0,U-0057,0,0,1,0,0,0,None
TXN-MFS-01697,U-0043,4552.97,send_money,16,Khulna,DEV-U-0043-P1,0,U-0087,0,0,1,0,0,0,None
TXN-MFS-01698,U-0043,5262.53,cash_out,9,Khulna,DEV-U-0043-P1,0,U-0087,0,0,1,0,0,0,None
TXN-MFS-01699,U-0043,3824.11,send_money,13,Khulna,DEV-U-0043-P1,0,U-0057,0,0,1,0,0,0,None
TXN-MFS-01700,U-0043,5572.4,merchant_payment,20,Khulna,DEV-U-0043-P1,0,U-0057,0,0,1,0,0,0,None
TXN-MFS-01701,U-0043,3782.81,send_money,18,Khulna,DEV-U-0043-P1,0,U-0057,0,0,1,0,0,0,None
TXN-MFS-01702,U-0043,4110.28,send_money,16,Khulna,DEV-U-0043-P1,0,U-0087,0,0,1,0,0,0,None
TXN-MFS-01703,U-0043,3803.78,send_money,20,Khulna,DEV-U-0043-P1,0,U-0087,0,0,1,0,0,0,None
TXN-MFS-01704,U-0043,5911.9,cash_out,10,Khulna,DEV-U-0043-P1,0,U-0087,0,0,1,0,0,0,None
TXN-MFS-01705,U-0043,3234.83,send_money,18,Khulna,DEV-U-0043-P1,0,U-0057,0,0,1,0,0,0,None
TXN-MFS-01706,U-0043,4456.51,send_money,9,Khulna,DEV-U-0043-P1,0,U-0057,0,0,1,0,0,0,None
TXN-MFS-01707,U-0043,4261.69,send_money,18,Khulna,DEV-U-0043-P1,0,U-0087,0,0,1,0,0,0,None
TXN-MFS-01708,U-0043,4138.4,send_money,10,Khulna,DEV-U-0043-P1,0,U-0057,0,0,1,0,0,0,None
TXN-MFS-01709,U-0043,4284.13,send_money,16,Khulna,DEV-U-0043-P1,0,U-0087,0,0,1,0,0,0,None
TXN-MFS-01710,U-0043,2000.17,send_money,14,Khulna,DEV-U-0043-P1,0,U-0087,0,0,1,0,0,0,None
TXN-MFS-01711,U-0043,3385.94,send_money,18,Khulna,DEV-U-0043-P1,0,U-0057,0,0,1,0,0,0,None
TXN-MFS-01712,U-0043,3506.38,send_money,13,Khulna,DEV-U-0043-P1,0,U-0087,0,0,1,0,0,0,None
TXN-MFS-01713,U-0043,4689.92,merchant_payment,14,Khulna,DEV-U-0043-P1,0,U-0057,0,0,1,0,0,0,None
TXN-MFS-01714,U-0043,4319.41,send_money,14,Khulna,DEV-U-0043-P1,0,U-0057,0,0,1,0,0,0,None
TXN-MFS-01715,U-0043,4911.3,send_money,19,Khulna,DEV-U-0043-P1,0,U-0087,0,0,1,0,0,0,None
TXN-MFS-01716,U-0043,4880.54,cash_out,12,Khulna,DEV-U-0043-P1,0,U-0087,0,0,1,0,0,0,None
TXN-MFS-01717,U-0043,3964.17,send_money,18,Khulna,DEV-U-0043-P1,0,U-0057,0,0,1,0,0,0,None
TXN-MFS-01718,U-0043,4245.63,cash_out,19,Khulna,DEV-U-0043-P1,0,U-0057,0,0,1,0,0,0,None
TXN-MFS-01719,U-0043,45377.44,send_money,18,Dhaka,DEV-ROGUE-932,1,U-8831,1,4,8,0,0,1,MULE_CLUSTER_17
TXN-MFS-01720,U-0044,1442.81,merchant_payment,17,Cumilla,DEV-U-0044-P1,0,U-0010,0,0,1,0,0,0,None
TXN-MFS-01721,U-0044,1829.47,send_money,12,Cumilla,DEV-U-0044-P1,0,U-0005,0,0,1,0,0,0,None
TXN-MFS-01722,U-0044,2026.05,merchant_payment,17,Cumilla,DEV-U-0044-P1,0,U-0005,0,0,1,0,0,0,None
TXN-MFS-01723,U-0044,1961.0,send_money,16,Cumilla,DEV-U-0044-P1,0,U-0005,0,0,1,0,0,0,None
TXN-MFS-01724,U-0044,1314.67,send_money,16,Cumilla,DEV-U-0044-P1,0,U-0053,0,0,1,0,0,0,None
TXN-MFS-01725,U-0044,1183.15,cash_out,19,Cumilla,DEV-U-0044-P1,0,U-0010,0,0,1,0,0,0,None
TXN-MFS-01726,U-0044,1954.29,merchant_payment,18,Cumilla,DEV-U-0044-P1,0,U-0005,0,0,1,0,0,0,None
TXN-MFS-01727,U-0044,2015.6,send_money,14,Cumilla,DEV-U-0044-P1,0,U-0010,0,0,1,0,0,0,None
TXN-MFS-01728,U-0044,1243.43,send_money,12,Cumilla,DEV-U-0044-P1,0,U-0005,0,0,1,0,0,0,None
TXN-MFS-01729,U-0044,1025.61,send_money,10,Cumilla,DEV-U-0044-P1,0,U-0005,0,0,1,0,0,0,None
TXN-MFS-01730,U-0044,1326.22,cash_out,14,Cumilla,DEV-U-0044-P1,0,U-0053,0,0,1,0,0,0,None
TXN-MFS-01731,U-0044,1657.78,send_money,20,Cumilla,DEV-U-0044-P1,0,U-0005,0,0,1,0,0,0,None
TXN-MFS-01732,U-0044,2026.38,send_money,14,Cumilla,DEV-U-0044-P1,0,U-0053,0,0,1,0,0,0,None
TXN-MFS-01733,U-0044,888.02,merchant_payment,15,Cumilla,DEV-U-0044-P1,0,U-0053,0,0,1,0,0,0,None
TXN-MFS-01734,U-0044,1116.17,send_money,9,Cumilla,DEV-U-0044-P1,0,U-0053,0,0,1,0,0,0,None
TXN-MFS-01735,U-0044,1142.79,send_money,11,Cumilla,DEV-U-0044-P1,0,U-0005,0,0,1,0,0,0,None
TXN-MFS-01736,U-0044,2282.7,send_money,15,Cumilla,DEV-U-0044-P1,0,U-0010,0,0,1,0,0,0,None
TXN-MFS-01737,U-0044,1782.9,send_money,9,Cumilla,DEV-U-0044-P1,0,U-0005,0,0,1,0,0,0,None
TXN-MFS-01738,U-0044,1581.87,merchant_payment,11,Cumilla,DEV-U-0044-P1,0,U-0053,0,0,1,0,0,0,None
TXN-MFS-01739,U-0044,1298.3,merchant_payment,17,Cumilla,DEV-U-0044-P1,0,U-0010,0,0,1,0,0,0,None
TXN-MFS-01740,U-0044,1448.94,merchant_payment,18,Cumilla,DEV-U-0044-P1,0,U-0053,0,0,1,0,0,0,None
TXN-MFS-01741,U-0044,1948.25,merchant_payment,18,Cumilla,DEV-U-0044-P1,0,U-0010,0,0,1,0,0,0,None
TXN-MFS-01742,U-0044,1276.56,merchant_payment,16,Cumilla,DEV-U-0044-P1,0,U-0053,0,0,1,0,0,0,None
TXN-MFS-01743,U-0044,1116.84,cash_out,17,Cumilla,DEV-U-0044-P1,0,U-0053,0,0,1,0,0,0,None
TXN-MFS-01744,U-0044,2564.86,merchant_payment,13,Cumilla,DEV-U-0044-P1,0,U-0005,0,0,1,0,0,0,None
TXN-MFS-01745,U-0044,1340.85,merchant_payment,20,Cumilla,DEV-U-0044-P1,0,U-0010,0,0,1,0,0,0,None
TXN-MFS-01746,U-0044,698.86,cash_out,15,Cumilla,DEV-U-0044-P1,0,U-0005,0,0,1,0,0,0,None
TXN-MFS-01747,U-0044,1934.01,send_money,20,Cumilla,DEV-U-0044-P1,0,U-0010,0,0,1,0,0,0,None
TXN-MFS-01748,U-0044,1263.23,send_money,10,Cumilla,DEV-U-0044-P1,0,U-0005,0,0,1,0,0,0,None
TXN-MFS-01749,U-0044,1510.69,send_money,18,Cumilla,DEV-U-0044-P1,0,U-0005,0,0,1,0,0,0,None
TXN-MFS-01750,U-0044,2113.66,send_money,10,Cumilla,DEV-U-0044-P1,0,U-0005,0,0,1,0,0,0,None
TXN-MFS-01751,U-0044,1572.56,send_money,14,Cumilla,DEV-U-0044-P1,0,U-0053,0,0,1,0,0,0,None
TXN-MFS-01752,U-0044,1411.24,send_money,14,Cumilla,DEV-U-0044-P1,0,U-0010,0,0,1,0,0,0,None
TXN-MFS-01753,U-0044,1909.83,merchant_payment,10,Cumilla,DEV-U-0044-P1,0,U-0005,0,0,1,0,0,0,None
TXN-MFS-01754,U-0044,1397.12,merchant_payment,19,Cumilla,DEV-U-0044-P1,0,U-0053,0,0,1,0,0,0,None
TXN-MFS-01755,U-0044,1516.67,cash_out,16,Mymensingh,DEV-U-0044-P1,0,U-0010,0,0,1,0,0,0,None
TXN-MFS-01756,U-0044,1768.62,send_money,13,Cumilla,DEV-U-0044-P1,0,U-0005,0,0,1,0,0,0,None
TXN-MFS-01757,U-0044,1124.99,send_money,15,Cumilla,DEV-U-0044-P1,0,U-0010,0,0,1,0,0,0,None
TXN-MFS-01758,U-0044,1785.27,send_money,14,Cumilla,DEV-U-0044-P1,0,U-0053,0,0,1,0,0,0,None
TXN-MFS-01759,U-0044,24157.02,cash_out,12,Cumilla,DEV-U-0044-P1,0,U-STRUCT-72,1,6,10,0,0,1,VELOCITY_BURST
TXN-MFS-01760,U-0045,1429.42,send_money,14,Kushtia,DEV-U-0045-S2,1,U-0073,0,0,1,0,0,0,None
TXN-MFS-01761,U-0045,834.63,merchant_payment,18,Kushtia,DEV-U-0045-P1,0,U-0002,0,0,1,0,0,0,None
TXN-MFS-01762,U-0045,1078.69,merchant_payment,10,Kushtia,DEV-U-0045-P1,0,U-0002,0,0,1,0,0,0,None
TXN-MFS-01763,U-0045,549.13,cash_out,14,Kushtia,DEV-U-0045-P1,0,U-0073,0,0,1,0,0,0,None
TXN-MFS-01764,U-0045,996.53,merchant_payment,13,Kushtia,DEV-U-0045-P1,0,U-0053,0,0,1,0,0,0,None
TXN-MFS-01765,U-0045,1179.45,cash_out,18,Kushtia,DEV-U-0045-P1,0,U-0053,0,0,1,0,0,0,None
TXN-MFS-01766,U-0045,1070.08,cash_out,9,Kushtia,DEV-U-0045-P1,0,U-0073,0,0,1,0,0,0,None
TXN-MFS-01767,U-0045,2413.43,merchant_payment,16,Kushtia,DEV-U-0045-P1,0,U-0073,0,0,1,0,0,0,None
TXN-MFS-01768,U-0045,1459.82,send_money,9,Kushtia,DEV-U-0045-P1,0,U-0073,0,0,1,0,0,0,None
TXN-MFS-01769,U-0045,1542.47,merchant_payment,14,Kushtia,DEV-U-0045-P1,0,U-0053,0,0,1,0,0,0,None
TXN-MFS-01770,U-0045,1740.69,merchant_payment,12,Kushtia,DEV-U-0045-P1,0,U-0002,0,0,1,0,0,0,None
TXN-MFS-01771,U-0045,858.07,send_money,15,Kushtia,DEV-U-0045-P1,0,U-0002,0,0,1,0,0,0,None
TXN-MFS-01772,U-0045,1838.93,send_money,14,Kushtia,DEV-U-0045-P1,0,U-0053,0,0,1,0,0,0,None
TXN-MFS-01773,U-0045,2271.41,merchant_payment,12,Kushtia,DEV-U-0045-P1,0,U-0073,0,0,1,0,0,0,None
TXN-MFS-01774,U-0045,1922.89,merchant_payment,11,Kushtia,DEV-U-0045-P1,0,U-0073,0,0,1,0,0,0,None
TXN-MFS-01775,U-0045,1257.66,merchant_payment,15,Kushtia,DEV-U-0045-P1,0,U-0002,0,0,1,0,0,0,None
TXN-MFS-01776,U-0045,1564.9,merchant_payment,20,Kushtia,DEV-U-0045-P1,0,U-0002,0,0,1,0,0,0,None
TXN-MFS-01777,U-0045,1660.71,cash_out,15,Kushtia,DEV-U-0045-P1,0,U-0053,0,0,1,0,0,0,None
TXN-MFS-01778,U-0045,1282.2,send_money,13,Kushtia,DEV-U-0045-P1,0,U-0073,0,0,1,0,0,0,None
TXN-MFS-01779,U-0045,1445.3,merchant_payment,19,Kushtia,DEV-U-0045-P1,0,U-0073,0,0,1,0,0,0,None
TXN-MFS-01780,U-0045,1231.35,cash_out,18,Kushtia,DEV-U-0045-P1,0,U-0053,0,0,1,0,0,0,None
TXN-MFS-01781,U-0045,651.3,send_money,17,Kushtia,DEV-U-0045-P1,0,U-0002,0,0,1,0,0,0,None
TXN-MFS-01782,U-0045,1122.57,cash_out,17,Kushtia,DEV-U-0045-P1,0,U-0002,0,0,1,0,0,0,None
TXN-MFS-01783,U-0045,1363.13,send_money,14,Kushtia,DEV-U-0045-S2,1,U-0053,0,0,1,0,0,0,None
TXN-MFS-01784,U-0045,1187.84,merchant_payment,17,Kushtia,DEV-U-0045-P1,0,U-0073,0,0,1,0,0,0,None
TXN-MFS-01785,U-0045,1256.77,merchant_payment,13,Kushtia,DEV-U-0045-P1,0,U-0002,0,0,1,0,0,0,None
TXN-MFS-01786,U-0045,1431.97,merchant_payment,20,Kushtia,DEV-U-0045-P1,0,U-0073,0,0,1,0,0,0,None
TXN-MFS-01787,U-0045,1701.35,cash_out,17,Kushtia,DEV-U-0045-P1,0,U-0002,0,0,1,0,0,0,None
TXN-MFS-01788,U-0045,1913.06,send_money,15,Kushtia,DEV-U-0045-P1,0,U-0002,0,0,1,0,0,0,None
TXN-MFS-01789,U-0045,1389.28,cash_out,19,Kushtia,DEV-U-0045-P1,0,U-0073,0,0,1,0,0,0,None
TXN-MFS-01790,U-0045,1281.21,cash_out,15,Kushtia,DEV-U-0045-P1,0,U-0002,0,0,1,0,0,0,None
TXN-MFS-01791,U-0045,1648.8,merchant_payment,17,Kushtia,DEV-U-0045-P1,0,U-0053,0,0,1,0,0,0,None
TXN-MFS-01792,U-0045,1306.27,merchant_payment,19,Kushtia,DEV-U-0045-P1,0,U-0053,0,0,1,0,0,0,None
TXN-MFS-01793,U-0045,2042.84,send_money,15,Kushtia,DEV-U-0045-P1,0,U-0053,0,0,1,0,0,0,None
TXN-MFS-01794,U-0045,2020.54,send_money,14,Kushtia,DEV-U-0045-P1,0,U-0073,0,0,1,0,0,0,None
TXN-MFS-01795,U-0045,1113.19,send_money,14,Kushtia,DEV-U-0045-P1,0,U-0053,0,0,1,0,0,0,None
TXN-MFS-01796,U-0045,2048.09,send_money,20,Kushtia,DEV-U-0045-P1,0,U-0053,0,0,1,0,0,0,None
TXN-MFS-01797,U-0045,1807.31,cash_out,12,Kushtia,DEV-U-0045-P1,0,U-0002,0,0,1,0,0,0,None
TXN-MFS-01798,U-0045,1431.66,cash_out,19,Kushtia,DEV-U-0045-P1,0,U-0002,0,0,1,0,0,0,None
TXN-MFS-01799,U-0045,24781.64,cash_out,17,Kushtia,DEV-U-0045-P1,0,U-STRUCT-60,1,6,10,0,0,1,VELOCITY_BURST
TXN-MFS-01800,U-0046,1131.54,send_money,14,Kushtia,DEV-U-0046-P1,0,U-0016,0,0,1,0,0,0,None
TXN-MFS-01801,U-0046,1376.9,merchant_payment,17,Kushtia,DEV-U-0046-P1,0,U-0076,0,0,1,0,0,0,None
TXN-MFS-01802,U-0046,1429.28,send_money,13,Kushtia,DEV-U-0046-P1,0,U-0016,0,0,1,0,0,0,None
TXN-MFS-01803,U-0046,1841.7,merchant_payment,19,Kushtia,DEV-U-0046-P1,0,U-0016,0,0,1,0,0,0,None
TXN-MFS-01804,U-0046,975.41,send_money,16,Kushtia,DEV-U-0046-P1,0,U-0076,0,0,1,0,0,0,None
TXN-MFS-01805,U-0046,1295.89,send_money,10,Kushtia,DEV-U-0046-P1,0,U-0076,0,0,1,0,0,0,None
TXN-MFS-01806,U-0046,1213.32,send_money,20,Kushtia,DEV-U-0046-P1,0,U-0076,0,0,1,0,0,0,None
TXN-MFS-01807,U-0046,1633.21,cash_out,17,Kushtia,DEV-U-0046-P1,0,U-0049,0,0,1,0,0,0,None
TXN-MFS-01808,U-0046,2288.91,merchant_payment,19,Kushtia,DEV-U-0046-P1,0,U-0076,0,0,1,0,0,0,None
TXN-MFS-01809,U-0046,1363.29,merchant_payment,20,Kushtia,DEV-U-0046-P1,0,U-0076,0,0,1,0,0,0,None
TXN-MFS-01810,U-0046,869.96,send_money,17,Kushtia,DEV-U-0046-P1,0,U-0016,0,0,1,0,0,0,None
TXN-MFS-01811,U-0046,1276.15,send_money,14,Kushtia,DEV-U-0046-P1,0,U-0016,0,0,1,0,0,0,None
TXN-MFS-01812,U-0046,1601.87,merchant_payment,14,Kushtia,DEV-U-0046-P1,0,U-0016,0,0,1,0,0,0,None
TXN-MFS-01813,U-0046,1758.45,cash_out,18,Kushtia,DEV-U-0046-P1,0,U-0016,0,0,1,0,0,0,None
TXN-MFS-01814,U-0046,1942.38,cash_out,13,Kushtia,DEV-U-0046-P1,0,U-0016,0,0,1,0,0,0,None
TXN-MFS-01815,U-0046,1447.53,send_money,17,Kushtia,DEV-U-0046-P1,0,U-0076,0,0,1,0,0,0,None
TXN-MFS-01816,U-0046,1148.96,merchant_payment,14,Kushtia,DEV-U-0046-P1,0,U-0076,0,0,1,0,0,0,None
TXN-MFS-01817,U-0046,2298.0,send_money,12,Kushtia,DEV-U-0046-P1,0,U-0049,0,0,1,0,0,0,None
TXN-MFS-01818,U-0046,1391.74,send_money,13,Kushtia,DEV-U-0046-P1,0,U-0049,0,0,1,0,0,0,None
TXN-MFS-01819,U-0046,1805.71,send_money,20,Kushtia,DEV-U-0046-P1,0,U-0016,0,0,1,0,0,0,None
TXN-MFS-01820,U-0046,1546.33,send_money,16,Kushtia,DEV-U-0046-P1,0,U-0016,0,0,1,0,0,0,None
TXN-MFS-01821,U-0046,1669.0,send_money,17,Kushtia,DEV-U-0046-P1,0,U-0076,0,0,1,0,0,0,None
TXN-MFS-01822,U-0046,1857.16,cash_out,16,Kushtia,DEV-U-0046-P1,0,U-0049,0,0,1,0,0,0,None
TXN-MFS-01823,U-0046,1781.87,send_money,19,Kushtia,DEV-U-0046-P1,0,U-0016,0,0,1,0,0,0,None
TXN-MFS-01824,U-0046,1359.78,send_money,10,Kushtia,DEV-U-0046-P1,0,U-0049,0,0,1,0,0,0,None
TXN-MFS-01825,U-0046,1507.86,send_money,11,Kushtia,DEV-U-0046-P1,0,U-0076,0,0,1,0,0,0,None
TXN-MFS-01826,U-0046,601.45,send_money,20,Kushtia,DEV-U-0046-P1,0,U-0049,0,0,1,0,0,0,None
TXN-MFS-01827,U-0046,1731.92,send_money,15,Kushtia,DEV-U-0046-P1,0,U-0049,0,0,1,0,0,0,None
TXN-MFS-01828,U-0046,1301.22,send_money,19,Kushtia,DEV-U-0046-P1,0,U-0076,0,0,1,0,0,0,None
TXN-MFS-01829,U-0046,1711.85,merchant_payment,14,Kushtia,DEV-U-0046-P1,0,U-0016,0,0,1,0,0,0,None
TXN-MFS-01830,U-0046,1403.38,send_money,18,Kushtia,DEV-U-0046-P1,0,U-0076,0,0,1,0,0,0,None
TXN-MFS-01831,U-0046,1776.49,send_money,17,Bogura,DEV-U-0046-P1,0,U-0076,0,0,1,0,0,0,None
TXN-MFS-01832,U-0046,1334.89,send_money,11,Kushtia,DEV-U-0046-S2,1,U-0016,0,0,1,0,0,0,None
TXN-MFS-01833,U-0046,1267.17,send_money,16,Kushtia,DEV-U-0046-P1,0,U-0049,0,0,1,0,0,0,None
TXN-MFS-01834,U-0046,1081.69,send_money,15,Kushtia,DEV-U-0046-P1,0,U-0049,0,0,1,0,0,0,None
TXN-MFS-01835,U-0046,1887.11,merchant_payment,13,Rajshahi,DEV-U-0046-P1,0,U-0076,0,0,1,0,0,0,None
TXN-MFS-01836,U-0046,1111.06,merchant_payment,11,Kushtia,DEV-U-0046-P1,0,U-0016,0,0,1,0,0,0,None
TXN-MFS-01837,U-0046,2226.45,send_money,20,Kushtia,DEV-U-0046-P1,0,U-0049,0,0,1,0,0,0,None
TXN-MFS-01838,U-0046,1433.87,merchant_payment,16,Kushtia,DEV-U-0046-P1,0,U-0076,0,0,1,0,0,0,None
TXN-MFS-01839,U-0046,625.25,send_money,14,Kushtia,DEV-U-0046-P1,0,U-0076,0,0,1,0,0,0,None
TXN-MFS-01840,U-0047,1895.64,merchant_payment,13,Kushtia,DEV-U-0047-S2,1,U-0075,0,0,1,0,0,0,None
TXN-MFS-01841,U-0047,1272.23,merchant_payment,17,Kushtia,DEV-U-0047-P1,0,U-0075,0,0,1,0,0,0,None
TXN-MFS-01842,U-0047,1047.84,send_money,18,Kushtia,DEV-U-0047-P1,0,U-0075,0,0,1,0,0,0,None
TXN-MFS-01843,U-0047,1766.06,send_money,15,Kushtia,DEV-U-0047-P1,0,U-0075,0,0,1,0,0,0,None
TXN-MFS-01844,U-0047,1200.83,send_money,13,Kushtia,DEV-U-0047-P1,0,U-0077,0,0,1,0,0,0,None
TXN-MFS-01845,U-0047,1043.91,merchant_payment,19,Kushtia,DEV-U-0047-P1,0,U-0041,0,0,1,0,0,0,None
TXN-MFS-01846,U-0047,2036.09,send_money,9,Kushtia,DEV-U-0047-P1,0,U-0075,0,0,1,0,0,0,None
TXN-MFS-01847,U-0047,1483.47,send_money,19,Kushtia,DEV-U-0047-P1,0,U-0077,0,0,1,0,0,0,None
TXN-MFS-01848,U-0047,1635.27,merchant_payment,14,Kushtia,DEV-U-0047-P1,0,U-0077,0,0,1,0,0,0,None
TXN-MFS-01849,U-0047,1657.4,send_money,12,Kushtia,DEV-U-0047-P1,0,U-0041,0,0,1,0,0,0,None
TXN-MFS-01850,U-0047,1810.04,cash_out,17,Kushtia,DEV-U-0047-P1,0,U-0041,0,0,1,0,0,0,None
TXN-MFS-01851,U-0047,1756.6,send_money,15,Kushtia,DEV-U-0047-P1,0,U-0077,0,0,1,0,0,0,None
TXN-MFS-01852,U-0047,1758.31,merchant_payment,20,Kushtia,DEV-U-0047-P1,0,U-0075,0,0,1,0,0,0,None
TXN-MFS-01853,U-0047,1552.35,send_money,12,Kushtia,DEV-U-0047-P1,0,U-0075,0,0,1,0,0,0,None
TXN-MFS-01854,U-0047,1631.45,cash_out,17,Barishal,DEV-U-0047-P1,0,U-0041,0,0,1,0,0,0,None
TXN-MFS-01855,U-0047,1894.87,send_money,10,Kushtia,DEV-U-0047-P1,0,U-0075,0,0,1,0,0,0,None
TXN-MFS-01856,U-0047,1434.02,send_money,14,Kushtia,DEV-U-0047-P1,0,U-0077,0,0,1,0,0,0,None
TXN-MFS-01857,U-0047,1979.54,merchant_payment,20,Kushtia,DEV-U-0047-P1,0,U-0075,0,0,1,0,0,0,None
TXN-MFS-01858,U-0047,1714.54,send_money,11,Kushtia,DEV-U-0047-P1,0,U-0075,0,0,1,0,0,0,None
TXN-MFS-01859,U-0047,1503.78,send_money,14,Kushtia,DEV-U-0047-P1,0,U-0075,0,0,1,0,0,0,None
TXN-MFS-01860,U-0047,1227.97,merchant_payment,20,Rangpur,DEV-U-0047-P1,0,U-0075,0,0,1,0,0,0,None
TXN-MFS-01861,U-0047,1149.86,send_money,9,Kushtia,DEV-U-0047-P1,0,U-0041,0,0,1,0,0,0,None
TXN-MFS-01862,U-0047,1169.45,send_money,18,Kushtia,DEV-U-0047-P1,0,U-0075,0,0,1,0,0,0,None
TXN-MFS-01863,U-0047,827.55,merchant_payment,13,Kushtia,DEV-U-0047-P1,0,U-0041,0,0,1,0,0,0,None
TXN-MFS-01864,U-0047,2064.3,send_money,9,Kushtia,DEV-U-0047-P1,0,U-0077,0,0,1,0,0,0,None
TXN-MFS-01865,U-0047,1865.08,cash_out,18,Kushtia,DEV-U-0047-P1,0,U-0075,0,0,1,0,0,0,None
TXN-MFS-01866,U-0047,1319.09,send_money,13,Kushtia,DEV-U-0047-P1,0,U-0075,0,0,1,0,0,0,None
TXN-MFS-01867,U-0047,1620.17,send_money,11,Kushtia,DEV-U-0047-P1,0,U-0041,0,0,1,0,0,0,None
TXN-MFS-01868,U-0047,1216.68,cash_out,16,Kushtia,DEV-U-0047-P1,0,U-0075,0,0,1,0,0,0,None
TXN-MFS-01869,U-0047,1237.25,merchant_payment,18,Kushtia,DEV-U-0047-P1,0,U-0075,0,0,1,0,0,0,None
TXN-MFS-01870,U-0047,1252.92,send_money,12,Kushtia,DEV-U-0047-P1,0,U-0077,0,0,1,0,0,0,None
TXN-MFS-01871,U-0047,1607.58,send_money,16,Kushtia,DEV-U-0047-P1,0,U-0075,0,0,1,0,0,0,None
TXN-MFS-01872,U-0047,1242.47,merchant_payment,14,Kushtia,DEV-U-0047-S2,1,U-0077,0,0,1,0,0,0,None
TXN-MFS-01873,U-0047,1293.95,send_money,19,Kushtia,DEV-U-0047-P1,0,U-0077,0,0,1,0,0,0,None
TXN-MFS-01874,U-0047,1215.65,send_money,16,Kushtia,DEV-U-0047-P1,0,U-0075,0,0,1,0,0,0,None
TXN-MFS-01875,U-0047,1591.37,send_money,19,Kushtia,DEV-U-0047-P1,0,U-0041,0,0,1,0,0,0,None
TXN-MFS-01876,U-0047,1422.5,merchant_payment,16,Kushtia,DEV-U-0047-P1,0,U-0077,0,0,1,0,0,0,None
TXN-MFS-01877,U-0047,1233.47,send_money,17,Kushtia,DEV-U-0047-P1,0,U-0041,0,0,1,0,0,0,None
TXN-MFS-01878,U-0047,1611.94,send_money,13,Kushtia,DEV-U-0047-P1,0,U-0075,0,0,1,0,0,0,None
TXN-MFS-01879,U-0047,1652.33,merchant_payment,18,Dhaka,DEV-U-0047-P1,0,U-0075,0,0,1,0,0,0,None
TXN-MFS-01880,U-0048,3841.56,send_money,15,Sylhet,DEV-U-0048-P1,0,U-0068,0,0,1,0,0,0,None
TXN-MFS-01881,U-0048,2611.28,cash_out,11,Sylhet,DEV-U-0048-P1,0,U-0068,0,0,1,0,0,0,None
TXN-MFS-01882,U-0048,3851.93,merchant_payment,20,Sylhet,DEV-U-0048-P1,0,U-0081,0,0,1,0,0,0,None
TXN-MFS-01883,U-0048,3408.01,send_money,20,Sylhet,DEV-U-0048-P1,0,U-0024,0,0,1,0,0,0,None
TXN-MFS-01884,U-0048,2590.57,merchant_payment,14,Sylhet,DEV-U-0048-P1,0,U-0068,0,0,1,0,0,0,None
TXN-MFS-01885,U-0048,3578.71,send_money,19,Sylhet,DEV-U-0048-P1,0,U-0024,0,0,1,0,0,0,None
TXN-MFS-01886,U-0048,5093.58,send_money,20,Sylhet,DEV-U-0048-P1,0,U-0024,0,0,1,0,0,0,None
TXN-MFS-01887,U-0048,4323.19,merchant_payment,10,Sylhet,DEV-U-0048-P1,0,U-0081,0,0,1,0,0,0,None
TXN-MFS-01888,U-0048,4059.86,send_money,13,Sylhet,DEV-U-0048-P1,0,U-0024,0,0,1,0,0,0,None
TXN-MFS-01889,U-0048,5249.61,send_money,17,Sylhet,DEV-U-0048-P1,0,U-0081,0,0,1,0,0,0,None
TXN-MFS-01890,U-0048,4546.69,merchant_payment,17,Sylhet,DEV-U-0048-P1,0,U-0068,0,0,1,0,0,0,None
TXN-MFS-01891,U-0048,3198.86,cash_out,17,Sylhet,DEV-U-0048-P1,0,U-0068,0,0,1,0,0,0,None
TXN-MFS-01892,U-0048,2447.78,send_money,20,Sylhet,DEV-U-0048-P1,0,U-0024,0,0,1,0,0,0,None
TXN-MFS-01893,U-0048,4005.1,cash_out,16,Sylhet,DEV-U-0048-S2,1,U-0068,0,0,1,0,0,0,None
TXN-MFS-01894,U-0048,4407.48,send_money,12,Sylhet,DEV-U-0048-P1,0,U-0081,0,0,1,0,0,0,None
TXN-MFS-01895,U-0048,2910.68,send_money,18,Sylhet,DEV-U-0048-P1,0,U-0081,0,0,1,0,0,0,None
TXN-MFS-01896,U-0048,3161.11,send_money,10,Sylhet,DEV-U-0048-P1,0,U-0024,0,0,1,0,0,0,None
TXN-MFS-01897,U-0048,2775.86,send_money,18,Sylhet,DEV-U-0048-P1,0,U-0068,0,0,1,0,0,0,None
TXN-MFS-01898,U-0048,1692.52,send_money,11,Sylhet,DEV-U-0048-P1,0,U-0024,0,0,1,0,0,0,None
TXN-MFS-01899,U-0048,3200.19,send_money,19,Sylhet,DEV-U-0048-P1,0,U-0068,0,0,1,0,0,0,None
TXN-MFS-01900,U-0048,4014.89,cash_out,14,Sylhet,DEV-U-0048-S2,1,U-0081,0,0,1,0,0,0,None
TXN-MFS-01901,U-0048,2545.83,send_money,15,Sylhet,DEV-U-0048-P1,0,U-0024,0,0,1,0,0,0,None
TXN-MFS-01902,U-0048,3570.39,send_money,18,Sylhet,DEV-U-0048-P1,0,U-0081,0,0,1,0,0,0,None
TXN-MFS-01903,U-0048,3745.7,send_money,11,Sylhet,DEV-U-0048-P1,0,U-0024,0,0,1,0,0,0,None
TXN-MFS-01904,U-0048,3592.71,send_money,13,Sylhet,DEV-U-0048-P1,0,U-0068,0,0,1,0,0,0,None
TXN-MFS-01905,U-0048,3787.59,send_money,16,Sylhet,DEV-U-0048-P1,0,U-0081,0,0,1,0,0,0,None
TXN-MFS-01906,U-0048,3630.75,send_money,13,Sylhet,DEV-U-0048-P1,0,U-0068,0,0,1,0,0,0,None
TXN-MFS-01907,U-0048,3430.97,send_money,15,Sylhet,DEV-U-0048-P1,0,U-0081,0,0,1,0,0,0,None
TXN-MFS-01908,U-0048,4022.16,merchant_payment,17,Sylhet,DEV-U-0048-P1,0,U-0081,0,0,1,0,0,0,None
TXN-MFS-01909,U-0048,3082.63,send_money,18,Sylhet,DEV-U-0048-P1,0,U-0081,0,0,1,0,0,0,None
TXN-MFS-01910,U-0048,3442.5,cash_out,11,Sylhet,DEV-U-0048-P1,0,U-0081,0,0,1,0,0,0,None
TXN-MFS-01911,U-0048,2466.85,merchant_payment,12,Sylhet,DEV-U-0048-P1,0,U-0068,0,0,1,0,0,0,None
TXN-MFS-01912,U-0048,2895.94,merchant_payment,9,Sylhet,DEV-U-0048-P1,0,U-0081,0,0,1,0,0,0,None
TXN-MFS-01913,U-0048,2219.94,send_money,11,Sylhet,DEV-U-0048-P1,0,U-0068,0,0,1,0,0,0,None
TXN-MFS-01914,U-0048,3013.3,cash_out,16,Sylhet,DEV-U-0048-P1,0,U-0081,0,0,1,0,0,0,None
TXN-MFS-01915,U-0048,3524.27,send_money,13,Sylhet,DEV-U-0048-P1,0,U-0068,0,0,1,0,0,0,None
TXN-MFS-01916,U-0048,3364.9,send_money,18,Sylhet,DEV-U-0048-P1,0,U-0024,0,0,1,0,0,0,None
TXN-MFS-01917,U-0048,2793.3,merchant_payment,15,Sylhet,DEV-U-0048-P1,0,U-0068,0,0,1,0,0,0,None
TXN-MFS-01918,U-0048,3626.56,send_money,9,Sylhet,DEV-U-0048-P1,0,U-0024,0,0,1,0,0,0,None
TXN-MFS-01919,U-0048,45116.3,send_money,4,Dhaka,DEV-ROGUE-181,1,U-8831,1,4,8,0,0,1,MULE_CLUSTER_17
TXN-MFS-01920,U-0049,1806.06,merchant_payment,16,Jessore,DEV-U-0049-P1,0,U-0005,0,0,1,0,0,0,None
TXN-MFS-01921,U-0049,1237.09,send_money,18,Jessore,DEV-U-0049-P1,0,U-0005,0,0,1,0,0,0,None
TXN-MFS-01922,U-0049,594.91,cash_out,10,Jessore,DEV-U-0049-P1,0,U-0005,0,0,1,0,0,0,None
TXN-MFS-01923,U-0049,1084.89,cash_out,9,Jessore,DEV-U-0049-P1,0,U-0005,0,0,1,0,0,0,None
TXN-MFS-01924,U-0049,1503.72,send_money,14,Jessore,DEV-U-0049-P1,0,U-0005,0,0,1,0,0,0,None
TXN-MFS-01925,U-0049,1162.9,send_money,15,Jessore,DEV-U-0049-P1,0,U-0028,0,0,1,0,0,0,None
TXN-MFS-01926,U-0049,1805.36,cash_out,20,Jessore,DEV-U-0049-P1,0,U-0028,0,0,1,0,0,0,None
TXN-MFS-01927,U-0049,1934.2,send_money,14,Jessore,DEV-U-0049-S2,1,U-0005,0,0,1,0,0,0,None
TXN-MFS-01928,U-0049,1945.55,send_money,17,Jessore,DEV-U-0049-P1,0,U-0028,0,0,1,0,0,0,None
TXN-MFS-01929,U-0049,1313.31,cash_out,15,Jessore,DEV-U-0049-P1,0,U-0028,0,0,1,0,0,0,None
TXN-MFS-01930,U-0049,1990.67,send_money,10,Jessore,DEV-U-0049-P1,0,U-0028,0,0,1,0,0,0,None
TXN-MFS-01931,U-0049,517.63,cash_out,20,Jessore,DEV-U-0049-P1,0,U-0005,0,0,1,0,0,0,None
TXN-MFS-01932,U-0049,1517.52,send_money,10,Bogura,DEV-U-0049-P1,0,U-0005,0,0,1,0,0,0,None
TXN-MFS-01933,U-0049,904.68,send_money,10,Jessore,DEV-U-0049-P1,0,U-0028,0,0,1,0,0,0,None
TXN-MFS-01934,U-0049,2144.73,merchant_payment,12,Jessore,DEV-U-0049-P1,0,U-0005,0,0,1,0,0,0,None
TXN-MFS-01935,U-0049,1868.48,send_money,16,Jessore,DEV-U-0049-P1,0,U-0005,0,0,1,0,0,0,None
TXN-MFS-01936,U-0049,1664.02,send_money,20,Jessore,DEV-U-0049-P1,0,U-0005,0,0,1,0,0,0,None
TXN-MFS-01937,U-0049,2102.89,send_money,9,Jessore,DEV-U-0049-P1,0,U-0028,0,0,1,0,0,0,None
TXN-MFS-01938,U-0049,2178.08,send_money,15,Jessore,DEV-U-0049-P1,0,U-0028,0,0,1,0,0,0,None
TXN-MFS-01939,U-0049,1598.34,send_money,15,Jessore,DEV-U-0049-P1,0,U-0005,0,0,1,0,0,0,None
TXN-MFS-01940,U-0049,1125.79,cash_out,20,Jessore,DEV-U-0049-P1,0,U-0005,0,0,1,0,0,0,None
TXN-MFS-01941,U-0049,1116.98,send_money,10,Jessore,DEV-U-0049-P1,0,U-0005,0,0,1,0,0,0,None
TXN-MFS-01942,U-0049,1144.28,send_money,17,Jessore,DEV-U-0049-P1,0,U-0028,0,0,1,0,0,0,None
TXN-MFS-01943,U-0049,2010.36,merchant_payment,12,Jessore,DEV-U-0049-S2,1,U-0005,0,0,1,0,0,0,None
TXN-MFS-01944,U-0049,1519.87,merchant_payment,13,Jessore,DEV-U-0049-P1,0,U-0005,0,0,1,0,0,0,None
TXN-MFS-01945,U-0049,1276.4,send_money,18,Jessore,DEV-U-0049-P1,0,U-0028,0,0,1,0,0,0,None
TXN-MFS-01946,U-0049,1584.31,cash_out,11,Jessore,DEV-U-0049-P1,0,U-0028,0,0,1,0,0,0,None
TXN-MFS-01947,U-0049,1413.89,send_money,19,Jessore,DEV-U-0049-P1,0,U-0005,0,0,1,0,0,0,None
TXN-MFS-01948,U-0049,1267.69,cash_out,19,Jessore,DEV-U-0049-P1,0,U-0005,0,0,1,0,0,0,None
TXN-MFS-01949,U-0049,1217.19,send_money,12,Jessore,DEV-U-0049-P1,0,U-0005,0,0,1,0,0,0,None
TXN-MFS-01950,U-0049,962.52,send_money,18,Jessore,DEV-U-0049-P1,0,U-0028,0,0,1,0,0,0,None
TXN-MFS-01951,U-0049,1424.01,merchant_payment,18,Jessore,DEV-U-0049-P1,0,U-0028,0,0,1,0,0,0,None
TXN-MFS-01952,U-0049,1427.07,merchant_payment,14,Jessore,DEV-U-0049-P1,0,U-0005,0,0,1,0,0,0,None
TXN-MFS-01953,U-0049,1159.68,merchant_payment,9,Jessore,DEV-U-0049-S2,1,U-0028,0,0,1,0,0,0,None
TXN-MFS-01954,U-0049,1192.2,send_money,12,Jessore,DEV-U-0049-P1,0,U-0005,0,0,1,0,0,0,None
TXN-MFS-01955,U-0049,1598.79,send_money,18,Jessore,DEV-U-0049-P1,0,U-0028,0,0,1,0,0,0,None
TXN-MFS-01956,U-0049,931.18,merchant_payment,19,Jessore,DEV-U-0049-P1,0,U-0005,0,0,1,0,0,0,None
TXN-MFS-01957,U-0049,1388.87,send_money,18,Jessore,DEV-U-0049-P1,0,U-0005,0,0,1,0,0,0,None
TXN-MFS-01958,U-0049,2062.34,send_money,16,Jessore,DEV-U-0049-P1,0,U-0005,0,0,1,0,0,0,None
TXN-MFS-01959,U-0049,1346.27,send_money,18,Jessore,DEV-U-0049-P1,0,U-0005,0,0,1,0,0,0,None
TXN-MFS-01960,U-0050,2361.3,merchant_payment,20,Khulna,DEV-U-0050-P1,0,U-0059,0,0,1,0,0,0,None
TXN-MFS-01961,U-0050,1138.69,send_money,17,Khulna,DEV-U-0050-P1,0,U-0059,0,0,1,0,0,0,None
TXN-MFS-01962,U-0050,1784.95,send_money,17,Khulna,DEV-U-0050-P1,0,U-0037,0,0,1,0,0,0,None
TXN-MFS-01963,U-0050,2044.1,cash_out,15,Khulna,DEV-U-0050-P1,0,U-0037,0,0,1,0,0,0,None
TXN-MFS-01964,U-0050,1493.43,send_money,11,Khulna,DEV-U-0050-P1,0,U-0059,0,0,1,0,0,0,None
TXN-MFS-01965,U-0050,2989.19,send_money,10,Khulna,DEV-U-0050-P1,0,U-0068,0,0,1,0,0,0,None
TXN-MFS-01966,U-0050,1689.66,send_money,12,Khulna,DEV-U-0050-P1,0,U-0068,0,0,1,0,0,0,None
TXN-MFS-01967,U-0050,2453.79,send_money,10,Khulna,DEV-U-0050-P1,0,U-0068,0,0,1,0,0,0,None
TXN-MFS-01968,U-0050,2313.27,merchant_payment,11,Khulna,DEV-U-0050-P1,0,U-0059,0,0,1,0,0,0,None
TXN-MFS-01969,U-0050,1379.56,send_money,11,Khulna,DEV-U-0050-P1,0,U-0068,0,0,1,0,0,0,None
TXN-MFS-01970,U-0050,2675.11,merchant_payment,15,Khulna,DEV-U-0050-P1,0,U-0068,0,0,1,0,0,0,None
TXN-MFS-01971,U-0050,2956.98,send_money,17,Khulna,DEV-U-0050-P1,0,U-0037,0,0,1,0,0,0,None
TXN-MFS-01972,U-0050,2828.51,merchant_payment,16,Khulna,DEV-U-0050-P1,0,U-0059,0,0,1,0,0,0,None
TXN-MFS-01973,U-0050,1186.73,send_money,9,Khulna,DEV-U-0050-P1,0,U-0037,0,0,1,0,0,0,None
TXN-MFS-01974,U-0050,2013.77,merchant_payment,15,Khulna,DEV-U-0050-P1,0,U-0059,0,0,1,0,0,0,None
TXN-MFS-01975,U-0050,2122.4,send_money,11,Khulna,DEV-U-0050-P1,0,U-0068,0,0,1,0,0,0,None
TXN-MFS-01976,U-0050,1722.8,send_money,20,Khulna,DEV-U-0050-P1,0,U-0068,0,0,1,0,0,0,None
TXN-MFS-01977,U-0050,2140.14,merchant_payment,18,Khulna,DEV-U-0050-P1,0,U-0059,0,0,1,0,0,0,None
TXN-MFS-01978,U-0050,1775.1,merchant_payment,14,Khulna,DEV-U-0050-S2,1,U-0059,0,0,1,0,0,0,None
TXN-MFS-01979,U-0050,2219.03,send_money,18,Khulna,DEV-U-0050-P1,0,U-0037,0,0,1,0,0,0,None
TXN-MFS-01980,U-0050,2301.61,merchant_payment,16,Khulna,DEV-U-0050-P1,0,U-0059,0,0,1,0,0,0,None
TXN-MFS-01981,U-0050,1973.38,cash_out,19,Khulna,DEV-U-0050-P1,0,U-0037,0,0,1,0,0,0,None
TXN-MFS-01982,U-0050,2011.99,merchant_payment,13,Khulna,DEV-U-0050-P1,0,U-0068,0,0,1,0,0,0,None
TXN-MFS-01983,U-0050,1530.34,send_money,13,Khulna,DEV-U-0050-P1,0,U-0068,0,0,1,0,0,0,None
TXN-MFS-01984,U-0050,3184.86,cash_out,13,Khulna,DEV-U-0050-P1,0,U-0068,0,0,1,0,0,0,None
TXN-MFS-01985,U-0050,2349.87,merchant_payment,15,Khulna,DEV-U-0050-P1,0,U-0068,0,0,1,0,0,0,None
TXN-MFS-01986,U-0050,1827.79,merchant_payment,15,Khulna,DEV-U-0050-P1,0,U-0037,0,0,1,0,0,0,None
TXN-MFS-01987,U-0050,2542.14,send_money,18,Barishal,DEV-U-0050-P1,0,U-0037,0,0,1,0,0,0,None
TXN-MFS-01988,U-0050,1779.66,merchant_payment,20,Khulna,DEV-U-0050-P1,0,U-0037,0,0,1,0,0,0,None
TXN-MFS-01989,U-0050,1740.66,send_money,20,Khulna,DEV-U-0050-P1,0,U-0068,0,0,1,0,0,0,None
TXN-MFS-01990,U-0050,2562.21,send_money,11,Khulna,DEV-U-0050-P1,0,U-0059,0,0,1,0,0,0,None
TXN-MFS-01991,U-0050,1599.63,cash_out,18,Khulna,DEV-U-0050-P1,0,U-0037,0,0,1,0,0,0,None
TXN-MFS-01992,U-0050,1711.49,send_money,15,Khulna,DEV-U-0050-P1,0,U-0068,0,0,1,0,0,0,None
TXN-MFS-01993,U-0050,2621.16,cash_out,19,Khulna,DEV-U-0050-P1,0,U-0059,0,0,1,0,0,0,None
TXN-MFS-01994,U-0050,2312.57,send_money,15,Khulna,DEV-U-0050-P1,0,U-0037,0,0,1,0,0,0,None
TXN-MFS-01995,U-0050,1555.36,send_money,17,Khulna,DEV-U-0050-P1,0,U-0068,0,0,1,0,0,0,None
TXN-MFS-01996,U-0050,2343.59,send_money,13,Khulna,DEV-U-0050-P1,0,U-0059,0,0,1,0,0,0,None
TXN-MFS-01997,U-0050,2338.66,cash_out,9,Khulna,DEV-U-0050-P1,0,U-0068,0,0,1,0,0,0,None
TXN-MFS-01998,U-0050,2784.95,send_money,16,Khulna,DEV-U-0050-P1,0,U-0059,0,0,1,0,0,0,None
TXN-MFS-01999,U-0050,2476.07,send_money,17,Khulna,DEV-U-0050-P1,0,U-0059,0,0,1,0,0,0,None
TXN-MFS-02000,U-0051,1710.04,send_money,18,Khulna,DEV-U-0051-P1,0,U-0040,0,0,1,0,0,0,None
TXN-MFS-02001,U-0051,2011.18,cash_out,19,Khulna,DEV-U-0051-P1,0,U-0040,0,0,1,0,0,0,None
TXN-MFS-02002,U-0051,1929.81,cash_out,14,Khulna,DEV-U-0051-P1,0,U-0040,0,0,1,0,0,0,None
TXN-MFS-02003,U-0051,2400.89,cash_out,10,Rangpur,DEV-U-0051-P1,0,U-0068,0,0,1,0,0,0,None
TXN-MFS-02004,U-0051,2312.4,merchant_payment,13,Khulna,DEV-U-0051-P1,0,U-0068,0,0,1,0,0,0,None
TXN-MFS-02005,U-0051,816.71,merchant_payment,9,Khulna,DEV-U-0051-P1,0,U-0068,0,0,1,0,0,0,None
TXN-MFS-02006,U-0051,2021.13,merchant_payment,11,Khulna,DEV-U-0051-P1,0,U-0092,0,0,1,0,0,0,None
TXN-MFS-02007,U-0051,1744.72,merchant_payment,15,Khulna,DEV-U-0051-P1,0,U-0068,0,0,1,0,0,0,None
TXN-MFS-02008,U-0051,2786.27,send_money,18,Khulna,DEV-U-0051-P1,0,U-0092,0,0,1,0,0,0,None
TXN-MFS-02009,U-0051,2158.73,merchant_payment,19,Khulna,DEV-U-0051-P1,0,U-0068,0,0,1,0,0,0,None
TXN-MFS-02010,U-0051,1875.5,merchant_payment,17,Khulna,DEV-U-0051-P1,0,U-0092,0,0,1,0,0,0,None
TXN-MFS-02011,U-0051,1899.25,send_money,11,Khulna,DEV-U-0051-P1,0,U-0040,0,0,1,0,0,0,None
TXN-MFS-02012,U-0051,2627.94,send_money,9,Khulna,DEV-U-0051-P1,0,U-0068,0,0,1,0,0,0,None
TXN-MFS-02013,U-0051,2206.06,send_money,13,Mymensingh,DEV-U-0051-P1,0,U-0092,0,0,1,0,0,0,None
TXN-MFS-02014,U-0051,3341.89,send_money,9,Khulna,DEV-U-0051-P1,0,U-0040,0,0,1,0,0,0,None
TXN-MFS-02015,U-0051,2970.04,cash_out,15,Khulna,DEV-U-0051-P1,0,U-0092,0,0,1,0,0,0,None
TXN-MFS-02016,U-0051,1710.96,send_money,20,Khulna,DEV-U-0051-P1,0,U-0068,0,0,1,0,0,0,None
TXN-MFS-02017,U-0051,2064.98,send_money,19,Khulna,DEV-U-0051-P1,0,U-0068,0,0,1,0,0,0,None
TXN-MFS-02018,U-0051,2886.58,send_money,18,Khulna,DEV-U-0051-P1,0,U-0068,0,0,1,0,0,0,None
TXN-MFS-02019,U-0051,3451.49,merchant_payment,12,Khulna,DEV-U-0051-P1,0,U-0040,0,0,1,0,0,0,None
TXN-MFS-02020,U-0051,3055.81,send_money,10,Khulna,DEV-U-0051-P1,0,U-0092,0,0,1,0,0,0,None
TXN-MFS-02021,U-0051,1865.97,cash_out,15,Khulna,DEV-U-0051-P1,0,U-0092,0,0,1,0,0,0,None
TXN-MFS-02022,U-0051,1860.54,send_money,16,Khulna,DEV-U-0051-P1,0,U-0040,0,0,1,0,0,0,None
TXN-MFS-02023,U-0051,1974.49,send_money,13,Khulna,DEV-U-0051-P1,0,U-0040,0,0,1,0,0,0,None
TXN-MFS-02024,U-0051,2370.6,send_money,14,Khulna,DEV-U-0051-P1,0,U-0092,0,0,1,0,0,0,None
TXN-MFS-02025,U-0051,2857.12,send_money,19,Khulna,DEV-U-0051-P1,0,U-0092,0,0,1,0,0,0,None
TXN-MFS-02026,U-0051,1933.28,cash_out,16,Khulna,DEV-U-0051-P1,0,U-0068,0,0,1,0,0,0,None
TXN-MFS-02027,U-0051,2235.17,merchant_payment,14,Khulna,DEV-U-0051-P1,0,U-0092,0,0,1,0,0,0,None
TXN-MFS-02028,U-0051,2321.88,send_money,20,Khulna,DEV-U-0051-P1,0,U-0068,0,0,1,0,0,0,None
TXN-MFS-02029,U-0051,2483.74,send_money,17,Khulna,DEV-U-0051-P1,0,U-0040,0,0,1,0,0,0,None
TXN-MFS-02030,U-0051,2149.3,send_money,15,Khulna,DEV-U-0051-P1,0,U-0068,0,0,1,0,0,0,None
TXN-MFS-02031,U-0051,2163.79,send_money,15,Khulna,DEV-U-0051-P1,0,U-0092,0,0,1,0,0,0,None
TXN-MFS-02032,U-0051,1409.69,send_money,11,Khulna,DEV-U-0051-P1,0,U-0040,0,0,1,0,0,0,None
TXN-MFS-02033,U-0051,2479.51,merchant_payment,16,Khulna,DEV-U-0051-P1,0,U-0092,0,0,1,0,0,0,None
TXN-MFS-02034,U-0051,1687.57,send_money,14,Khulna,DEV-U-0051-P1,0,U-0068,0,0,1,0,0,0,None
TXN-MFS-02035,U-0051,1822.62,merchant_payment,12,Khulna,DEV-U-0051-P1,0,U-0092,0,0,1,0,0,0,None
TXN-MFS-02036,U-0051,2569.51,send_money,14,Khulna,DEV-U-0051-P1,0,U-0092,0,0,1,0,0,0,None
TXN-MFS-02037,U-0051,2074.17,cash_out,16,Khulna,DEV-U-0051-P1,0,U-0068,0,0,1,0,0,0,None
TXN-MFS-02038,U-0051,1026.26,send_money,20,Khulna,DEV-U-0051-P1,0,U-0092,0,0,1,0,0,0,None
TXN-MFS-02039,U-0051,25800.0,send_money,3,Cumilla,DEV-SIMSWAP-895,1,U-SWAP-56,1,2,3,1,1,1,SIM_SWAP_DRAIN
TXN-MFS-02040,U-0052,2447.7,send_money,19,Bogura,DEV-U-0052-P1,0,U-0071,0,0,1,0,0,0,None
TXN-MFS-02041,U-0052,3063.45,merchant_payment,11,Bogura,DEV-U-0052-P1,0,U-0071,0,0,1,0,0,0,None
TXN-MFS-02042,U-0052,2012.52,merchant_payment,18,Bogura,DEV-U-0052-P1,0,U-0032,0,0,1,0,0,0,None
TXN-MFS-02043,U-0052,1145.48,send_money,10,Bogura,DEV-U-0052-P1,0,U-0071,0,0,1,0,0,0,None
TXN-MFS-02044,U-0052,3063.94,cash_out,16,Bogura,DEV-U-0052-P1,0,U-0032,0,0,1,0,0,0,None
TXN-MFS-02045,U-0052,3899.13,send_money,18,Bogura,DEV-U-0052-P1,0,U-0032,0,0,1,0,0,0,None
TXN-MFS-02046,U-0052,2995.42,send_money,11,Bogura,DEV-U-0052-P1,0,U-0036,0,0,1,0,0,0,None
TXN-MFS-02047,U-0052,4122.05,cash_out,13,Bogura,DEV-U-0052-P1,0,U-0071,0,0,1,0,0,0,None
TXN-MFS-02048,U-0052,2458.46,merchant_payment,11,Bogura,DEV-U-0052-P1,0,U-0071,0,0,1,0,0,0,None
TXN-MFS-02049,U-0052,2488.3,send_money,13,Bogura,DEV-U-0052-P1,0,U-0032,0,0,1,0,0,0,None
TXN-MFS-02050,U-0052,2364.22,send_money,17,Bogura,DEV-U-0052-P1,0,U-0036,0,0,1,0,0,0,None
TXN-MFS-02051,U-0052,2644.96,send_money,11,Bogura,DEV-U-0052-P1,0,U-0032,0,0,1,0,0,0,None
TXN-MFS-02052,U-0052,1555.23,merchant_payment,17,Bogura,DEV-U-0052-P1,0,U-0071,0,0,1,0,0,0,None
TXN-MFS-02053,U-0052,1981.23,send_money,10,Bogura,DEV-U-0052-S2,1,U-0036,0,0,1,0,0,0,None
TXN-MFS-02054,U-0052,1844.75,merchant_payment,12,Bogura,DEV-U-0052-P1,0,U-0032,0,0,1,0,0,0,None
TXN-MFS-02055,U-0052,3013.48,send_money,14,Bogura,DEV-U-0052-P1,0,U-0036,0,0,1,0,0,0,None
TXN-MFS-02056,U-0052,3505.8,send_money,20,Bogura,DEV-U-0052-P1,0,U-0036,0,0,1,0,0,0,None
TXN-MFS-02057,U-0052,2297.18,cash_out,13,Bogura,DEV-U-0052-P1,0,U-0032,0,0,1,0,0,0,None
TXN-MFS-02058,U-0052,2561.18,cash_out,13,Bogura,DEV-U-0052-P1,0,U-0036,0,0,1,0,0,0,None
TXN-MFS-02059,U-0052,2438.61,merchant_payment,10,Bogura,DEV-U-0052-P1,0,U-0071,0,0,1,0,0,0,None
TXN-MFS-02060,U-0052,3362.92,send_money,9,Bogura,DEV-U-0052-P1,0,U-0032,0,0,1,0,0,0,None
TXN-MFS-02061,U-0052,3014.56,merchant_payment,18,Bogura,DEV-U-0052-P1,0,U-0071,0,0,1,0,0,0,None
TXN-MFS-02062,U-0052,1904.97,send_money,13,Bogura,DEV-U-0052-P1,0,U-0071,0,0,1,0,0,0,None
TXN-MFS-02063,U-0052,3109.51,send_money,19,Bogura,DEV-U-0052-P1,0,U-0032,0,0,1,0,0,0,None
TXN-MFS-02064,U-0052,3817.38,merchant_payment,10,Bogura,DEV-U-0052-P1,0,U-0071,0,0,1,0,0,0,None
TXN-MFS-02065,U-0052,1377.38,cash_out,14,Bogura,DEV-U-0052-P1,0,U-0071,0,0,1,0,0,0,None
TXN-MFS-02066,U-0052,2017.14,send_money,14,Bogura,DEV-U-0052-P1,0,U-0036,0,0,1,0,0,0,None
TXN-MFS-02067,U-0052,2372.66,merchant_payment,13,Bogura,DEV-U-0052-P1,0,U-0032,0,0,1,0,0,0,None
TXN-MFS-02068,U-0052,2396.5,send_money,11,Bogura,DEV-U-0052-P1,0,U-0071,0,0,1,0,0,0,None
TXN-MFS-02069,U-0052,4755.18,cash_out,15,Bogura,DEV-U-0052-P1,0,U-0032,0,0,1,0,0,0,None
TXN-MFS-02070,U-0052,1852.33,send_money,19,Bogura,DEV-U-0052-P1,0,U-0071,0,0,1,0,0,0,None
TXN-MFS-02071,U-0052,3016.86,send_money,9,Bogura,DEV-U-0052-P1,0,U-0036,0,0,1,0,0,0,None
TXN-MFS-02072,U-0052,1758.62,cash_out,14,Bogura,DEV-U-0052-P1,0,U-0036,0,0,1,0,0,0,None
TXN-MFS-02073,U-0052,2208.85,merchant_payment,18,Bogura,DEV-U-0052-P1,0,U-0071,0,0,1,0,0,0,None
TXN-MFS-02074,U-0052,3467.55,cash_out,9,Bogura,DEV-U-0052-P1,0,U-0032,0,0,1,0,0,0,None
TXN-MFS-02075,U-0052,2694.7,send_money,11,Bogura,DEV-U-0052-P1,0,U-0032,0,0,1,0,0,0,None
TXN-MFS-02076,U-0052,4503.7,send_money,17,Bogura,DEV-U-0052-P1,0,U-0036,0,0,1,0,0,0,None
TXN-MFS-02077,U-0052,1765.94,merchant_payment,16,Bogura,DEV-U-0052-P1,0,U-0032,0,0,1,0,0,0,None
TXN-MFS-02078,U-0052,1256.59,send_money,19,Bogura,DEV-U-0052-P1,0,U-0036,0,0,1,0,0,0,None
TXN-MFS-02079,U-0052,33600.0,send_money,3,Cumilla,DEV-SIMSWAP-434,1,U-SWAP-61,1,2,3,1,1,1,SIM_SWAP_DRAIN
TXN-MFS-02080,U-0053,2425.46,merchant_payment,20,Rangpur,DEV-U-0053-P1,0,U-0007,0,0,1,0,0,0,None
TXN-MFS-02081,U-0053,1427.63,send_money,10,Rangpur,DEV-U-0053-P1,0,U-0014,0,0,1,0,0,0,None
TXN-MFS-02082,U-0053,2301.79,send_money,15,Rangpur,DEV-U-0053-P1,0,U-0014,0,0,1,0,0,0,None
TXN-MFS-02083,U-0053,2451.15,send_money,18,Rangpur,DEV-U-0053-P1,0,U-0014,0,0,1,0,0,0,None
TXN-MFS-02084,U-0053,2325.28,merchant_payment,17,Rangpur,DEV-U-0053-P1,0,U-0030,0,0,1,0,0,0,None
TXN-MFS-02085,U-0053,2015.63,send_money,19,Rangpur,DEV-U-0053-P1,0,U-0030,0,0,1,0,0,0,None
TXN-MFS-02086,U-0053,2132.34,send_money,11,Rangpur,DEV-U-0053-P1,0,U-0014,0,0,1,0,0,0,None
TXN-MFS-02087,U-0053,2032.55,send_money,15,Rangpur,DEV-U-0053-P1,0,U-0014,0,0,1,0,0,0,None
TXN-MFS-02088,U-0053,1766.81,cash_out,12,Rangpur,DEV-U-0053-P1,0,U-0014,0,0,1,0,0,0,None
TXN-MFS-02089,U-0053,1880.18,cash_out,18,Rangpur,DEV-U-0053-P1,0,U-0030,0,0,1,0,0,0,None
TXN-MFS-02090,U-0053,3513.68,send_money,20,Rangpur,DEV-U-0053-P1,0,U-0007,0,0,1,0,0,0,None
TXN-MFS-02091,U-0053,2731.45,send_money,15,Khulna,DEV-U-0053-P1,0,U-0007,0,0,1,0,0,0,None
TXN-MFS-02092,U-0053,2496.16,send_money,14,Rangpur,DEV-U-0053-P1,0,U-0030,0,0,1,0,0,0,None
TXN-MFS-02093,U-0053,2130.46,send_money,11,Rangpur,DEV-U-0053-P1,0,U-0007,0,0,1,0,0,0,None
TXN-MFS-02094,U-0053,2717.24,merchant_payment,19,Kushtia,DEV-U-0053-P1,0,U-0007,0,0,1,0,0,0,None
TXN-MFS-02095,U-0053,2706.38,cash_out,15,Rangpur,DEV-U-0053-P1,0,U-0014,0,0,1,0,0,0,None
TXN-MFS-02096,U-0053,2595.55,send_money,9,Rangpur,DEV-U-0053-P1,0,U-0007,0,0,1,0,0,0,None
TXN-MFS-02097,U-0053,2426.4,send_money,9,Rangpur,DEV-U-0053-P1,0,U-0014,0,0,1,0,0,0,None
TXN-MFS-02098,U-0053,2438.35,cash_out,20,Rangpur,DEV-U-0053-P1,0,U-0030,0,0,1,0,0,0,None
TXN-MFS-02099,U-0053,1530.45,cash_out,14,Rangpur,DEV-U-0053-P1,0,U-0030,0,0,1,0,0,0,None
TXN-MFS-02100,U-0053,1119.41,send_money,9,Rangpur,DEV-U-0053-P1,0,U-0014,0,0,1,0,0,0,None
TXN-MFS-02101,U-0053,2366.34,cash_out,19,Rangpur,DEV-U-0053-P1,0,U-0030,0,0,1,0,0,0,None
TXN-MFS-02102,U-0053,3508.42,send_money,19,Rangpur,DEV-U-0053-P1,0,U-0007,0,0,1,0,0,0,None
TXN-MFS-02103,U-0053,2155.92,send_money,14,Rangpur,DEV-U-0053-P1,0,U-0030,0,0,1,0,0,0,None
TXN-MFS-02104,U-0053,1400.45,send_money,14,Rangpur,DEV-U-0053-P1,0,U-0030,0,0,1,0,0,0,None
TXN-MFS-02105,U-0053,2439.86,send_money,15,Rangpur,DEV-U-0053-P1,0,U-0007,0,0,1,0,0,0,None
TXN-MFS-02106,U-0053,2364.43,send_money,9,Rangpur,DEV-U-0053-P1,0,U-0030,0,0,1,0,0,0,None
TXN-MFS-02107,U-0053,1358.71,cash_out,16,Rangpur,DEV-U-0053-P1,0,U-0030,0,0,1,0,0,0,None
TXN-MFS-02108,U-0053,2820.3,merchant_payment,16,Rangpur,DEV-U-0053-P1,0,U-0014,0,0,1,0,0,0,None
TXN-MFS-02109,U-0053,3167.98,cash_out,13,Rangpur,DEV-U-0053-P1,0,U-0030,0,0,1,0,0,0,None
TXN-MFS-02110,U-0053,2257.2,send_money,9,Rangpur,DEV-U-0053-P1,0,U-0007,0,0,1,0,0,0,None
TXN-MFS-02111,U-0053,1909.42,merchant_payment,19,Rangpur,DEV-U-0053-P1,0,U-0007,0,0,1,0,0,0,None
TXN-MFS-02112,U-0053,2786.55,send_money,13,Rangpur,DEV-U-0053-P1,0,U-0007,0,0,1,0,0,0,None
TXN-MFS-02113,U-0053,2441.99,send_money,18,Rangpur,DEV-U-0053-P1,0,U-0007,0,0,1,0,0,0,None
TXN-MFS-02114,U-0053,1899.33,send_money,14,Rangpur,DEV-U-0053-P1,0,U-0007,0,0,1,0,0,0,None
TXN-MFS-02115,U-0053,2085.47,merchant_payment,9,Rangpur,DEV-U-0053-P1,0,U-0007,0,0,1,0,0,0,None
TXN-MFS-02116,U-0053,2479.07,cash_out,16,Rangpur,DEV-U-0053-P1,0,U-0030,0,0,1,0,0,0,None
TXN-MFS-02117,U-0053,3083.86,send_money,16,Rangpur,DEV-U-0053-P1,0,U-0014,0,0,1,0,0,0,None
TXN-MFS-02118,U-0053,2385.73,merchant_payment,20,Rangpur,DEV-U-0053-P1,0,U-0014,0,0,1,0,0,0,None
TXN-MFS-02119,U-0053,1934.59,cash_out,14,Rangpur,DEV-U-0053-P1,0,U-0007,0,0,1,0,0,0,None
TXN-MFS-02120,U-0054,1824.62,send_money,12,Bogura,DEV-U-0054-P1,0,U-0081,0,0,1,0,0,0,None
TXN-MFS-02121,U-0054,2432.84,send_money,20,Bogura,DEV-U-0054-P1,0,U-0023,0,0,1,0,0,0,None
TXN-MFS-02122,U-0054,2218.56,merchant_payment,17,Bogura,DEV-U-0054-P1,0,U-0001,0,0,1,0,0,0,None
TXN-MFS-02123,U-0054,3320.54,cash_out,10,Jessore,DEV-U-0054-P1,0,U-0023,0,0,1,0,0,0,None
TXN-MFS-02124,U-0054,492.67,send_money,13,Bogura,DEV-U-0054-P1,0,U-0023,0,0,1,0,0,0,None
TXN-MFS-02125,U-0054,2463.15,send_money,10,Bogura,DEV-U-0054-P1,0,U-0081,0,0,1,0,0,0,None
TXN-MFS-02126,U-0054,1531.23,send_money,20,Bogura,DEV-U-0054-P1,0,U-0001,0,0,1,0,0,0,None
TXN-MFS-02127,U-0054,2449.7,send_money,13,Bogura,DEV-U-0054-P1,0,U-0081,0,0,1,0,0,0,None
TXN-MFS-02128,U-0054,2093.21,send_money,19,Bogura,DEV-U-0054-P1,0,U-0023,0,0,1,0,0,0,None
TXN-MFS-02129,U-0054,1455.01,send_money,14,Bogura,DEV-U-0054-P1,0,U-0081,0,0,1,0,0,0,None
TXN-MFS-02130,U-0054,1829.38,cash_out,9,Bogura,DEV-U-0054-P1,0,U-0001,0,0,1,0,0,0,None
TXN-MFS-02131,U-0054,2602.88,merchant_payment,18,Rangpur,DEV-U-0054-P1,0,U-0023,0,0,1,0,0,0,None
TXN-MFS-02132,U-0054,1474.36,send_money,19,Bogura,DEV-U-0054-P1,0,U-0023,0,0,1,0,0,0,None
TXN-MFS-02133,U-0054,2174.88,send_money,10,Bogura,DEV-U-0054-P1,0,U-0001,0,0,1,0,0,0,None
TXN-MFS-02134,U-0054,2333.46,merchant_payment,15,Bogura,DEV-U-0054-P1,0,U-0081,0,0,1,0,0,0,None
TXN-MFS-02135,U-0054,1150.98,send_money,18,Bogura,DEV-U-0054-P1,0,U-0023,0,0,1,0,0,0,None
TXN-MFS-02136,U-0054,1418.81,merchant_payment,9,Bogura,DEV-U-0054-P1,0,U-0023,0,0,1,0,0,0,None
TXN-MFS-02137,U-0054,2003.06,send_money,14,Bogura,DEV-U-0054-P1,0,U-0081,0,0,1,0,0,0,None
TXN-MFS-02138,U-0054,2443.21,send_money,11,Bogura,DEV-U-0054-P1,0,U-0001,0,0,1,0,0,0,None
TXN-MFS-02139,U-0054,2312.5,send_money,19,Bogura,DEV-U-0054-P1,0,U-0001,0,0,1,0,0,0,None
TXN-MFS-02140,U-0054,2387.91,cash_out,13,Bogura,DEV-U-0054-P1,0,U-0023,0,0,1,0,0,0,None
TXN-MFS-02141,U-0054,2262.18,send_money,12,Bogura,DEV-U-0054-P1,0,U-0001,0,0,1,0,0,0,None
TXN-MFS-02142,U-0054,1680.14,send_money,9,Bogura,DEV-U-0054-P1,0,U-0081,0,0,1,0,0,0,None
TXN-MFS-02143,U-0054,2149.04,merchant_payment,15,Bogura,DEV-U-0054-P1,0,U-0081,0,0,1,0,0,0,None
TXN-MFS-02144,U-0054,1745.48,merchant_payment,11,Bogura,DEV-U-0054-S2,1,U-0023,0,0,1,0,0,0,None
TXN-MFS-02145,U-0054,2407.17,send_money,13,Bogura,DEV-U-0054-P1,0,U-0081,0,0,1,0,0,0,None
TXN-MFS-02146,U-0054,2454.6,send_money,19,Bogura,DEV-U-0054-P1,0,U-0081,0,0,1,0,0,0,None
TXN-MFS-02147,U-0054,2020.65,send_money,9,Bogura,DEV-U-0054-P1,0,U-0023,0,0,1,0,0,0,None
TXN-MFS-02148,U-0054,1659.26,send_money,13,Bogura,DEV-U-0054-P1,0,U-0001,0,0,1,0,0,0,None
TXN-MFS-02149,U-0054,1643.1,cash_out,10,Bogura,DEV-U-0054-P1,0,U-0081,0,0,1,0,0,0,None
TXN-MFS-02150,U-0054,1854.6,send_money,17,Bogura,DEV-U-0054-P1,0,U-0023,0,0,1,0,0,0,None
TXN-MFS-02151,U-0054,1996.45,cash_out,16,Bogura,DEV-U-0054-P1,0,U-0001,0,0,1,0,0,0,None
TXN-MFS-02152,U-0054,2560.85,send_money,18,Bogura,DEV-U-0054-P1,0,U-0001,0,0,1,0,0,0,None
TXN-MFS-02153,U-0054,1832.44,send_money,10,Sylhet,DEV-U-0054-P1,0,U-0023,0,0,1,0,0,0,None
TXN-MFS-02154,U-0054,2634.5,merchant_payment,9,Bogura,DEV-U-0054-P1,0,U-0023,0,0,1,0,0,0,None
TXN-MFS-02155,U-0054,2035.04,send_money,18,Bogura,DEV-U-0054-P1,0,U-0081,0,0,1,0,0,0,None
TXN-MFS-02156,U-0054,1599.4,cash_out,10,Bogura,DEV-U-0054-P1,0,U-0081,0,0,1,0,0,0,None
TXN-MFS-02157,U-0054,2375.12,cash_out,19,Dhaka,DEV-U-0054-P1,0,U-0081,0,0,1,0,0,0,None
TXN-MFS-02158,U-0054,2272.4,send_money,18,Bogura,DEV-U-0054-P1,0,U-0001,0,0,1,0,0,0,None
TXN-MFS-02159,U-0054,25800.0,send_money,3,Cumilla,DEV-SIMSWAP-900,1,U-SWAP-17,1,2,3,1,1,1,SIM_SWAP_DRAIN
TXN-MFS-02160,U-0055,1462.32,merchant_payment,12,Chattogram,DEV-U-0055-P1,0,U-0041,0,0,1,0,0,0,None
TXN-MFS-02161,U-0055,1651.19,send_money,12,Chattogram,DEV-U-0055-P1,0,U-0093,0,0,1,0,0,0,None
TXN-MFS-02162,U-0055,1556.76,cash_out,18,Chattogram,DEV-U-0055-P1,0,U-0010,0,0,1,0,0,0,None
TXN-MFS-02163,U-0055,888.06,send_money,20,Chattogram,DEV-U-0055-P1,0,U-0010,0,0,1,0,0,0,None
TXN-MFS-02164,U-0055,1390.37,send_money,14,Chattogram,DEV-U-0055-P1,0,U-0010,0,0,1,0,0,0,None
TXN-MFS-02165,U-0055,1810.54,send_money,15,Chattogram,DEV-U-0055-S2,1,U-0041,0,0,1,0,0,0,None
TXN-MFS-02166,U-0055,1121.69,send_money,9,Chattogram,DEV-U-0055-P1,0,U-0041,0,0,1,0,0,0,None
TXN-MFS-02167,U-0055,2100.55,send_money,15,Chattogram,DEV-U-0055-P1,0,U-0093,0,0,1,0,0,0,None
TXN-MFS-02168,U-0055,1717.69,cash_out,20,Chattogram,DEV-U-0055-P1,0,U-0010,0,0,1,0,0,0,None
TXN-MFS-02169,U-0055,896.51,send_money,17,Chattogram,DEV-U-0055-P1,0,U-0041,0,0,1,0,0,0,None
TXN-MFS-02170,U-0055,1169.31,send_money,16,Chattogram,DEV-U-0055-P1,0,U-0041,0,0,1,0,0,0,None
TXN-MFS-02171,U-0055,1637.42,cash_out,19,Mymensingh,DEV-U-0055-S2,1,U-0010,0,0,1,0,0,0,None
TXN-MFS-02172,U-0055,1687.98,merchant_payment,18,Chattogram,DEV-U-0055-P1,0,U-0093,0,0,1,0,0,0,None
TXN-MFS-02173,U-0055,1179.67,cash_out,17,Chattogram,DEV-U-0055-P1,0,U-0041,0,0,1,0,0,0,None
TXN-MFS-02174,U-0055,1048.73,send_money,16,Chattogram,DEV-U-0055-P1,0,U-0093,0,0,1,0,0,0,None
TXN-MFS-02175,U-0055,1361.8,merchant_payment,12,Chattogram,DEV-U-0055-P1,0,U-0041,0,0,1,0,0,0,None
TXN-MFS-02176,U-0055,1899.3,merchant_payment,17,Chattogram,DEV-U-0055-P1,0,U-0041,0,0,1,0,0,0,None
TXN-MFS-02177,U-0055,1658.22,cash_out,11,Chattogram,DEV-U-0055-P1,0,U-0041,0,0,1,0,0,0,None
TXN-MFS-02178,U-0055,1473.9,merchant_payment,18,Chattogram,DEV-U-0055-P1,0,U-0010,0,0,1,0,0,0,None
TXN-MFS-02179,U-0055,1248.1,merchant_payment,18,Chattogram,DEV-U-0055-P1,0,U-0041,0,0,1,0,0,0,None
TXN-MFS-02180,U-0055,1737.52,send_money,15,Chattogram,DEV-U-0055-P1,0,U-0010,0,0,1,0,0,0,None
TXN-MFS-02181,U-0055,1257.27,send_money,20,Chattogram,DEV-U-0055-P1,0,U-0041,0,0,1,0,0,0,None
TXN-MFS-02182,U-0055,1434.64,merchant_payment,13,Chattogram,DEV-U-0055-P1,0,U-0093,0,0,1,0,0,0,None
TXN-MFS-02183,U-0055,1779.21,cash_out,12,Chattogram,DEV-U-0055-S2,1,U-0093,0,0,1,0,0,0,None
TXN-MFS-02184,U-0055,1629.97,send_money,10,Chattogram,DEV-U-0055-P1,0,U-0010,0,0,1,0,0,0,None
TXN-MFS-02185,U-0055,1142.54,cash_out,16,Chattogram,DEV-U-0055-P1,0,U-0010,0,0,1,0,0,0,None
TXN-MFS-02186,U-0055,1883.68,send_money,9,Jessore,DEV-U-0055-P1,0,U-0041,0,0,1,0,0,0,None
TXN-MFS-02187,U-0055,2046.56,send_money,12,Chattogram,DEV-U-0055-P1,0,U-0093,0,0,1,0,0,0,None
TXN-MFS-02188,U-0055,1160.17,cash_out,17,Chattogram,DEV-U-0055-P1,0,U-0041,0,0,1,0,0,0,None
TXN-MFS-02189,U-0055,1268.97,cash_out,13,Chattogram,DEV-U-0055-P1,0,U-0010,0,0,1,0,0,0,None
TXN-MFS-02190,U-0055,1288.25,merchant_payment,12,Chattogram,DEV-U-0055-P1,0,U-0041,0,0,1,0,0,0,None
TXN-MFS-02191,U-0055,1767.47,cash_out,11,Chattogram,DEV-U-0055-P1,0,U-0041,0,0,1,0,0,0,None
TXN-MFS-02192,U-0055,1802.51,merchant_payment,12,Chattogram,DEV-U-0055-P1,0,U-0010,0,0,1,0,0,0,None
TXN-MFS-02193,U-0055,1154.36,cash_out,19,Chattogram,DEV-U-0055-P1,0,U-0041,0,0,1,0,0,0,None
TXN-MFS-02194,U-0055,2147.56,cash_out,9,Chattogram,DEV-U-0055-P1,0,U-0041,0,0,1,0,0,0,None
TXN-MFS-02195,U-0055,1577.86,cash_out,18,Chattogram,DEV-U-0055-P1,0,U-0010,0,0,1,0,0,0,None
TXN-MFS-02196,U-0055,1445.06,send_money,19,Chattogram,DEV-U-0055-P1,0,U-0010,0,0,1,0,0,0,None
TXN-MFS-02197,U-0055,2621.27,send_money,13,Chattogram,DEV-U-0055-S2,1,U-0093,0,0,1,0,0,0,None
TXN-MFS-02198,U-0055,1359.67,send_money,17,Rajshahi,DEV-U-0055-P1,0,U-0093,0,0,1,0,0,0,None
TXN-MFS-02199,U-0055,1616.64,merchant_payment,16,Chattogram,DEV-U-0055-P1,0,U-0010,0,0,1,0,0,0,None
TXN-MFS-02200,U-0056,3661.27,merchant_payment,11,Chattogram,DEV-U-0056-P1,0,U-0064,0,0,1,0,0,0,None
TXN-MFS-02201,U-0056,3721.27,merchant_payment,12,Chattogram,DEV-U-0056-S2,1,U-0011,0,0,1,0,0,0,None
TXN-MFS-02202,U-0056,5560.18,merchant_payment,16,Chattogram,DEV-U-0056-P1,0,U-0011,0,0,1,0,0,0,None
TXN-MFS-02203,U-0056,4510.35,merchant_payment,12,Chattogram,DEV-U-0056-P1,0,U-0029,0,0,1,0,0,0,None
TXN-MFS-02204,U-0056,4615.01,send_money,11,Chattogram,DEV-U-0056-P1,0,U-0029,0,0,1,0,0,0,None
TXN-MFS-02205,U-0056,5617.67,send_money,12,Chattogram,DEV-U-0056-P1,0,U-0064,0,0,1,0,0,0,None
TXN-MFS-02206,U-0056,2797.51,merchant_payment,11,Jessore,DEV-U-0056-P1,0,U-0064,0,0,1,0,0,0,None
TXN-MFS-02207,U-0056,3334.58,send_money,11,Chattogram,DEV-U-0056-P1,0,U-0029,0,0,1,0,0,0,None
TXN-MFS-02208,U-0056,4807.34,merchant_payment,19,Chattogram,DEV-U-0056-P1,0,U-0011,0,0,1,0,0,0,None
TXN-MFS-02209,U-0056,3496.87,send_money,11,Chattogram,DEV-U-0056-P1,0,U-0029,0,0,1,0,0,0,None
TXN-MFS-02210,U-0056,5623.73,send_money,20,Chattogram,DEV-U-0056-P1,0,U-0064,0,0,1,0,0,0,None
TXN-MFS-02211,U-0056,3986.88,cash_out,14,Chattogram,DEV-U-0056-P1,0,U-0064,0,0,1,0,0,0,None
TXN-MFS-02212,U-0056,4572.77,send_money,19,Chattogram,DEV-U-0056-P1,0,U-0011,0,0,1,0,0,0,None
TXN-MFS-02213,U-0056,3166.55,merchant_payment,14,Chattogram,DEV-U-0056-P1,0,U-0011,0,0,1,0,0,0,None
TXN-MFS-02214,U-0056,5452.5,send_money,15,Chattogram,DEV-U-0056-P1,0,U-0029,0,0,1,0,0,0,None
TXN-MFS-02215,U-0056,2863.42,send_money,13,Chattogram,DEV-U-0056-P1,0,U-0064,0,0,1,0,0,0,None
TXN-MFS-02216,U-0056,3456.07,merchant_payment,19,Chattogram,DEV-U-0056-S2,1,U-0064,0,0,1,0,0,0,None
TXN-MFS-02217,U-0056,4847.6,send_money,15,Chattogram,DEV-U-0056-P1,0,U-0029,0,0,1,0,0,0,None
TXN-MFS-02218,U-0056,3838.93,merchant_payment,15,Chattogram,DEV-U-0056-P1,0,U-0011,0,0,1,0,0,0,None
TXN-MFS-02219,U-0056,4223.91,merchant_payment,18,Mymensingh,DEV-U-0056-P1,0,U-0011,0,0,1,0,0,0,None
TXN-MFS-02220,U-0056,4849.69,merchant_payment,10,Chattogram,DEV-U-0056-P1,0,U-0029,0,0,1,0,0,0,None
TXN-MFS-02221,U-0056,5258.86,merchant_payment,11,Chattogram,DEV-U-0056-P1,0,U-0029,0,0,1,0,0,0,None
TXN-MFS-02222,U-0056,4495.41,cash_out,19,Chattogram,DEV-U-0056-P1,0,U-0064,0,0,1,0,0,0,None
TXN-MFS-02223,U-0056,4346.3,merchant_payment,12,Chattogram,DEV-U-0056-P1,0,U-0064,0,0,1,0,0,0,None
TXN-MFS-02224,U-0056,3696.16,merchant_payment,11,Chattogram,DEV-U-0056-P1,0,U-0064,0,0,1,0,0,0,None
TXN-MFS-02225,U-0056,3016.24,cash_out,19,Chattogram,DEV-U-0056-P1,0,U-0029,0,0,1,0,0,0,None
TXN-MFS-02226,U-0056,3162.23,send_money,12,Chattogram,DEV-U-0056-P1,0,U-0011,0,0,1,0,0,0,None
TXN-MFS-02227,U-0056,3896.56,merchant_payment,20,Chattogram,DEV-U-0056-P1,0,U-0011,0,0,1,0,0,0,None
TXN-MFS-02228,U-0056,3555.81,cash_out,18,Chattogram,DEV-U-0056-P1,0,U-0029,0,0,1,0,0,0,None
TXN-MFS-02229,U-0056,4390.45,merchant_payment,14,Chattogram,DEV-U-0056-P1,0,U-0011,0,0,1,0,0,0,None
TXN-MFS-02230,U-0056,3632.31,send_money,11,Chattogram,DEV-U-0056-P1,0,U-0029,0,0,1,0,0,0,None
TXN-MFS-02231,U-0056,4472.41,merchant_payment,17,Chattogram,DEV-U-0056-P1,0,U-0064,0,0,1,0,0,0,None
TXN-MFS-02232,U-0056,2786.39,cash_out,11,Chattogram,DEV-U-0056-P1,0,U-0011,0,0,1,0,0,0,None
TXN-MFS-02233,U-0056,3646.69,send_money,9,Chattogram,DEV-U-0056-P1,0,U-0064,0,0,1,0,0,0,None
TXN-MFS-02234,U-0056,3951.0,cash_out,18,Chattogram,DEV-U-0056-P1,0,U-0029,0,0,1,0,0,0,None
TXN-MFS-02235,U-0056,4325.59,send_money,16,Chattogram,DEV-U-0056-P1,0,U-0064,0,0,1,0,0,0,None
TXN-MFS-02236,U-0056,3754.73,merchant_payment,13,Chattogram,DEV-U-0056-P1,0,U-0011,0,0,1,0,0,0,None
TXN-MFS-02237,U-0056,5247.54,send_money,19,Chattogram,DEV-U-0056-P1,0,U-0011,0,0,1,0,0,0,None
TXN-MFS-02238,U-0056,3999.07,cash_out,19,Chattogram,DEV-U-0056-P1,0,U-0064,0,0,1,0,0,0,None
TXN-MFS-02239,U-0056,24525.18,cash_out,15,Chattogram,DEV-U-0056-P1,0,U-STRUCT-75,1,6,10,0,0,1,VELOCITY_BURST
TXN-MFS-02240,U-0057,2687.52,merchant_payment,19,Khulna,DEV-U-0057-P1,0,U-0097,0,0,1,0,0,0,None
TXN-MFS-02241,U-0057,3844.1,merchant_payment,16,Khulna,DEV-U-0057-P1,0,U-0062,0,0,1,0,0,0,None
TXN-MFS-02242,U-0057,2209.66,cash_out,9,Khulna,DEV-U-0057-P1,0,U-0035,0,0,1,0,0,0,None
TXN-MFS-02243,U-0057,2498.02,send_money,14,Khulna,DEV-U-0057-P1,0,U-0035,0,0,1,0,0,0,None
TXN-MFS-02244,U-0057,3684.9,cash_out,20,Khulna,DEV-U-0057-P1,0,U-0035,0,0,1,0,0,0,None
TXN-MFS-02245,U-0057,2923.58,send_money,16,Khulna,DEV-U-0057-P1,0,U-0097,0,0,1,0,0,0,None
TXN-MFS-02246,U-0057,3074.32,send_money,12,Khulna,DEV-U-0057-P1,0,U-0062,0,0,1,0,0,0,None
TXN-MFS-02247,U-0057,4095.73,cash_out,20,Khulna,DEV-U-0057-P1,0,U-0035,0,0,1,0,0,0,None
TXN-MFS-02248,U-0057,2400.45,cash_out,9,Khulna,DEV-U-0057-P1,0,U-0062,0,0,1,0,0,0,None
TXN-MFS-02249,U-0057,3349.34,send_money,13,Khulna,DEV-U-0057-P1,0,U-0035,0,0,1,0,0,0,None
TXN-MFS-02250,U-0057,4686.01,send_money,10,Khulna,DEV-U-0057-P1,0,U-0097,0,0,1,0,0,0,None
TXN-MFS-02251,U-0057,3322.6,send_money,10,Khulna,DEV-U-0057-P1,0,U-0035,0,0,1,0,0,0,None
TXN-MFS-02252,U-0057,2559.44,send_money,11,Khulna,DEV-U-0057-P1,0,U-0062,0,0,1,0,0,0,None
TXN-MFS-02253,U-0057,3173.45,merchant_payment,13,Khulna,DEV-U-0057-P1,0,U-0097,0,0,1,0,0,0,None
TXN-MFS-02254,U-0057,3492.41,cash_out,16,Khulna,DEV-U-0057-P1,0,U-0035,0,0,1,0,0,0,None
TXN-MFS-02255,U-0057,2353.12,merchant_payment,15,Khulna,DEV-U-0057-P1,0,U-0062,0,0,1,0,0,0,None
TXN-MFS-02256,U-0057,4495.98,send_money,9,Khulna,DEV-U-0057-P1,0,U-0035,0,0,1,0,0,0,None
TXN-MFS-02257,U-0057,4877.39,send_money,9,Khulna,DEV-U-0057-P1,0,U-0097,0,0,1,0,0,0,None
TXN-MFS-02258,U-0057,2449.6,cash_out,12,Khulna,DEV-U-0057-P1,0,U-0062,0,0,1,0,0,0,None
TXN-MFS-02259,U-0057,2504.67,send_money,20,Khulna,DEV-U-0057-P1,0,U-0035,0,0,1,0,0,0,None
TXN-MFS-02260,U-0057,3262.82,merchant_payment,16,Khulna,DEV-U-0057-P1,0,U-0097,0,0,1,0,0,0,None
TXN-MFS-02261,U-0057,3154.7,send_money,20,Khulna,DEV-U-0057-P1,0,U-0035,0,0,1,0,0,0,None
TXN-MFS-02262,U-0057,2421.03,cash_out,9,Khulna,DEV-U-0057-P1,0,U-0035,0,0,1,0,0,0,None
TXN-MFS-02263,U-0057,4909.75,send_money,9,Khulna,DEV-U-0057-P1,0,U-0035,0,0,1,0,0,0,None
TXN-MFS-02264,U-0057,2680.44,cash_out,11,Khulna,DEV-U-0057-P1,0,U-0097,0,0,1,0,0,0,None
TXN-MFS-02265,U-0057,1987.24,send_money,12,Khulna,DEV-U-0057-P1,0,U-0035,0,0,1,0,0,0,None
TXN-MFS-02266,U-0057,2818.96,merchant_payment,14,Khulna,DEV-U-0057-P1,0,U-0062,0,0,1,0,0,0,None
TXN-MFS-02267,U-0057,2912.35,merchant_payment,12,Khulna,DEV-U-0057-P1,0,U-0035,0,0,1,0,0,0,None
TXN-MFS-02268,U-0057,4196.51,send_money,15,Khulna,DEV-U-0057-P1,0,U-0062,0,0,1,0,0,0,None
TXN-MFS-02269,U-0057,2977.5,send_money,14,Khulna,DEV-U-0057-P1,0,U-0062,0,0,1,0,0,0,None
TXN-MFS-02270,U-0057,3574.07,send_money,11,Khulna,DEV-U-0057-P1,0,U-0035,0,0,1,0,0,0,None
TXN-MFS-02271,U-0057,1729.54,cash_out,11,Khulna,DEV-U-0057-P1,0,U-0097,0,0,1,0,0,0,None
TXN-MFS-02272,U-0057,2415.68,cash_out,18,Khulna,DEV-U-0057-P1,0,U-0035,0,0,1,0,0,0,None
TXN-MFS-02273,U-0057,3438.74,merchant_payment,12,Khulna,DEV-U-0057-P1,0,U-0035,0,0,1,0,0,0,None
TXN-MFS-02274,U-0057,4113.16,send_money,19,Khulna,DEV-U-0057-P1,0,U-0097,0,0,1,0,0,0,None
TXN-MFS-02275,U-0057,2786.36,merchant_payment,18,Khulna,DEV-U-0057-P1,0,U-0097,0,0,1,0,0,0,None
TXN-MFS-02276,U-0057,3589.86,send_money,12,Khulna,DEV-U-0057-P1,0,U-0097,0,0,1,0,0,0,None
TXN-MFS-02277,U-0057,4798.25,send_money,19,Khulna,DEV-U-0057-P1,0,U-0062,0,0,1,0,0,0,None
TXN-MFS-02278,U-0057,3202.43,merchant_payment,13,Khulna,DEV-U-0057-P1,0,U-0062,0,0,1,0,0,0,None
TXN-MFS-02279,U-0057,3383.47,send_money,13,Khulna,DEV-U-0057-P1,0,U-0035,0,0,1,0,0,0,None
TXN-MFS-02280,U-0058,1988.6,cash_out,15,Chattogram,DEV-U-0058-P1,0,U-0050,0,0,1,0,0,0,None
TXN-MFS-02281,U-0058,1101.64,cash_out,12,Mymensingh,DEV-U-0058-P1,0,U-0050,0,0,1,0,0,0,None
TXN-MFS-02282,U-0058,3239.82,send_money,17,Chattogram,DEV-U-0058-P1,0,U-0055,0,0,1,0,0,0,None
TXN-MFS-02283,U-0058,3543.76,send_money,10,Chattogram,DEV-U-0058-P1,0,U-0050,0,0,1,0,0,0,None
TXN-MFS-02284,U-0058,2985.55,merchant_payment,13,Chattogram,DEV-U-0058-P1,0,U-0050,0,0,1,0,0,0,None
TXN-MFS-02285,U-0058,4055.54,merchant_payment,10,Chattogram,DEV-U-0058-P1,0,U-0034,0,0,1,0,0,0,None
TXN-MFS-02286,U-0058,4231.77,send_money,16,Chattogram,DEV-U-0058-P1,0,U-0055,0,0,1,0,0,0,None
TXN-MFS-02287,U-0058,3017.19,send_money,14,Chattogram,DEV-U-0058-P1,0,U-0050,0,0,1,0,0,0,None
TXN-MFS-02288,U-0058,1974.08,send_money,18,Chattogram,DEV-U-0058-P1,0,U-0050,0,0,1,0,0,0,None
TXN-MFS-02289,U-0058,2168.12,send_money,11,Chattogram,DEV-U-0058-P1,0,U-0034,0,0,1,0,0,0,None
TXN-MFS-02290,U-0058,2467.5,cash_out,12,Barishal,DEV-U-0058-P1,0,U-0034,0,0,1,0,0,0,None
TXN-MFS-02291,U-0058,3018.03,merchant_payment,11,Chattogram,DEV-U-0058-P1,0,U-0050,0,0,1,0,0,0,None
TXN-MFS-02292,U-0058,2481.01,cash_out,19,Chattogram,DEV-U-0058-P1,0,U-0034,0,0,1,0,0,0,None
TXN-MFS-02293,U-0058,3941.38,send_money,18,Chattogram,DEV-U-0058-P1,0,U-0050,0,0,1,0,0,0,None
TXN-MFS-02294,U-0058,2730.41,send_money,10,Chattogram,DEV-U-0058-P1,0,U-0050,0,0,1,0,0,0,None
TXN-MFS-02295,U-0058,2129.25,merchant_payment,12,Chattogram,DEV-U-0058-P1,0,U-0034,0,0,1,0,0,0,None
TXN-MFS-02296,U-0058,3417.66,send_money,11,Chattogram,DEV-U-0058-P1,0,U-0055,0,0,1,0,0,0,None
TXN-MFS-02297,U-0058,3108.56,merchant_payment,14,Chattogram,DEV-U-0058-P1,0,U-0055,0,0,1,0,0,0,None
TXN-MFS-02298,U-0058,2601.91,cash_out,10,Chattogram,DEV-U-0058-P1,0,U-0055,0,0,1,0,0,0,None
TXN-MFS-02299,U-0058,3613.87,cash_out,17,Chattogram,DEV-U-0058-P1,0,U-0055,0,0,1,0,0,0,None
TXN-MFS-02300,U-0058,3413.37,send_money,16,Chattogram,DEV-U-0058-P1,0,U-0055,0,0,1,0,0,0,None
TXN-MFS-02301,U-0058,4964.91,merchant_payment,15,Chattogram,DEV-U-0058-P1,0,U-0050,0,0,1,0,0,0,None
TXN-MFS-02302,U-0058,3532.33,send_money,17,Chattogram,DEV-U-0058-P1,0,U-0055,0,0,1,0,0,0,None
TXN-MFS-02303,U-0058,1630.85,cash_out,20,Chattogram,DEV-U-0058-P1,0,U-0050,0,0,1,0,0,0,None
TXN-MFS-02304,U-0058,3373.92,cash_out,20,Chattogram,DEV-U-0058-P1,0,U-0050,0,0,1,0,0,0,None
TXN-MFS-02305,U-0058,3149.46,send_money,12,Chattogram,DEV-U-0058-P1,0,U-0050,0,0,1,0,0,0,None
TXN-MFS-02306,U-0058,2369.25,send_money,9,Chattogram,DEV-U-0058-P1,0,U-0034,0,0,1,0,0,0,None
TXN-MFS-02307,U-0058,3632.23,send_money,14,Chattogram,DEV-U-0058-P1,0,U-0050,0,0,1,0,0,0,None
TXN-MFS-02308,U-0058,2232.53,cash_out,18,Chattogram,DEV-U-0058-P1,0,U-0050,0,0,1,0,0,0,None
TXN-MFS-02309,U-0058,2121.11,send_money,19,Chattogram,DEV-U-0058-P1,0,U-0055,0,0,1,0,0,0,None
TXN-MFS-02310,U-0058,2818.66,send_money,17,Chattogram,DEV-U-0058-P1,0,U-0034,0,0,1,0,0,0,None
TXN-MFS-02311,U-0058,4111.73,send_money,9,Chattogram,DEV-U-0058-P1,0,U-0050,0,0,1,0,0,0,None
TXN-MFS-02312,U-0058,1960.87,send_money,17,Chattogram,DEV-U-0058-S2,1,U-0050,0,0,1,0,0,0,None
TXN-MFS-02313,U-0058,3457.49,send_money,19,Chattogram,DEV-U-0058-P1,0,U-0034,0,0,1,0,0,0,None
TXN-MFS-02314,U-0058,2195.3,send_money,11,Chattogram,DEV-U-0058-P1,0,U-0055,0,0,1,0,0,0,None
TXN-MFS-02315,U-0058,2887.86,merchant_payment,18,Chattogram,DEV-U-0058-P1,0,U-0055,0,0,1,0,0,0,None
TXN-MFS-02316,U-0058,3035.84,send_money,13,Chattogram,DEV-U-0058-P1,0,U-0055,0,0,1,0,0,0,None
TXN-MFS-02317,U-0058,3424.08,send_money,12,Chattogram,DEV-U-0058-P1,0,U-0050,0,0,1,0,0,0,None
TXN-MFS-02318,U-0058,3396.92,cash_out,17,Chattogram,DEV-U-0058-P1,0,U-0050,0,0,1,0,0,0,None
TXN-MFS-02319,U-0058,42290.48,cash_out,2,Sylhet,DEV-ROGUE-723,1,U-MULE-26,1,1,2,0,1,1,ATO_NOCTURNAL
TXN-MFS-02320,U-0059,3033.32,merchant_payment,15,Jessore,DEV-U-0059-P1,0,U-0060,0,0,1,0,0,0,None
TXN-MFS-02321,U-0059,3476.27,merchant_payment,9,Jessore,DEV-U-0059-P1,0,U-0088,0,0,1,0,0,0,None
TXN-MFS-02322,U-0059,3318.71,send_money,16,Jessore,DEV-U-0059-P1,0,U-0080,0,0,1,0,0,0,None
TXN-MFS-02323,U-0059,2243.13,cash_out,9,Jessore,DEV-U-0059-P1,0,U-0088,0,0,1,0,0,0,None
TXN-MFS-02324,U-0059,3372.7,merchant_payment,11,Jessore,DEV-U-0059-P1,0,U-0080,0,0,1,0,0,0,None
TXN-MFS-02325,U-0059,3111.64,send_money,12,Jessore,DEV-U-0059-P1,0,U-0088,0,0,1,0,0,0,None
TXN-MFS-02326,U-0059,4084.65,cash_out,9,Jessore,DEV-U-0059-P1,0,U-0080,0,0,1,0,0,0,None
TXN-MFS-02327,U-0059,3147.07,merchant_payment,20,Jessore,DEV-U-0059-P1,0,U-0060,0,0,1,0,0,0,None
TXN-MFS-02328,U-0059,3865.7,send_money,13,Jessore,DEV-U-0059-P1,0,U-0060,0,0,1,0,0,0,None
TXN-MFS-02329,U-0059,3212.03,merchant_payment,16,Jessore,DEV-U-0059-P1,0,U-0088,0,0,1,0,0,0,None
TXN-MFS-02330,U-0059,2273.49,send_money,10,Jessore,DEV-U-0059-P1,0,U-0060,0,0,1,0,0,0,None
TXN-MFS-02331,U-0059,3012.32,send_money,10,Jessore,DEV-U-0059-P1,0,U-0080,0,0,1,0,0,0,None
TXN-MFS-02332,U-0059,4251.77,send_money,18,Jessore,DEV-U-0059-P1,0,U-0080,0,0,1,0,0,0,None
TXN-MFS-02333,U-0059,2584.91,cash_out,11,Jessore,DEV-U-0059-P1,0,U-0088,0,0,1,0,0,0,None
TXN-MFS-02334,U-0059,3404.86,send_money,11,Jessore,DEV-U-0059-P1,0,U-0088,0,0,1,0,0,0,None
TXN-MFS-02335,U-0059,2529.6,send_money,16,Jessore,DEV-U-0059-P1,0,U-0080,0,0,1,0,0,0,None
TXN-MFS-02336,U-0059,3184.26,send_money,16,Jessore,DEV-U-0059-P1,0,U-0060,0,0,1,0,0,0,None
TXN-MFS-02337,U-0059,2790.41,send_money,9,Jessore,DEV-U-0059-P1,0,U-0088,0,0,1,0,0,0,None
TXN-MFS-02338,U-0059,2326.41,send_money,13,Jessore,DEV-U-0059-P1,0,U-0088,0,0,1,0,0,0,None
TXN-MFS-02339,U-0059,2370.69,merchant_payment,12,Jessore,DEV-U-0059-P1,0,U-0080,0,0,1,0,0,0,None
TXN-MFS-02340,U-0059,2355.15,merchant_payment,20,Jessore,DEV-U-0059-P1,0,U-0060,0,0,1,0,0,0,None
TXN-MFS-02341,U-0059,2314.6,send_money,10,Jessore,DEV-U-0059-P1,0,U-0088,0,0,1,0,0,0,None
TXN-MFS-02342,U-0059,1839.55,merchant_payment,15,Jessore,DEV-U-0059-P1,0,U-0060,0,0,1,0,0,0,None
TXN-MFS-02343,U-0059,2773.35,send_money,18,Jessore,DEV-U-0059-P1,0,U-0080,0,0,1,0,0,0,None
TXN-MFS-02344,U-0059,2580.9,send_money,16,Jessore,DEV-U-0059-P1,0,U-0060,0,0,1,0,0,0,None
TXN-MFS-02345,U-0059,2384.34,send_money,11,Jessore,DEV-U-0059-P1,0,U-0088,0,0,1,0,0,0,None
TXN-MFS-02346,U-0059,4073.24,cash_out,15,Jessore,DEV-U-0059-P1,0,U-0080,0,0,1,0,0,0,None
TXN-MFS-02347,U-0059,2634.3,send_money,17,Jessore,DEV-U-0059-P1,0,U-0080,0,0,1,0,0,0,None
TXN-MFS-02348,U-0059,2755.19,send_money,18,Jessore,DEV-U-0059-P1,0,U-0060,0,0,1,0,0,0,None
TXN-MFS-02349,U-0059,3252.48,send_money,12,Jessore,DEV-U-0059-P1,0,U-0088,0,0,1,0,0,0,None
TXN-MFS-02350,U-0059,2378.24,send_money,16,Jessore,DEV-U-0059-P1,0,U-0060,0,0,1,0,0,0,None
TXN-MFS-02351,U-0059,1506.02,cash_out,19,Jessore,DEV-U-0059-P1,0,U-0080,0,0,1,0,0,0,None
TXN-MFS-02352,U-0059,3958.31,merchant_payment,20,Jessore,DEV-U-0059-P1,0,U-0080,0,0,1,0,0,0,None
TXN-MFS-02353,U-0059,2933.64,merchant_payment,15,Jessore,DEV-U-0059-P1,0,U-0088,0,0,1,0,0,0,None
TXN-MFS-02354,U-0059,1554.87,merchant_payment,18,Barishal,DEV-U-0059-P1,0,U-0080,0,0,1,0,0,0,None
TXN-MFS-02355,U-0059,2092.99,cash_out,15,Jessore,DEV-U-0059-P1,0,U-0080,0,0,1,0,0,0,None
TXN-MFS-02356,U-0059,2167.65,merchant_payment,15,Jessore,DEV-U-0059-P1,0,U-0060,0,0,1,0,0,0,None
TXN-MFS-02357,U-0059,3327.8,merchant_payment,13,Jessore,DEV-U-0059-P1,0,U-0080,0,0,1,0,0,0,None
TXN-MFS-02358,U-0059,3159.54,cash_out,9,Jessore,DEV-U-0059-P1,0,U-0088,0,0,1,0,0,0,None
TXN-MFS-02359,U-0059,2388.84,send_money,18,Jessore,DEV-U-0059-P1,0,U-0060,0,0,1,0,0,0,None
TXN-MFS-02360,U-0060,1244.44,send_money,11,Dhaka,DEV-U-0060-P1,0,U-0018,0,0,1,0,0,0,None
TXN-MFS-02361,U-0060,3464.35,send_money,19,Dhaka,DEV-U-0060-P1,0,U-0018,0,0,1,0,0,0,None
TXN-MFS-02362,U-0060,3841.14,send_money,13,Dhaka,DEV-U-0060-P1,0,U-0032,0,0,1,0,0,0,None
TXN-MFS-02363,U-0060,2317.43,merchant_payment,20,Dhaka,DEV-U-0060-P1,0,U-0068,0,0,1,0,0,0,None
TXN-MFS-02364,U-0060,3189.64,cash_out,12,Dhaka,DEV-U-0060-P1,0,U-0068,0,0,1,0,0,0,None
TXN-MFS-02365,U-0060,859.06,cash_out,20,Dhaka,DEV-U-0060-S2,1,U-0018,0,0,1,0,0,0,None
TXN-MFS-02366,U-0060,4022.71,send_money,12,Dhaka,DEV-U-0060-P1,0,U-0018,0,0,1,0,0,0,None
TXN-MFS-02367,U-0060,3805.92,merchant_payment,12,Dhaka,DEV-U-0060-P1,0,U-0032,0,0,1,0,0,0,None
TXN-MFS-02368,U-0060,3458.21,send_money,19,Dhaka,DEV-U-0060-P1,0,U-0032,0,0,1,0,0,0,None
TXN-MFS-02369,U-0060,3536.25,send_money,12,Dhaka,DEV-U-0060-P1,0,U-0068,0,0,1,0,0,0,None
TXN-MFS-02370,U-0060,3354.68,send_money,9,Dhaka,DEV-U-0060-P1,0,U-0018,0,0,1,0,0,0,None
TXN-MFS-02371,U-0060,3969.01,cash_out,16,Dhaka,DEV-U-0060-P1,0,U-0032,0,0,1,0,0,0,None
TXN-MFS-02372,U-0060,1681.9,send_money,14,Dhaka,DEV-U-0060-P1,0,U-0018,0,0,1,0,0,0,None
TXN-MFS-02373,U-0060,3889.26,merchant_payment,15,Dhaka,DEV-U-0060-P1,0,U-0032,0,0,1,0,0,0,None
TXN-MFS-02374,U-0060,3346.01,send_money,10,Dhaka,DEV-U-0060-P1,0,U-0068,0,0,1,0,0,0,None
TXN-MFS-02375,U-0060,2561.95,merchant_payment,15,Dhaka,DEV-U-0060-P1,0,U-0032,0,0,1,0,0,0,None
TXN-MFS-02376,U-0060,3186.77,merchant_payment,18,Dhaka,DEV-U-0060-P1,0,U-0068,0,0,1,0,0,0,None
TXN-MFS-02377,U-0060,1751.73,merchant_payment,18,Dhaka,DEV-U-0060-P1,0,U-0068,0,0,1,0,0,0,None
TXN-MFS-02378,U-0060,3433.36,merchant_payment,20,Dhaka,DEV-U-0060-P1,0,U-0032,0,0,1,0,0,0,None
TXN-MFS-02379,U-0060,3626.6,send_money,10,Dhaka,DEV-U-0060-P1,0,U-0018,0,0,1,0,0,0,None
TXN-MFS-02380,U-0060,4519.38,send_money,12,Sylhet,DEV-U-0060-P1,0,U-0032,0,0,1,0,0,0,None
TXN-MFS-02381,U-0060,3823.31,cash_out,13,Dhaka,DEV-U-0060-P1,0,U-0032,0,0,1,0,0,0,None
TXN-MFS-02382,U-0060,3630.51,merchant_payment,18,Khulna,DEV-U-0060-S2,1,U-0018,0,0,1,0,0,0,None
TXN-MFS-02383,U-0060,3350.7,merchant_payment,11,Dhaka,DEV-U-0060-P1,0,U-0068,0,0,1,0,0,0,None
TXN-MFS-02384,U-0060,4402.6,merchant_payment,12,Dhaka,DEV-U-0060-P1,0,U-0018,0,0,1,0,0,0,None
TXN-MFS-02385,U-0060,4200.49,send_money,12,Dhaka,DEV-U-0060-P1,0,U-0018,0,0,1,0,0,0,None
TXN-MFS-02386,U-0060,2822.4,send_money,10,Dhaka,DEV-U-0060-P1,0,U-0018,0,0,1,0,0,0,None
TXN-MFS-02387,U-0060,4513.53,send_money,11,Bogura,DEV-U-0060-P1,0,U-0018,0,0,1,0,0,0,None
TXN-MFS-02388,U-0060,3917.48,send_money,10,Dhaka,DEV-U-0060-P1,0,U-0068,0,0,1,0,0,0,None
TXN-MFS-02389,U-0060,3238.71,send_money,19,Dhaka,DEV-U-0060-P1,0,U-0068,0,0,1,0,0,0,None
TXN-MFS-02390,U-0060,3202.54,cash_out,12,Dhaka,DEV-U-0060-P1,0,U-0068,0,0,1,0,0,0,None
TXN-MFS-02391,U-0060,2325.63,merchant_payment,19,Dhaka,DEV-U-0060-P1,0,U-0032,0,0,1,0,0,0,None
TXN-MFS-02392,U-0060,2823.98,send_money,13,Dhaka,DEV-U-0060-P1,0,U-0068,0,0,1,0,0,0,None
TXN-MFS-02393,U-0060,3278.45,send_money,10,Dhaka,DEV-U-0060-P1,0,U-0068,0,0,1,0,0,0,None
TXN-MFS-02394,U-0060,2217.31,cash_out,11,Khulna,DEV-U-0060-P1,0,U-0068,0,0,1,0,0,0,None
TXN-MFS-02395,U-0060,4004.09,send_money,12,Dhaka,DEV-U-0060-P1,0,U-0068,0,0,1,0,0,0,None
TXN-MFS-02396,U-0060,3767.79,send_money,19,Dhaka,DEV-U-0060-P1,0,U-0032,0,0,1,0,0,0,None
TXN-MFS-02397,U-0060,2496.12,merchant_payment,20,Dhaka,DEV-U-0060-P1,0,U-0068,0,0,1,0,0,0,None
TXN-MFS-02398,U-0060,1938.21,merchant_payment,11,Dhaka,DEV-U-0060-P1,0,U-0068,0,0,1,0,0,0,None
TXN-MFS-02399,U-0060,3951.43,send_money,12,Dhaka,DEV-U-0060-P1,0,U-0018,0,0,1,0,0,0,None
TXN-MFS-02400,U-0061,1494.1,send_money,10,Kushtia,DEV-U-0061-P1,0,U-0076,0,0,1,0,0,0,None
TXN-MFS-02401,U-0061,1253.16,cash_out,14,Kushtia,DEV-U-0061-P1,0,U-0076,0,0,1,0,0,0,None
TXN-MFS-02402,U-0061,1379.86,merchant_payment,9,Kushtia,DEV-U-0061-P1,0,U-0064,0,0,1,0,0,0,None
TXN-MFS-02403,U-0061,1610.38,cash_out,9,Kushtia,DEV-U-0061-P1,0,U-0007,0,0,1,0,0,0,None
TXN-MFS-02404,U-0061,990.04,merchant_payment,12,Kushtia,DEV-U-0061-P1,0,U-0007,0,0,1,0,0,0,None
TXN-MFS-02405,U-0061,1764.83,send_money,9,Kushtia,DEV-U-0061-P1,0,U-0076,0,0,1,0,0,0,None
TXN-MFS-02406,U-0061,1543.46,send_money,10,Kushtia,DEV-U-0061-P1,0,U-0064,0,0,1,0,0,0,None
TXN-MFS-02407,U-0061,1457.48,send_money,15,Kushtia,DEV-U-0061-P1,0,U-0076,0,0,1,0,0,0,None
TXN-MFS-02408,U-0061,1358.33,send_money,12,Kushtia,DEV-U-0061-P1,0,U-0007,0,0,1,0,0,0,None
TXN-MFS-02409,U-0061,1282.01,send_money,11,Kushtia,DEV-U-0061-P1,0,U-0064,0,0,1,0,0,0,None
TXN-MFS-02410,U-0061,1043.35,merchant_payment,18,Kushtia,DEV-U-0061-P1,0,U-0076,0,0,1,0,0,0,None
TXN-MFS-02411,U-0061,1530.43,send_money,14,Kushtia,DEV-U-0061-P1,0,U-0064,0,0,1,0,0,0,None
TXN-MFS-02412,U-0061,2055.63,send_money,9,Kushtia,DEV-U-0061-P1,0,U-0007,0,0,1,0,0,0,None
TXN-MFS-02413,U-0061,2101.29,merchant_payment,9,Kushtia,DEV-U-0061-P1,0,U-0064,0,0,1,0,0,0,None
TXN-MFS-02414,U-0061,1988.92,cash_out,18,Kushtia,DEV-U-0061-P1,0,U-0064,0,0,1,0,0,0,None
TXN-MFS-02415,U-0061,1978.01,merchant_payment,11,Kushtia,DEV-U-0061-P1,0,U-0064,0,0,1,0,0,0,None
TXN-MFS-02416,U-0061,1185.14,send_money,14,Kushtia,DEV-U-0061-P1,0,U-0076,0,0,1,0,0,0,None
TXN-MFS-02417,U-0061,1728.23,send_money,18,Kushtia,DEV-U-0061-P1,0,U-0076,0,0,1,0,0,0,None
TXN-MFS-02418,U-0061,1527.38,merchant_payment,10,Kushtia,DEV-U-0061-P1,0,U-0076,0,0,1,0,0,0,None
TXN-MFS-02419,U-0061,1138.25,merchant_payment,20,Kushtia,DEV-U-0061-P1,0,U-0007,0,0,1,0,0,0,None
TXN-MFS-02420,U-0061,1375.23,send_money,10,Bogura,DEV-U-0061-P1,0,U-0076,0,0,1,0,0,0,None
TXN-MFS-02421,U-0061,1410.99,merchant_payment,9,Kushtia,DEV-U-0061-P1,0,U-0076,0,0,1,0,0,0,None
TXN-MFS-02422,U-0061,1610.35,cash_out,20,Kushtia,DEV-U-0061-P1,0,U-0007,0,0,1,0,0,0,None
TXN-MFS-02423,U-0061,1497.95,cash_out,17,Kushtia,DEV-U-0061-P1,0,U-0064,0,0,1,0,0,0,None
TXN-MFS-02424,U-0061,934.93,merchant_payment,17,Kushtia,DEV-U-0061-P1,0,U-0064,0,0,1,0,0,0,None
TXN-MFS-02425,U-0061,1594.65,send_money,13,Kushtia,DEV-U-0061-P1,0,U-0076,0,0,1,0,0,0,None
TXN-MFS-02426,U-0061,1645.64,cash_out,16,Kushtia,DEV-U-0061-P1,0,U-0064,0,0,1,0,0,0,None
TXN-MFS-02427,U-0061,1214.27,cash_out,20,Kushtia,DEV-U-0061-P1,0,U-0076,0,0,1,0,0,0,None
TXN-MFS-02428,U-0061,1865.15,cash_out,17,Kushtia,DEV-U-0061-P1,0,U-0064,0,0,1,0,0,0,None
TXN-MFS-02429,U-0061,1593.44,cash_out,19,Kushtia,DEV-U-0061-P1,0,U-0076,0,0,1,0,0,0,None
TXN-MFS-02430,U-0061,1228.66,send_money,16,Kushtia,DEV-U-0061-P1,0,U-0007,0,0,1,0,0,0,None
TXN-MFS-02431,U-0061,1711.08,cash_out,17,Kushtia,DEV-U-0061-P1,0,U-0064,0,0,1,0,0,0,None
TXN-MFS-02432,U-0061,1628.24,merchant_payment,11,Kushtia,DEV-U-0061-P1,0,U-0007,0,0,1,0,0,0,None
TXN-MFS-02433,U-0061,1247.12,send_money,18,Kushtia,DEV-U-0061-S2,1,U-0064,0,0,1,0,0,0,None
TXN-MFS-02434,U-0061,1470.16,cash_out,18,Kushtia,DEV-U-0061-P1,0,U-0064,0,0,1,0,0,0,None
TXN-MFS-02435,U-0061,1067.11,cash_out,15,Kushtia,DEV-U-0061-P1,0,U-0076,0,0,1,0,0,0,None
TXN-MFS-02436,U-0061,1281.13,send_money,10,Kushtia,DEV-U-0061-P1,0,U-0064,0,0,1,0,0,0,None
TXN-MFS-02437,U-0061,1848.65,send_money,10,Kushtia,DEV-U-0061-P1,0,U-0007,0,0,1,0,0,0,None
TXN-MFS-02438,U-0061,1675.2,merchant_payment,20,Kushtia,DEV-U-0061-P1,0,U-0064,0,0,1,0,0,0,None
TXN-MFS-02439,U-0061,1701.94,cash_out,13,Kushtia,DEV-U-0061-P1,0,U-0064,0,0,1,0,0,0,None
TXN-MFS-02440,U-0062,2034.68,send_money,16,Rangpur,DEV-U-0062-P1,0,U-0056,0,0,1,0,0,0,None
TXN-MFS-02441,U-0062,3415.64,send_money,11,Rangpur,DEV-U-0062-P1,0,U-0082,0,0,1,0,0,0,None
TXN-MFS-02442,U-0062,2386.53,merchant_payment,16,Rangpur,DEV-U-0062-P1,0,U-0056,0,0,1,0,0,0,None
TXN-MFS-02443,U-0062,2387.07,send_money,12,Rangpur,DEV-U-0062-P1,0,U-0082,0,0,1,0,0,0,None
TXN-MFS-02444,U-0062,2441.15,cash_out,17,Rangpur,DEV-U-0062-P1,0,U-0056,0,0,1,0,0,0,None
TXN-MFS-02445,U-0062,1697.01,cash_out,16,Rangpur,DEV-U-0062-P1,0,U-0082,0,0,1,0,0,0,None
TXN-MFS-02446,U-0062,1213.92,merchant_payment,20,Rangpur,DEV-U-0062-P1,0,U-0088,0,0,1,0,0,0,None
TXN-MFS-02447,U-0062,2107.87,merchant_payment,20,Kushtia,DEV-U-0062-P1,0,U-0082,0,0,1,0,0,0,None
TXN-MFS-02448,U-0062,1801.37,send_money,14,Rangpur,DEV-U-0062-P1,0,U-0056,0,0,1,0,0,0,None
TXN-MFS-02449,U-0062,2280.76,send_money,20,Rangpur,DEV-U-0062-P1,0,U-0082,0,0,1,0,0,0,None
TXN-MFS-02450,U-0062,1625.61,cash_out,12,Rangpur,DEV-U-0062-P1,0,U-0082,0,0,1,0,0,0,None
TXN-MFS-02451,U-0062,2262.18,merchant_payment,19,Rangpur,DEV-U-0062-P1,0,U-0082,0,0,1,0,0,0,None
TXN-MFS-02452,U-0062,1320.11,send_money,9,Rangpur,DEV-U-0062-P1,0,U-0088,0,0,1,0,0,0,None
TXN-MFS-02453,U-0062,2651.13,merchant_payment,12,Rangpur,DEV-U-0062-P1,0,U-0082,0,0,1,0,0,0,None
TXN-MFS-02454,U-0062,2857.33,send_money,11,Rangpur,DEV-U-0062-P1,0,U-0056,0,0,1,0,0,0,None
TXN-MFS-02455,U-0062,2254.74,send_money,17,Rangpur,DEV-U-0062-P1,0,U-0088,0,0,1,0,0,0,None
TXN-MFS-02456,U-0062,1770.39,send_money,16,Rangpur,DEV-U-0062-P1,0,U-0088,0,0,1,0,0,0,None
TXN-MFS-02457,U-0062,2425.64,merchant_payment,13,Rangpur,DEV-U-0062-P1,0,U-0088,0,0,1,0,0,0,None
TXN-MFS-02458,U-0062,1994.81,send_money,12,Rangpur,DEV-U-0062-P1,0,U-0088,0,0,1,0,0,0,None
TXN-MFS-02459,U-0062,2636.27,send_money,9,Rangpur,DEV-U-0062-P1,0,U-0082,0,0,1,0,0,0,None
TXN-MFS-02460,U-0062,3068.52,send_money,15,Rangpur,DEV-U-0062-P1,0,U-0056,0,0,1,0,0,0,None
TXN-MFS-02461,U-0062,3202.21,merchant_payment,13,Rangpur,DEV-U-0062-P1,0,U-0088,0,0,1,0,0,0,None
TXN-MFS-02462,U-0062,2160.23,send_money,20,Rangpur,DEV-U-0062-P1,0,U-0088,0,0,1,0,0,0,None
TXN-MFS-02463,U-0062,1849.44,merchant_payment,9,Rangpur,DEV-U-0062-P1,0,U-0082,0,0,1,0,0,0,None
TXN-MFS-02464,U-0062,1297.62,merchant_payment,13,Rangpur,DEV-U-0062-P1,0,U-0082,0,0,1,0,0,0,None
TXN-MFS-02465,U-0062,2682.08,send_money,20,Rangpur,DEV-U-0062-P1,0,U-0088,0,0,1,0,0,0,None
TXN-MFS-02466,U-0062,1082.19,send_money,19,Rangpur,DEV-U-0062-P1,0,U-0082,0,0,1,0,0,0,None
TXN-MFS-02467,U-0062,2116.06,send_money,15,Rangpur,DEV-U-0062-P1,0,U-0082,0,0,1,0,0,0,None
TXN-MFS-02468,U-0062,2800.08,send_money,18,Rangpur,DEV-U-0062-P1,0,U-0082,0,0,1,0,0,0,None
TXN-MFS-02469,U-0062,2644.92,cash_out,12,Rangpur,DEV-U-0062-P1,0,U-0088,0,0,1,0,0,0,None
TXN-MFS-02470,U-0062,2961.53,send_money,19,Rangpur,DEV-U-0062-P1,0,U-0088,0,0,1,0,0,0,None
TXN-MFS-02471,U-0062,2283.61,merchant_payment,17,Rangpur,DEV-U-0062-P1,0,U-0056,0,0,1,0,0,0,None
TXN-MFS-02472,U-0062,2038.02,send_money,12,Rangpur,DEV-U-0062-P1,0,U-0082,0,0,1,0,0,0,None
TXN-MFS-02473,U-0062,1942.37,merchant_payment,9,Rangpur,DEV-U-0062-P1,0,U-0056,0,0,1,0,0,0,None
TXN-MFS-02474,U-0062,2238.71,cash_out,11,Rangpur,DEV-U-0062-P1,0,U-0056,0,0,1,0,0,0,None
TXN-MFS-02475,U-0062,1854.36,merchant_payment,10,Rangpur,DEV-U-0062-P1,0,U-0056,0,0,1,0,0,0,None
TXN-MFS-02476,U-0062,1784.71,merchant_payment,15,Rangpur,DEV-U-0062-P1,0,U-0056,0,0,1,0,0,0,None
TXN-MFS-02477,U-0062,1429.93,merchant_payment,13,Rangpur,DEV-U-0062-P1,0,U-0088,0,0,1,0,0,0,None
TXN-MFS-02478,U-0062,2151.88,merchant_payment,17,Rangpur,DEV-U-0062-P1,0,U-0088,0,0,1,0,0,0,None
TXN-MFS-02479,U-0062,2082.32,merchant_payment,13,Rangpur,DEV-U-0062-P1,0,U-0088,0,0,1,0,0,0,None
TXN-MFS-02480,U-0063,2130.02,send_money,19,Khulna,DEV-U-0063-P1,0,U-0080,0,0,1,0,0,0,None
TXN-MFS-02481,U-0063,3409.57,cash_out,9,Khulna,DEV-U-0063-P1,0,U-0073,0,0,1,0,0,0,None
TXN-MFS-02482,U-0063,3040.8,merchant_payment,16,Bogura,DEV-U-0063-P1,0,U-0023,0,0,1,0,0,0,None
TXN-MFS-02483,U-0063,1384.63,merchant_payment,19,Khulna,DEV-U-0063-P1,0,U-0023,0,0,1,0,0,0,None
TXN-MFS-02484,U-0063,1579.9,send_money,10,Khulna,DEV-U-0063-P1,0,U-0080,0,0,1,0,0,0,None
TXN-MFS-02485,U-0063,2605.78,merchant_payment,12,Khulna,DEV-U-0063-P1,0,U-0023,0,0,1,0,0,0,None
TXN-MFS-02486,U-0063,4095.58,send_money,13,Khulna,DEV-U-0063-P1,0,U-0080,0,0,1,0,0,0,None
TXN-MFS-02487,U-0063,3280.44,send_money,9,Khulna,DEV-U-0063-P1,0,U-0080,0,0,1,0,0,0,None
TXN-MFS-02488,U-0063,3342.86,send_money,18,Khulna,DEV-U-0063-P1,0,U-0073,0,0,1,0,0,0,None
TXN-MFS-02489,U-0063,2995.12,send_money,16,Khulna,DEV-U-0063-P1,0,U-0080,0,0,1,0,0,0,None
TXN-MFS-02490,U-0063,3015.27,send_money,11,Khulna,DEV-U-0063-P1,0,U-0073,0,0,1,0,0,0,None
TXN-MFS-02491,U-0063,2472.86,merchant_payment,18,Khulna,DEV-U-0063-P1,0,U-0023,0,0,1,0,0,0,None
TXN-MFS-02492,U-0063,3765.86,cash_out,20,Khulna,DEV-U-0063-P1,0,U-0023,0,0,1,0,0,0,None
TXN-MFS-02493,U-0063,3350.1,send_money,10,Khulna,DEV-U-0063-P1,0,U-0080,0,0,1,0,0,0,None
TXN-MFS-02494,U-0063,2756.56,cash_out,19,Khulna,DEV-U-0063-P1,0,U-0080,0,0,1,0,0,0,None
TXN-MFS-02495,U-0063,1456.08,send_money,12,Khulna,DEV-U-0063-P1,0,U-0023,0,0,1,0,0,0,None
TXN-MFS-02496,U-0063,2492.62,merchant_payment,17,Khulna,DEV-U-0063-P1,0,U-0073,0,0,1,0,0,0,None
TXN-MFS-02497,U-0063,2353.95,merchant_payment,15,Khulna,DEV-U-0063-P1,0,U-0080,0,0,1,0,0,0,None
TXN-MFS-02498,U-0063,2399.07,cash_out,9,Khulna,DEV-U-0063-P1,0,U-0073,0,0,1,0,0,0,None
TXN-MFS-02499,U-0063,3535.63,cash_out,18,Khulna,DEV-U-0063-P1,0,U-0080,0,0,1,0,0,0,None
TXN-MFS-02500,U-0063,2807.29,merchant_payment,20,Khulna,DEV-U-0063-P1,0,U-0023,0,0,1,0,0,0,None
TXN-MFS-02501,U-0063,2162.14,merchant_payment,12,Khulna,DEV-U-0063-P1,0,U-0023,0,0,1,0,0,0,None
TXN-MFS-02502,U-0063,3280.69,cash_out,12,Khulna,DEV-U-0063-P1,0,U-0073,0,0,1,0,0,0,None
TXN-MFS-02503,U-0063,1851.64,cash_out,16,Khulna,DEV-U-0063-P1,0,U-0023,0,0,1,0,0,0,None
TXN-MFS-02504,U-0063,4597.56,cash_out,12,Jessore,DEV-U-0063-P1,0,U-0073,0,0,1,0,0,0,None
TXN-MFS-02505,U-0063,2433.05,send_money,12,Khulna,DEV-U-0063-P1,0,U-0073,0,0,1,0,0,0,None
TXN-MFS-02506,U-0063,3136.92,send_money,12,Khulna,DEV-U-0063-P1,0,U-0073,0,0,1,0,0,0,None
TXN-MFS-02507,U-0063,3531.58,merchant_payment,13,Khulna,DEV-U-0063-P1,0,U-0023,0,0,1,0,0,0,None
TXN-MFS-02508,U-0063,3160.94,merchant_payment,10,Khulna,DEV-U-0063-P1,0,U-0073,0,0,1,0,0,0,None
TXN-MFS-02509,U-0063,2881.88,merchant_payment,19,Khulna,DEV-U-0063-P1,0,U-0080,0,0,1,0,0,0,None
TXN-MFS-02510,U-0063,3422.05,send_money,11,Khulna,DEV-U-0063-P1,0,U-0080,0,0,1,0,0,0,None
TXN-MFS-02511,U-0063,3443.85,cash_out,20,Khulna,DEV-U-0063-S2,1,U-0023,0,0,1,0,0,0,None
TXN-MFS-02512,U-0063,2923.27,cash_out,18,Khulna,DEV-U-0063-P1,0,U-0080,0,0,1,0,0,0,None
TXN-MFS-02513,U-0063,2117.05,merchant_payment,15,Khulna,DEV-U-0063-P1,0,U-0080,0,0,1,0,0,0,None
TXN-MFS-02514,U-0063,2619.72,send_money,10,Khulna,DEV-U-0063-P1,0,U-0073,0,0,1,0,0,0,None
TXN-MFS-02515,U-0063,2669.49,cash_out,11,Khulna,DEV-U-0063-P1,0,U-0080,0,0,1,0,0,0,None
TXN-MFS-02516,U-0063,1068.92,send_money,9,Cumilla,DEV-U-0063-P1,0,U-0073,0,0,1,0,0,0,None
TXN-MFS-02517,U-0063,2731.08,merchant_payment,15,Khulna,DEV-U-0063-P1,0,U-0023,0,0,1,0,0,0,None
TXN-MFS-02518,U-0063,4118.51,merchant_payment,17,Khulna,DEV-U-0063-P1,0,U-0080,0,0,1,0,0,0,None
TXN-MFS-02519,U-0063,24217.65,cash_out,10,Khulna,DEV-U-0063-P1,0,U-STRUCT-73,1,6,10,0,0,1,VELOCITY_BURST
TXN-MFS-02520,U-0064,4554.7,cash_out,20,Jessore,DEV-U-0064-P1,0,U-0069,0,0,1,0,0,0,None
TXN-MFS-02521,U-0064,4466.5,send_money,10,Jessore,DEV-U-0064-P1,0,U-0069,0,0,1,0,0,0,None
TXN-MFS-02522,U-0064,2988.33,send_money,16,Jessore,DEV-U-0064-P1,0,U-0006,0,0,1,0,0,0,None
TXN-MFS-02523,U-0064,4314.84,send_money,18,Jessore,DEV-U-0064-P1,0,U-0069,0,0,1,0,0,0,None
TXN-MFS-02524,U-0064,1040.79,merchant_payment,12,Jessore,DEV-U-0064-P1,0,U-0069,0,0,1,0,0,0,None
TXN-MFS-02525,U-0064,4064.89,send_money,15,Jessore,DEV-U-0064-P1,0,U-0006,0,0,1,0,0,0,None
TXN-MFS-02526,U-0064,4622.43,send_money,13,Jessore,DEV-U-0064-P1,0,U-0006,0,0,1,0,0,0,None
TXN-MFS-02527,U-0064,4703.11,merchant_payment,14,Jessore,DEV-U-0064-P1,0,U-0006,0,0,1,0,0,0,None
TXN-MFS-02528,U-0064,4207.04,send_money,20,Jessore,DEV-U-0064-P1,0,U-0006,0,0,1,0,0,0,None
TXN-MFS-02529,U-0064,2423.22,send_money,10,Jessore,DEV-U-0064-P1,0,U-0001,0,0,1,0,0,0,None
TXN-MFS-02530,U-0064,3014.97,merchant_payment,20,Jessore,DEV-U-0064-P1,0,U-0006,0,0,1,0,0,0,None
TXN-MFS-02531,U-0064,3587.53,cash_out,12,Jessore,DEV-U-0064-P1,0,U-0006,0,0,1,0,0,0,None
TXN-MFS-02532,U-0064,4538.51,merchant_payment,12,Jessore,DEV-U-0064-P1,0,U-0069,0,0,1,0,0,0,None
TXN-MFS-02533,U-0064,2313.29,cash_out,14,Jessore,DEV-U-0064-P1,0,U-0001,0,0,1,0,0,0,None
TXN-MFS-02534,U-0064,3537.27,cash_out,17,Jessore,DEV-U-0064-P1,0,U-0069,0,0,1,0,0,0,None
TXN-MFS-02535,U-0064,4887.79,merchant_payment,18,Jessore,DEV-U-0064-P1,0,U-0006,0,0,1,0,0,0,None
TXN-MFS-02536,U-0064,3109.81,send_money,12,Jessore,DEV-U-0064-P1,0,U-0006,0,0,1,0,0,0,None
TXN-MFS-02537,U-0064,3363.41,merchant_payment,13,Jessore,DEV-U-0064-P1,0,U-0006,0,0,1,0,0,0,None
TXN-MFS-02538,U-0064,3741.25,send_money,20,Jessore,DEV-U-0064-P1,0,U-0001,0,0,1,0,0,0,None
TXN-MFS-02539,U-0064,3545.45,merchant_payment,18,Jessore,DEV-U-0064-P1,0,U-0001,0,0,1,0,0,0,None
TXN-MFS-02540,U-0064,3806.07,merchant_payment,12,Jessore,DEV-U-0064-P1,0,U-0001,0,0,1,0,0,0,None
TXN-MFS-02541,U-0064,2215.66,merchant_payment,16,Jessore,DEV-U-0064-S2,1,U-0069,0,0,1,0,0,0,None
TXN-MFS-02542,U-0064,3459.44,merchant_payment,14,Jessore,DEV-U-0064-P1,0,U-0069,0,0,1,0,0,0,None
TXN-MFS-02543,U-0064,2656.34,cash_out,11,Jessore,DEV-U-0064-P1,0,U-0001,0,0,1,0,0,0,None
TXN-MFS-02544,U-0064,5177.88,merchant_payment,13,Jessore,DEV-U-0064-P1,0,U-0069,0,0,1,0,0,0,None
TXN-MFS-02545,U-0064,3257.89,send_money,17,Jessore,DEV-U-0064-P1,0,U-0001,0,0,1,0,0,0,None
TXN-MFS-02546,U-0064,3860.3,merchant_payment,12,Jessore,DEV-U-0064-P1,0,U-0069,0,0,1,0,0,0,None
TXN-MFS-02547,U-0064,3776.27,cash_out,11,Jessore,DEV-U-0064-P1,0,U-0006,0,0,1,0,0,0,None
TXN-MFS-02548,U-0064,3963.83,send_money,10,Jessore,DEV-U-0064-P1,0,U-0001,0,0,1,0,0,0,None
TXN-MFS-02549,U-0064,5071.34,cash_out,13,Jessore,DEV-U-0064-P1,0,U-0001,0,0,1,0,0,0,None
TXN-MFS-02550,U-0064,4246.55,send_money,16,Jessore,DEV-U-0064-P1,0,U-0069,0,0,1,0,0,0,None
TXN-MFS-02551,U-0064,3619.31,merchant_payment,14,Jessore,DEV-U-0064-P1,0,U-0069,0,0,1,0,0,0,None
TXN-MFS-02552,U-0064,3858.58,send_money,12,Jessore,DEV-U-0064-P1,0,U-0006,0,0,1,0,0,0,None
TXN-MFS-02553,U-0064,4795.39,cash_out,14,Kushtia,DEV-U-0064-P1,0,U-0069,0,0,1,0,0,0,None
TXN-MFS-02554,U-0064,3441.07,send_money,20,Jessore,DEV-U-0064-P1,0,U-0069,0,0,1,0,0,0,None
TXN-MFS-02555,U-0064,4990.94,merchant_payment,16,Jessore,DEV-U-0064-P1,0,U-0001,0,0,1,0,0,0,None
TXN-MFS-02556,U-0064,2198.57,send_money,12,Jessore,DEV-U-0064-P1,0,U-0006,0,0,1,0,0,0,None
TXN-MFS-02557,U-0064,3907.51,send_money,14,Jessore,DEV-U-0064-P1,0,U-0006,0,0,1,0,0,0,None
TXN-MFS-02558,U-0064,2765.01,send_money,17,Jessore,DEV-U-0064-P1,0,U-0069,0,0,1,0,0,0,None
TXN-MFS-02559,U-0064,4993.67,send_money,14,Jessore,DEV-U-0064-P1,0,U-0006,0,0,1,0,0,0,None
TXN-MFS-02560,U-0065,3494.23,send_money,11,Dhaka,DEV-U-0065-P1,0,U-0036,0,0,1,0,0,0,None
TXN-MFS-02561,U-0065,2872.37,send_money,20,Dhaka,DEV-U-0065-P1,0,U-0060,0,0,1,0,0,0,None
TXN-MFS-02562,U-0065,4467.07,send_money,17,Dhaka,DEV-U-0065-P1,0,U-0036,0,0,1,0,0,0,None
TXN-MFS-02563,U-0065,3964.22,send_money,9,Dhaka,DEV-U-0065-P1,0,U-0017,0,0,1,0,0,0,None
TXN-MFS-02564,U-0065,4656.1,merchant_payment,10,Dhaka,DEV-U-0065-P1,0,U-0036,0,0,1,0,0,0,None
TXN-MFS-02565,U-0065,3837.89,send_money,12,Dhaka,DEV-U-0065-P1,0,U-0017,0,0,1,0,0,0,None
TXN-MFS-02566,U-0065,3510.47,send_money,12,Dhaka,DEV-U-0065-P1,0,U-0060,0,0,1,0,0,0,None
TXN-MFS-02567,U-0065,3605.7,send_money,18,Dhaka,DEV-U-0065-P1,0,U-0036,0,0,1,0,0,0,None
TXN-MFS-02568,U-0065,4158.22,send_money,20,Dhaka,DEV-U-0065-P1,0,U-0060,0,0,1,0,0,0,None
TXN-MFS-02569,U-0065,4862.01,merchant_payment,16,Dhaka,DEV-U-0065-P1,0,U-0017,0,0,1,0,0,0,None
TXN-MFS-02570,U-0065,2931.65,send_money,13,Dhaka,DEV-U-0065-P1,0,U-0017,0,0,1,0,0,0,None
TXN-MFS-02571,U-0065,2196.7,merchant_payment,15,Dhaka,DEV-U-0065-P1,0,U-0017,0,0,1,0,0,0,None
TXN-MFS-02572,U-0065,3964.26,merchant_payment,19,Dhaka,DEV-U-0065-P1,0,U-0036,0,0,1,0,0,0,None
TXN-MFS-02573,U-0065,3136.36,send_money,10,Dhaka,DEV-U-0065-P1,0,U-0036,0,0,1,0,0,0,None
TXN-MFS-02574,U-0065,2381.44,merchant_payment,20,Dhaka,DEV-U-0065-P1,0,U-0017,0,0,1,0,0,0,None
TXN-MFS-02575,U-0065,3314.55,send_money,17,Bogura,DEV-U-0065-P1,0,U-0060,0,0,1,0,0,0,None
TXN-MFS-02576,U-0065,3239.82,merchant_payment,19,Dhaka,DEV-U-0065-P1,0,U-0036,0,0,1,0,0,0,None
TXN-MFS-02577,U-0065,3111.91,merchant_payment,13,Dhaka,DEV-U-0065-P1,0,U-0017,0,0,1,0,0,0,None
TXN-MFS-02578,U-0065,2937.37,cash_out,15,Dhaka,DEV-U-0065-P1,0,U-0060,0,0,1,0,0,0,None
TXN-MFS-02579,U-0065,4797.02,cash_out,11,Dhaka,DEV-U-0065-P1,0,U-0017,0,0,1,0,0,0,None
TXN-MFS-02580,U-0065,2396.47,merchant_payment,18,Dhaka,DEV-U-0065-P1,0,U-0017,0,0,1,0,0,0,None
TXN-MFS-02581,U-0065,1924.39,send_money,9,Dhaka,DEV-U-0065-P1,0,U-0036,0,0,1,0,0,0,None
TXN-MFS-02582,U-0065,2599.45,send_money,13,Dhaka,DEV-U-0065-P1,0,U-0060,0,0,1,0,0,0,None
TXN-MFS-02583,U-0065,4468.97,cash_out,12,Dhaka,DEV-U-0065-P1,0,U-0017,0,0,1,0,0,0,None
TXN-MFS-02584,U-0065,5494.29,send_money,16,Dhaka,DEV-U-0065-P1,0,U-0036,0,0,1,0,0,0,None
TXN-MFS-02585,U-0065,5453.73,cash_out,11,Dhaka,DEV-U-0065-P1,0,U-0017,0,0,1,0,0,0,None
TXN-MFS-02586,U-0065,4284.9,cash_out,13,Dhaka,DEV-U-0065-P1,0,U-0060,0,0,1,0,0,0,None
TXN-MFS-02587,U-0065,3955.42,cash_out,20,Dhaka,DEV-U-0065-P1,0,U-0017,0,0,1,0,0,0,None
TXN-MFS-02588,U-0065,2593.49,send_money,17,Dhaka,DEV-U-0065-P1,0,U-0060,0,0,1,0,0,0,None
TXN-MFS-02589,U-0065,1446.89,send_money,17,Dhaka,DEV-U-0065-P1,0,U-0060,0,0,1,0,0,0,None
TXN-MFS-02590,U-0065,3664.09,send_money,14,Dhaka,DEV-U-0065-P1,0,U-0060,0,0,1,0,0,0,None
TXN-MFS-02591,U-0065,2285.91,cash_out,18,Dhaka,DEV-U-0065-P1,0,U-0017,0,0,1,0,0,0,None
TXN-MFS-02592,U-0065,5249.49,cash_out,17,Dhaka,DEV-U-0065-S2,1,U-0060,0,0,1,0,0,0,None
TXN-MFS-02593,U-0065,3529.61,cash_out,20,Dhaka,DEV-U-0065-P1,0,U-0036,0,0,1,0,0,0,None
TXN-MFS-02594,U-0065,3750.21,merchant_payment,10,Dhaka,DEV-U-0065-P1,0,U-0017,0,0,1,0,0,0,None
TXN-MFS-02595,U-0065,3216.2,send_money,14,Dhaka,DEV-U-0065-P1,0,U-0036,0,0,1,0,0,0,None
TXN-MFS-02596,U-0065,2299.9,send_money,18,Dhaka,DEV-U-0065-P1,0,U-0060,0,0,1,0,0,0,None
TXN-MFS-02597,U-0065,2258.78,send_money,12,Dhaka,DEV-U-0065-P1,0,U-0060,0,0,1,0,0,0,None
TXN-MFS-02598,U-0065,4192.92,send_money,20,Dhaka,DEV-U-0065-P1,0,U-0060,0,0,1,0,0,0,None
TXN-MFS-02599,U-0065,31660.02,cash_out,4,Sylhet,DEV-ROGUE-122,1,U-MULE-83,1,1,2,0,1,1,ATO_NOCTURNAL
TXN-MFS-02600,U-0066,5161.74,cash_out,17,Dhaka,DEV-U-0066-P1,0,U-0094,0,0,1,0,0,0,None
TXN-MFS-02601,U-0066,4332.68,send_money,12,Dhaka,DEV-U-0066-P1,0,U-0062,0,0,1,0,0,0,None
TXN-MFS-02602,U-0066,3522.58,send_money,11,Dhaka,DEV-U-0066-P1,0,U-0062,0,0,1,0,0,0,None
TXN-MFS-02603,U-0066,5754.81,send_money,15,Dhaka,DEV-U-0066-P1,0,U-0062,0,0,1,0,0,0,None
TXN-MFS-02604,U-0066,4955.34,send_money,15,Dhaka,DEV-U-0066-P1,0,U-0087,0,0,1,0,0,0,None
TXN-MFS-02605,U-0066,6400.42,send_money,12,Dhaka,DEV-U-0066-P1,0,U-0062,0,0,1,0,0,0,None
TXN-MFS-02606,U-0066,4795.82,send_money,14,Dhaka,DEV-U-0066-P1,0,U-0062,0,0,1,0,0,0,None
TXN-MFS-02607,U-0066,5332.04,send_money,13,Dhaka,DEV-U-0066-P1,0,U-0062,0,0,1,0,0,0,None
TXN-MFS-02608,U-0066,6035.24,send_money,15,Dhaka,DEV-U-0066-P1,0,U-0094,0,0,1,0,0,0,None
TXN-MFS-02609,U-0066,4523.45,cash_out,16,Dhaka,DEV-U-0066-P1,0,U-0062,0,0,1,0,0,0,None
TXN-MFS-02610,U-0066,4765.78,send_money,20,Jessore,DEV-U-0066-P1,0,U-0062,0,0,1,0,0,0,None
TXN-MFS-02611,U-0066,1517.69,send_money,10,Dhaka,DEV-U-0066-P1,0,U-0094,0,0,1,0,0,0,None
TXN-MFS-02612,U-0066,4505.69,send_money,18,Dhaka,DEV-U-0066-P1,0,U-0062,0,0,1,0,0,0,None
TXN-MFS-02613,U-0066,2967.85,send_money,12,Dhaka,DEV-U-0066-P1,0,U-0094,0,0,1,0,0,0,None
TXN-MFS-02614,U-0066,2589.7,send_money,13,Dhaka,DEV-U-0066-P1,0,U-0062,0,0,1,0,0,0,None
TXN-MFS-02615,U-0066,4108.95,cash_out,19,Dhaka,DEV-U-0066-P1,0,U-0062,0,0,1,0,0,0,None
TXN-MFS-02616,U-0066,4757.32,send_money,19,Dhaka,DEV-U-0066-P1,0,U-0094,0,0,1,0,0,0,None
TXN-MFS-02617,U-0066,3007.32,merchant_payment,20,Dhaka,DEV-U-0066-P1,0,U-0062,0,0,1,0,0,0,None
TXN-MFS-02618,U-0066,4584.38,send_money,15,Dhaka,DEV-U-0066-P1,0,U-0087,0,0,1,0,0,0,None
TXN-MFS-02619,U-0066,5128.17,send_money,20,Dhaka,DEV-U-0066-P1,0,U-0094,0,0,1,0,0,0,None
TXN-MFS-02620,U-0066,3858.28,send_money,9,Dhaka,DEV-U-0066-P1,0,U-0094,0,0,1,0,0,0,None
TXN-MFS-02621,U-0066,5713.42,merchant_payment,20,Dhaka,DEV-U-0066-P1,0,U-0094,0,0,1,0,0,0,None
TXN-MFS-02622,U-0066,1809.22,cash_out,13,Dhaka,DEV-U-0066-P1,0,U-0062,0,0,1,0,0,0,None
TXN-MFS-02623,U-0066,6183.45,send_money,11,Rajshahi,DEV-U-0066-P1,0,U-0094,0,0,1,0,0,0,None
TXN-MFS-02624,U-0066,3853.57,send_money,18,Dhaka,DEV-U-0066-P1,0,U-0087,0,0,1,0,0,0,None
TXN-MFS-02625,U-0066,2839.32,send_money,14,Dhaka,DEV-U-0066-P1,0,U-0087,0,0,1,0,0,0,None
TXN-MFS-02626,U-0066,4809.3,send_money,15,Dhaka,DEV-U-0066-P1,0,U-0062,0,0,1,0,0,0,None
TXN-MFS-02627,U-0066,5464.17,send_money,17,Dhaka,DEV-U-0066-P1,0,U-0087,0,0,1,0,0,0,None
TXN-MFS-02628,U-0066,2959.64,cash_out,18,Mymensingh,DEV-U-0066-P1,0,U-0094,0,0,1,0,0,0,None
TXN-MFS-02629,U-0066,5104.08,send_money,20,Dhaka,DEV-U-0066-P1,0,U-0087,0,0,1,0,0,0,None
TXN-MFS-02630,U-0066,4620.87,merchant_payment,14,Dhaka,DEV-U-0066-P1,0,U-0087,0,0,1,0,0,0,None
TXN-MFS-02631,U-0066,4205.87,merchant_payment,13,Dhaka,DEV-U-0066-P1,0,U-0087,0,0,1,0,0,0,None
TXN-MFS-02632,U-0066,5279.88,cash_out,18,Dhaka,DEV-U-0066-P1,0,U-0087,0,0,1,0,0,0,None
TXN-MFS-02633,U-0066,5146.17,cash_out,19,Dhaka,DEV-U-0066-P1,0,U-0094,0,0,1,0,0,0,None
TXN-MFS-02634,U-0066,4710.43,merchant_payment,15,Dhaka,DEV-U-0066-P1,0,U-0087,0,0,1,0,0,0,None
TXN-MFS-02635,U-0066,4206.2,cash_out,17,Dhaka,DEV-U-0066-P1,0,U-0087,0,0,1,0,0,0,None
TXN-MFS-02636,U-0066,5871.42,send_money,18,Rajshahi,DEV-U-0066-P1,0,U-0062,0,0,1,0,0,0,None
TXN-MFS-02637,U-0066,4183.55,send_money,10,Dhaka,DEV-U-0066-P1,0,U-0087,0,0,1,0,0,0,None
TXN-MFS-02638,U-0066,6035.26,send_money,20,Dhaka,DEV-U-0066-P1,0,U-0094,0,0,1,0,0,0,None
TXN-MFS-02639,U-0066,3029.89,send_money,15,Dhaka,DEV-U-0066-P1,0,U-0094,0,0,1,0,0,0,None
TXN-MFS-02640,U-0067,4301.97,cash_out,12,Mymensingh,DEV-U-0067-P1,0,U-0092,0,0,1,0,0,0,None
TXN-MFS-02641,U-0067,3444.95,merchant_payment,14,Mymensingh,DEV-U-0067-P1,0,U-0092,0,0,1,0,0,0,None
TXN-MFS-02642,U-0067,3469.89,send_money,9,Mymensingh,DEV-U-0067-P1,0,U-0092,0,0,1,0,0,0,None
TXN-MFS-02643,U-0067,5869.09,merchant_payment,14,Mymensingh,DEV-U-0067-P1,0,U-0002,0,0,1,0,0,0,None
TXN-MFS-02644,U-0067,5550.11,send_money,16,Mymensingh,DEV-U-0067-P1,0,U-0002,0,0,1,0,0,0,None
TXN-MFS-02645,U-0067,3523.93,send_money,9,Kushtia,DEV-U-0067-P1,0,U-0092,0,0,1,0,0,0,None
TXN-MFS-02646,U-0067,5661.82,merchant_payment,20,Mymensingh,DEV-U-0067-P1,0,U-0082,0,0,1,0,0,0,None
TXN-MFS-02647,U-0067,3768.6,merchant_payment,20,Mymensingh,DEV-U-0067-P1,0,U-0002,0,0,1,0,0,0,None
TXN-MFS-02648,U-0067,2843.38,merchant_payment,17,Mymensingh,DEV-U-0067-P1,0,U-0092,0,0,1,0,0,0,None
TXN-MFS-02649,U-0067,4654.92,send_money,20,Mymensingh,DEV-U-0067-P1,0,U-0002,0,0,1,0,0,0,None
TXN-MFS-02650,U-0067,5309.43,send_money,16,Mymensingh,DEV-U-0067-P1,0,U-0092,0,0,1,0,0,0,None
TXN-MFS-02651,U-0067,3187.02,send_money,12,Mymensingh,DEV-U-0067-P1,0,U-0082,0,0,1,0,0,0,None
TXN-MFS-02652,U-0067,4723.93,send_money,20,Mymensingh,DEV-U-0067-P1,0,U-0092,0,0,1,0,0,0,None
TXN-MFS-02653,U-0067,4540.87,merchant_payment,19,Mymensingh,DEV-U-0067-P1,0,U-0082,0,0,1,0,0,0,None
TXN-MFS-02654,U-0067,3532.75,send_money,18,Mymensingh,DEV-U-0067-P1,0,U-0082,0,0,1,0,0,0,None
TXN-MFS-02655,U-0067,3640.41,merchant_payment,20,Mymensingh,DEV-U-0067-P1,0,U-0082,0,0,1,0,0,0,None
TXN-MFS-02656,U-0067,4053.03,cash_out,11,Mymensingh,DEV-U-0067-P1,0,U-0002,0,0,1,0,0,0,None
TXN-MFS-02657,U-0067,5541.53,send_money,17,Mymensingh,DEV-U-0067-P1,0,U-0082,0,0,1,0,0,0,None
TXN-MFS-02658,U-0067,2925.78,send_money,19,Mymensingh,DEV-U-0067-P1,0,U-0002,0,0,1,0,0,0,None
TXN-MFS-02659,U-0067,3852.8,merchant_payment,12,Mymensingh,DEV-U-0067-P1,0,U-0092,0,0,1,0,0,0,None
TXN-MFS-02660,U-0067,4398.38,cash_out,16,Mymensingh,DEV-U-0067-P1,0,U-0002,0,0,1,0,0,0,None
TXN-MFS-02661,U-0067,4371.22,send_money,20,Mymensingh,DEV-U-0067-P1,0,U-0002,0,0,1,0,0,0,None
TXN-MFS-02662,U-0067,3101.2,send_money,14,Mymensingh,DEV-U-0067-P1,0,U-0092,0,0,1,0,0,0,None
TXN-MFS-02663,U-0067,4201.02,cash_out,11,Mymensingh,DEV-U-0067-P1,0,U-0002,0,0,1,0,0,0,None
TXN-MFS-02664,U-0067,3878.79,cash_out,14,Mymensingh,DEV-U-0067-P1,0,U-0082,0,0,1,0,0,0,None
TXN-MFS-02665,U-0067,5274.54,cash_out,19,Mymensingh,DEV-U-0067-P1,0,U-0092,0,0,1,0,0,0,None
TXN-MFS-02666,U-0067,4809.1,send_money,19,Mymensingh,DEV-U-0067-P1,0,U-0082,0,0,1,0,0,0,None
TXN-MFS-02667,U-0067,2773.7,merchant_payment,20,Mymensingh,DEV-U-0067-P1,0,U-0092,0,0,1,0,0,0,None
TXN-MFS-02668,U-0067,3543.68,send_money,9,Mymensingh,DEV-U-0067-P1,0,U-0092,0,0,1,0,0,0,None
TXN-MFS-02669,U-0067,1640.93,send_money,11,Dhaka,DEV-U-0067-P1,0,U-0082,0,0,1,0,0,0,None
TXN-MFS-02670,U-0067,4481.84,send_money,13,Mymensingh,DEV-U-0067-P1,0,U-0092,0,0,1,0,0,0,None
TXN-MFS-02671,U-0067,4355.23,merchant_payment,16,Mymensingh,DEV-U-0067-P1,0,U-0002,0,0,1,0,0,0,None
TXN-MFS-02672,U-0067,2247.76,send_money,12,Mymensingh,DEV-U-0067-P1,0,U-0082,0,0,1,0,0,0,None
TXN-MFS-02673,U-0067,3968.96,merchant_payment,10,Mymensingh,DEV-U-0067-P1,0,U-0092,0,0,1,0,0,0,None
TXN-MFS-02674,U-0067,3405.97,send_money,14,Mymensingh,DEV-U-0067-P1,0,U-0092,0,0,1,0,0,0,None
TXN-MFS-02675,U-0067,2541.94,send_money,18,Mymensingh,DEV-U-0067-P1,0,U-0092,0,0,1,0,0,0,None
TXN-MFS-02676,U-0067,3574.77,send_money,17,Mymensingh,DEV-U-0067-P1,0,U-0002,0,0,1,0,0,0,None
TXN-MFS-02677,U-0067,2027.61,merchant_payment,19,Mymensingh,DEV-U-0067-P1,0,U-0002,0,0,1,0,0,0,None
TXN-MFS-02678,U-0067,6538.2,merchant_payment,15,Mymensingh,DEV-U-0067-P1,0,U-0002,0,0,1,0,0,0,None
TXN-MFS-02679,U-0067,3471.42,merchant_payment,9,Mymensingh,DEV-U-0067-P1,0,U-0092,0,0,1,0,0,0,None
TXN-MFS-02680,U-0068,1336.93,send_money,10,Jessore,DEV-U-0068-P1,0,U-0095,0,0,1,0,0,0,None
TXN-MFS-02681,U-0068,1047.03,merchant_payment,10,Jessore,DEV-U-0068-P1,0,U-0095,0,0,1,0,0,0,None
TXN-MFS-02682,U-0068,1887.42,cash_out,20,Jessore,DEV-U-0068-P1,0,U-0025,0,0,1,0,0,0,None
TXN-MFS-02683,U-0068,1916.69,merchant_payment,17,Jessore,DEV-U-0068-P1,0,U-0095,0,0,1,0,0,0,None
TXN-MFS-02684,U-0068,1126.57,merchant_payment,13,Jessore,DEV-U-0068-P1,0,U-0025,0,0,1,0,0,0,None
TXN-MFS-02685,U-0068,1436.92,send_money,11,Jessore,DEV-U-0068-P1,0,U-0095,0,0,1,0,0,0,None
TXN-MFS-02686,U-0068,939.46,merchant_payment,12,Jessore,DEV-U-0068-P1,0,U-0095,0,0,1,0,0,0,None
TXN-MFS-02687,U-0068,2037.35,send_money,15,Jessore,DEV-U-0068-P1,0,U-0025,0,0,1,0,0,0,None
TXN-MFS-02688,U-0068,1597.89,merchant_payment,10,Jessore,DEV-U-0068-P1,0,U-0095,0,0,1,0,0,0,None
TXN-MFS-02689,U-0068,1145.47,merchant_payment,12,Jessore,DEV-U-0068-P1,0,U-0025,0,0,1,0,0,0,None
TXN-MFS-02690,U-0068,1150.4,send_money,15,Jessore,DEV-U-0068-P1,0,U-0025,0,0,1,0,0,0,None
TXN-MFS-02691,U-0068,1869.88,merchant_payment,16,Jessore,DEV-U-0068-P1,0,U-0071,0,0,1,0,0,0,None
TXN-MFS-02692,U-0068,1456.08,merchant_payment,14,Jessore,DEV-U-0068-P1,0,U-0025,0,0,1,0,0,0,None
TXN-MFS-02693,U-0068,1402.12,send_money,20,Jessore,DEV-U-0068-P1,0,U-0025,0,0,1,0,0,0,None
TXN-MFS-02694,U-0068,2364.65,send_money,19,Jessore,DEV-U-0068-P1,0,U-0071,0,0,1,0,0,0,None
TXN-MFS-02695,U-0068,677.36,merchant_payment,11,Jessore,DEV-U-0068-P1,0,U-0095,0,0,1,0,0,0,None
TXN-MFS-02696,U-0068,2149.18,send_money,13,Jessore,DEV-U-0068-P1,0,U-0025,0,0,1,0,0,0,None
TXN-MFS-02697,U-0068,2124.2,send_money,13,Jessore,DEV-U-0068-P1,0,U-0095,0,0,1,0,0,0,None
TXN-MFS-02698,U-0068,2313.7,merchant_payment,11,Jessore,DEV-U-0068-P1,0,U-0095,0,0,1,0,0,0,None
TXN-MFS-02699,U-0068,1752.01,send_money,15,Jessore,DEV-U-0068-P1,0,U-0095,0,0,1,0,0,0,None
TXN-MFS-02700,U-0068,1587.71,send_money,16,Jessore,DEV-U-0068-P1,0,U-0071,0,0,1,0,0,0,None
TXN-MFS-02701,U-0068,1306.22,send_money,19,Jessore,DEV-U-0068-P1,0,U-0095,0,0,1,0,0,0,None
TXN-MFS-02702,U-0068,1530.29,send_money,19,Jessore,DEV-U-0068-P1,0,U-0095,0,0,1,0,0,0,None
TXN-MFS-02703,U-0068,2080.07,send_money,10,Jessore,DEV-U-0068-P1,0,U-0095,0,0,1,0,0,0,None
TXN-MFS-02704,U-0068,1738.63,cash_out,20,Jessore,DEV-U-0068-P1,0,U-0025,0,0,1,0,0,0,None
TXN-MFS-02705,U-0068,1516.41,cash_out,10,Dhaka,DEV-U-0068-P1,0,U-0095,0,0,1,0,0,0,None
TXN-MFS-02706,U-0068,1440.84,send_money,13,Jessore,DEV-U-0068-P1,0,U-0025,0,0,1,0,0,0,None
TXN-MFS-02707,U-0068,1663.91,send_money,14,Jessore,DEV-U-0068-P1,0,U-0071,0,0,1,0,0,0,None
TXN-MFS-02708,U-0068,1394.13,send_money,12,Jessore,DEV-U-0068-P1,0,U-0095,0,0,1,0,0,0,None
TXN-MFS-02709,U-0068,1383.08,send_money,14,Jessore,DEV-U-0068-P1,0,U-0025,0,0,1,0,0,0,None
TXN-MFS-02710,U-0068,974.36,merchant_payment,17,Jessore,DEV-U-0068-P1,0,U-0071,0,0,1,0,0,0,None
TXN-MFS-02711,U-0068,1283.33,send_money,20,Jessore,DEV-U-0068-P1,0,U-0071,0,0,1,0,0,0,None
TXN-MFS-02712,U-0068,1835.64,send_money,11,Jessore,DEV-U-0068-P1,0,U-0025,0,0,1,0,0,0,None
TXN-MFS-02713,U-0068,1831.27,cash_out,15,Jessore,DEV-U-0068-P1,0,U-0071,0,0,1,0,0,0,None
TXN-MFS-02714,U-0068,394.43,send_money,16,Jessore,DEV-U-0068-P1,0,U-0071,0,0,1,0,0,0,None
TXN-MFS-02715,U-0068,913.54,send_money,11,Jessore,DEV-U-0068-P1,0,U-0071,0,0,1,0,0,0,None
TXN-MFS-02716,U-0068,1489.01,send_money,20,Jessore,DEV-U-0068-P1,0,U-0071,0,0,1,0,0,0,None
TXN-MFS-02717,U-0068,1278.1,merchant_payment,12,Jessore,DEV-U-0068-P1,0,U-0071,0,0,1,0,0,0,None
TXN-MFS-02718,U-0068,1646.99,send_money,13,Jessore,DEV-U-0068-P1,0,U-0071,0,0,1,0,0,0,None
TXN-MFS-02719,U-0068,24718.91,cash_out,11,Jessore,DEV-U-0068-P1,0,U-STRUCT-21,1,6,10,0,0,1,VELOCITY_BURST
TXN-MFS-02720,U-0069,4972.6,send_money,14,Sylhet,DEV-U-0069-P1,0,U-0045,0,0,1,0,0,0,None
TXN-MFS-02721,U-0069,3866.99,send_money,14,Sylhet,DEV-U-0069-P1,0,U-0045,0,0,1,0,0,0,None
TXN-MFS-02722,U-0069,3729.85,send_money,13,Sylhet,DEV-U-0069-S2,1,U-0030,0,0,1,0,0,0,None
TXN-MFS-02723,U-0069,3069.45,merchant_payment,13,Sylhet,DEV-U-0069-P1,0,U-0036,0,0,1,0,0,0,None
TXN-MFS-02724,U-0069,3651.37,send_money,11,Sylhet,DEV-U-0069-P1,0,U-0036,0,0,1,0,0,0,None
TXN-MFS-02725,U-0069,3077.95,cash_out,13,Sylhet,DEV-U-0069-P1,0,U-0030,0,0,1,0,0,0,None
TXN-MFS-02726,U-0069,2494.52,cash_out,17,Sylhet,DEV-U-0069-P1,0,U-0030,0,0,1,0,0,0,None
TXN-MFS-02727,U-0069,3150.74,send_money,18,Sylhet,DEV-U-0069-P1,0,U-0036,0,0,1,0,0,0,None
TXN-MFS-02728,U-0069,5336.88,merchant_payment,13,Sylhet,DEV-U-0069-P1,0,U-0045,0,0,1,0,0,0,None
TXN-MFS-02729,U-0069,4181.02,send_money,17,Sylhet,DEV-U-0069-P1,0,U-0036,0,0,1,0,0,0,None
TXN-MFS-02730,U-0069,3559.13,send_money,14,Sylhet,DEV-U-0069-P1,0,U-0030,0,0,1,0,0,0,None
TXN-MFS-02731,U-0069,4731.34,send_money,15,Sylhet,DEV-U-0069-P1,0,U-0045,0,0,1,0,0,0,None
TXN-MFS-02732,U-0069,2749.49,send_money,18,Sylhet,DEV-U-0069-P1,0,U-0030,0,0,1,0,0,0,None
TXN-MFS-02733,U-0069,4022.72,merchant_payment,19,Sylhet,DEV-U-0069-P1,0,U-0045,0,0,1,0,0,0,None
TXN-MFS-02734,U-0069,4047.37,cash_out,18,Sylhet,DEV-U-0069-P1,0,U-0045,0,0,1,0,0,0,None
TXN-MFS-02735,U-0069,4912.06,merchant_payment,10,Sylhet,DEV-U-0069-P1,0,U-0045,0,0,1,0,0,0,None
TXN-MFS-02736,U-0069,1216.72,cash_out,9,Sylhet,DEV-U-0069-S2,1,U-0036,0,0,1,0,0,0,None
TXN-MFS-02737,U-0069,3013.21,merchant_payment,9,Sylhet,DEV-U-0069-P1,0,U-0030,0,0,1,0,0,0,None
TXN-MFS-02738,U-0069,2972.2,send_money,16,Sylhet,DEV-U-0069-P1,0,U-0045,0,0,1,0,0,0,None
TXN-MFS-02739,U-0069,3689.18,cash_out,10,Sylhet,DEV-U-0069-P1,0,U-0036,0,0,1,0,0,0,None
TXN-MFS-02740,U-0069,4671.07,merchant_payment,20,Sylhet,DEV-U-0069-P1,0,U-0036,0,0,1,0,0,0,None
TXN-MFS-02741,U-0069,3262.32,merchant_payment,16,Sylhet,DEV-U-0069-P1,0,U-0030,0,0,1,0,0,0,None
TXN-MFS-02742,U-0069,2202.9,send_money,12,Sylhet,DEV-U-0069-P1,0,U-0030,0,0,1,0,0,0,None
TXN-MFS-02743,U-0069,3859.79,send_money,9,Sylhet,DEV-U-0069-P1,0,U-0030,0,0,1,0,0,0,None
TXN-MFS-02744,U-0069,5166.98,merchant_payment,10,Sylhet,DEV-U-0069-P1,0,U-0045,0,0,1,0,0,0,None
TXN-MFS-02745,U-0069,4953.37,send_money,13,Sylhet,DEV-U-0069-P1,0,U-0045,0,0,1,0,0,0,None
TXN-MFS-02746,U-0069,5627.52,merchant_payment,13,Sylhet,DEV-U-0069-P1,0,U-0036,0,0,1,0,0,0,None
TXN-MFS-02747,U-0069,2727.0,cash_out,11,Sylhet,DEV-U-0069-P1,0,U-0045,0,0,1,0,0,0,None
TXN-MFS-02748,U-0069,2504.2,send_money,10,Sylhet,DEV-U-0069-P1,0,U-0036,0,0,1,0,0,0,None
TXN-MFS-02749,U-0069,3970.79,merchant_payment,14,Chattogram,DEV-U-0069-P1,0,U-0030,0,0,1,0,0,0,None
TXN-MFS-02750,U-0069,3100.34,send_money,19,Sylhet,DEV-U-0069-P1,0,U-0045,0,0,1,0,0,0,None
TXN-MFS-02751,U-0069,3632.87,send_money,9,Sylhet,DEV-U-0069-P1,0,U-0045,0,0,1,0,0,0,None
TXN-MFS-02752,U-0069,3764.53,cash_out,14,Sylhet,DEV-U-0069-P1,0,U-0030,0,0,1,0,0,0,None
TXN-MFS-02753,U-0069,4115.38,merchant_payment,18,Sylhet,DEV-U-0069-P1,0,U-0045,0,0,1,0,0,0,None
TXN-MFS-02754,U-0069,2684.0,send_money,13,Sylhet,DEV-U-0069-P1,0,U-0030,0,0,1,0,0,0,None
TXN-MFS-02755,U-0069,4527.04,send_money,11,Sylhet,DEV-U-0069-P1,0,U-0045,0,0,1,0,0,0,None
TXN-MFS-02756,U-0069,2733.93,send_money,16,Sylhet,DEV-U-0069-P1,0,U-0045,0,0,1,0,0,0,None
TXN-MFS-02757,U-0069,3259.81,cash_out,19,Sylhet,DEV-U-0069-P1,0,U-0045,0,0,1,0,0,0,None
TXN-MFS-02758,U-0069,3364.67,send_money,13,Sylhet,DEV-U-0069-P1,0,U-0030,0,0,1,0,0,0,None
TXN-MFS-02759,U-0069,43347.73,send_money,6,Dhaka,DEV-ROGUE-473,1,U-8831,1,4,8,0,0,1,MULE_CLUSTER_17
TXN-MFS-02760,U-0070,3389.15,send_money,16,Cumilla,DEV-U-0070-P1,0,U-0026,0,0,1,0,0,0,None
TXN-MFS-02761,U-0070,2274.89,merchant_payment,12,Cumilla,DEV-U-0070-P1,0,U-0024,0,0,1,0,0,0,None
TXN-MFS-02762,U-0070,2611.02,cash_out,9,Cumilla,DEV-U-0070-P1,0,U-0024,0,0,1,0,0,0,None
TXN-MFS-02763,U-0070,2322.32,send_money,10,Cumilla,DEV-U-0070-P1,0,U-0026,0,0,1,0,0,0,None
TXN-MFS-02764,U-0070,3626.6,send_money,15,Cumilla,DEV-U-0070-P1,0,U-0024,0,0,1,0,0,0,None
TXN-MFS-02765,U-0070,2283.45,send_money,16,Cumilla,DEV-U-0070-P1,0,U-0026,0,0,1,0,0,0,None
TXN-MFS-02766,U-0070,3571.78,send_money,17,Cumilla,DEV-U-0070-P1,0,U-0024,0,0,1,0,0,0,None
TXN-MFS-02767,U-0070,3178.73,cash_out,9,Cumilla,DEV-U-0070-P1,0,U-0085,0,0,1,0,0,0,None
TXN-MFS-02768,U-0070,4141.89,merchant_payment,15,Cumilla,DEV-U-0070-P1,0,U-0024,0,0,1,0,0,0,None
TXN-MFS-02769,U-0070,2257.04,merchant_payment,16,Cumilla,DEV-U-0070-P1,0,U-0085,0,0,1,0,0,0,None
TXN-MFS-02770,U-0070,2060.83,merchant_payment,15,Cumilla,DEV-U-0070-P1,0,U-0026,0,0,1,0,0,0,None
TXN-MFS-02771,U-0070,2777.02,send_money,15,Cumilla,DEV-U-0070-P1,0,U-0026,0,0,1,0,0,0,None
TXN-MFS-02772,U-0070,2914.59,merchant_payment,9,Cumilla,DEV-U-0070-P1,0,U-0026,0,0,1,0,0,0,None
TXN-MFS-02773,U-0070,2677.2,merchant_payment,19,Cumilla,DEV-U-0070-P1,0,U-0024,0,0,1,0,0,0,None
TXN-MFS-02774,U-0070,2245.8,merchant_payment,13,Cumilla,DEV-U-0070-P1,0,U-0026,0,0,1,0,0,0,None
TXN-MFS-02775,U-0070,3087.04,send_money,20,Cumilla,DEV-U-0070-P1,0,U-0026,0,0,1,0,0,0,None
TXN-MFS-02776,U-0070,2641.27,send_money,20,Barishal,DEV-U-0070-P1,0,U-0024,0,0,1,0,0,0,None
TXN-MFS-02777,U-0070,4506.31,send_money,11,Mymensingh,DEV-U-0070-P1,0,U-0085,0,0,1,0,0,0,None
TXN-MFS-02778,U-0070,3950.22,cash_out,10,Cumilla,DEV-U-0070-P1,0,U-0085,0,0,1,0,0,0,None
TXN-MFS-02779,U-0070,3724.06,cash_out,10,Cumilla,DEV-U-0070-P1,0,U-0024,0,0,1,0,0,0,None
TXN-MFS-02780,U-0070,3170.92,send_money,11,Khulna,DEV-U-0070-P1,0,U-0085,0,0,1,0,0,0,None
TXN-MFS-02781,U-0070,3142.29,merchant_payment,20,Cumilla,DEV-U-0070-P1,0,U-0085,0,0,1,0,0,0,None
TXN-MFS-02782,U-0070,1799.84,send_money,15,Cumilla,DEV-U-0070-P1,0,U-0024,0,0,1,0,0,0,None
TXN-MFS-02783,U-0070,3186.1,send_money,12,Cumilla,DEV-U-0070-P1,0,U-0085,0,0,1,0,0,0,None
TXN-MFS-02784,U-0070,3281.19,cash_out,10,Cumilla,DEV-U-0070-P1,0,U-0024,0,0,1,0,0,0,None
TXN-MFS-02785,U-0070,2960.56,send_money,11,Cumilla,DEV-U-0070-P1,0,U-0085,0,0,1,0,0,0,None
TXN-MFS-02786,U-0070,1697.67,send_money,16,Cumilla,DEV-U-0070-P1,0,U-0026,0,0,1,0,0,0,None
TXN-MFS-02787,U-0070,2467.31,send_money,12,Cumilla,DEV-U-0070-P1,0,U-0085,0,0,1,0,0,0,None
TXN-MFS-02788,U-0070,2158.88,send_money,15,Cumilla,DEV-U-0070-P1,0,U-0085,0,0,1,0,0,0,None
TXN-MFS-02789,U-0070,2104.61,send_money,14,Cumilla,DEV-U-0070-P1,0,U-0026,0,0,1,0,0,0,None
TXN-MFS-02790,U-0070,3906.62,send_money,11,Cumilla,DEV-U-0070-P1,0,U-0026,0,0,1,0,0,0,None
TXN-MFS-02791,U-0070,3316.06,merchant_payment,16,Rangpur,DEV-U-0070-P1,0,U-0026,0,0,1,0,0,0,None
TXN-MFS-02792,U-0070,3275.94,send_money,13,Cumilla,DEV-U-0070-P1,0,U-0085,0,0,1,0,0,0,None
TXN-MFS-02793,U-0070,3974.42,cash_out,12,Dhaka,DEV-U-0070-P1,0,U-0085,0,0,1,0,0,0,None
TXN-MFS-02794,U-0070,3030.57,merchant_payment,13,Cumilla,DEV-U-0070-P1,0,U-0085,0,0,1,0,0,0,None
TXN-MFS-02795,U-0070,2983.93,send_money,18,Cumilla,DEV-U-0070-P1,0,U-0024,0,0,1,0,0,0,None
TXN-MFS-02796,U-0070,3584.75,send_money,19,Cumilla,DEV-U-0070-P1,0,U-0024,0,0,1,0,0,0,None
TXN-MFS-02797,U-0070,3444.24,send_money,17,Cumilla,DEV-U-0070-P1,0,U-0085,0,0,1,0,0,0,None
TXN-MFS-02798,U-0070,3658.28,cash_out,10,Cumilla,DEV-U-0070-P1,0,U-0024,0,0,1,0,0,0,None
TXN-MFS-02799,U-0070,33600.0,send_money,3,Cumilla,DEV-SIMSWAP-282,1,U-SWAP-60,1,2,3,1,1,1,SIM_SWAP_DRAIN
TXN-MFS-02800,U-0071,3493.91,cash_out,15,Kushtia,DEV-U-0071-P1,0,U-0027,0,0,1,0,0,0,None
TXN-MFS-02801,U-0071,2522.52,merchant_payment,15,Kushtia,DEV-U-0071-P1,0,U-0017,0,0,1,0,0,0,None
TXN-MFS-02802,U-0071,2680.07,send_money,9,Kushtia,DEV-U-0071-P1,0,U-0017,0,0,1,0,0,0,None
TXN-MFS-02803,U-0071,3763.38,send_money,17,Kushtia,DEV-U-0071-P1,0,U-0027,0,0,1,0,0,0,None
TXN-MFS-02804,U-0071,1054.13,merchant_payment,11,Kushtia,DEV-U-0071-P1,0,U-0006,0,0,1,0,0,0,None
TXN-MFS-02805,U-0071,4229.68,merchant_payment,19,Kushtia,DEV-U-0071-P1,0,U-0017,0,0,1,0,0,0,None
TXN-MFS-02806,U-0071,4304.78,send_money,11,Kushtia,DEV-U-0071-P1,0,U-0006,0,0,1,0,0,0,None
TXN-MFS-02807,U-0071,2029.24,send_money,18,Kushtia,DEV-U-0071-P1,0,U-0006,0,0,1,0,0,0,None
TXN-MFS-02808,U-0071,4705.05,send_money,19,Kushtia,DEV-U-0071-P1,0,U-0017,0,0,1,0,0,0,None
TXN-MFS-02809,U-0071,2150.39,send_money,20,Kushtia,DEV-U-0071-P1,0,U-0006,0,0,1,0,0,0,None
TXN-MFS-02810,U-0071,5473.58,merchant_payment,13,Kushtia,DEV-U-0071-P1,0,U-0027,0,0,1,0,0,0,None
TXN-MFS-02811,U-0071,2779.02,send_money,17,Kushtia,DEV-U-0071-P1,0,U-0027,0,0,1,0,0,0,None
TXN-MFS-02812,U-0071,5709.18,send_money,12,Kushtia,DEV-U-0071-P1,0,U-0006,0,0,1,0,0,0,None
TXN-MFS-02813,U-0071,3520.19,cash_out,9,Kushtia,DEV-U-0071-P1,0,U-0006,0,0,1,0,0,0,None
TXN-MFS-02814,U-0071,3195.61,cash_out,9,Kushtia,DEV-U-0071-P1,0,U-0006,0,0,1,0,0,0,None
TXN-MFS-02815,U-0071,3912.61,merchant_payment,18,Kushtia,DEV-U-0071-P1,0,U-0027,0,0,1,0,0,0,None
TXN-MFS-02816,U-0071,3167.48,send_money,15,Kushtia,DEV-U-0071-P1,0,U-0027,0,0,1,0,0,0,None
TXN-MFS-02817,U-0071,3628.45,send_money,12,Kushtia,DEV-U-0071-P1,0,U-0006,0,0,1,0,0,0,None
TXN-MFS-02818,U-0071,3849.0,merchant_payment,12,Kushtia,DEV-U-0071-S2,1,U-0017,0,0,1,0,0,0,None
TXN-MFS-02819,U-0071,3427.69,cash_out,20,Kushtia,DEV-U-0071-P1,0,U-0027,0,0,1,0,0,0,None
TXN-MFS-02820,U-0071,3561.74,send_money,11,Kushtia,DEV-U-0071-P1,0,U-0006,0,0,1,0,0,0,None
TXN-MFS-02821,U-0071,3540.99,merchant_payment,18,Rajshahi,DEV-U-0071-P1,0,U-0017,0,0,1,0,0,0,None
TXN-MFS-02822,U-0071,4334.66,send_money,13,Kushtia,DEV-U-0071-P1,0,U-0006,0,0,1,0,0,0,None
TXN-MFS-02823,U-0071,4100.58,cash_out,18,Kushtia,DEV-U-0071-P1,0,U-0027,0,0,1,0,0,0,None
TXN-MFS-02824,U-0071,4503.93,send_money,15,Kushtia,DEV-U-0071-P1,0,U-0017,0,0,1,0,0,0,None
TXN-MFS-02825,U-0071,5463.69,merchant_payment,16,Kushtia,DEV-U-0071-P1,0,U-0027,0,0,1,0,0,0,None
TXN-MFS-02826,U-0071,4154.75,send_money,15,Kushtia,DEV-U-0071-P1,0,U-0017,0,0,1,0,0,0,None
TXN-MFS-02827,U-0071,1929.68,cash_out,20,Kushtia,DEV-U-0071-P1,0,U-0006,0,0,1,0,0,0,None
TXN-MFS-02828,U-0071,3733.14,cash_out,14,Kushtia,DEV-U-0071-P1,0,U-0006,0,0,1,0,0,0,None
TXN-MFS-02829,U-0071,4766.47,send_money,14,Kushtia,DEV-U-0071-P1,0,U-0017,0,0,1,0,0,0,None
TXN-MFS-02830,U-0071,3913.03,send_money,15,Kushtia,DEV-U-0071-P1,0,U-0017,0,0,1,0,0,0,None
TXN-MFS-02831,U-0071,3194.53,send_money,13,Kushtia,DEV-U-0071-P1,0,U-0006,0,0,1,0,0,0,None
TXN-MFS-02832,U-0071,2578.32,merchant_payment,13,Kushtia,DEV-U-0071-P1,0,U-0017,0,0,1,0,0,0,None
TXN-MFS-02833,U-0071,2505.19,send_money,13,Kushtia,DEV-U-0071-P1,0,U-0017,0,0,1,0,0,0,None
TXN-MFS-02834,U-0071,3930.86,cash_out,16,Kushtia,DEV-U-0071-P1,0,U-0006,0,0,1,0,0,0,None
TXN-MFS-02835,U-0071,3564.02,merchant_payment,15,Kushtia,DEV-U-0071-P1,0,U-0017,0,0,1,0,0,0,None
TXN-MFS-02836,U-0071,3236.24,send_money,14,Kushtia,DEV-U-0071-P1,0,U-0027,0,0,1,0,0,0,None
TXN-MFS-02837,U-0071,4960.26,send_money,15,Kushtia,DEV-U-0071-P1,0,U-0027,0,0,1,0,0,0,None
TXN-MFS-02838,U-0071,2619.33,send_money,16,Kushtia,DEV-U-0071-P1,0,U-0006,0,0,1,0,0,0,None
TXN-MFS-02839,U-0071,3723.25,merchant_payment,16,Kushtia,DEV-U-0071-P1,0,U-0027,0,0,1,0,0,0,None
TXN-MFS-02840,U-0072,2411.58,merchant_payment,14,Cumilla,DEV-U-0072-P1,0,U-0009,0,0,1,0,0,0,None
TXN-MFS-02841,U-0072,2072.19,cash_out,10,Cumilla,DEV-U-0072-P1,0,U-0056,0,0,1,0,0,0,None
TXN-MFS-02842,U-0072,2642.08,cash_out,16,Cumilla,DEV-U-0072-P1,0,U-0056,0,0,1,0,0,0,None
TXN-MFS-02843,U-0072,2878.68,merchant_payment,15,Cumilla,DEV-U-0072-P1,0,U-0056,0,0,1,0,0,0,None
TXN-MFS-02844,U-0072,2116.66,send_money,15,Cumilla,DEV-U-0072-P1,0,U-0009,0,0,1,0,0,0,None
TXN-MFS-02845,U-0072,631.14,send_money,17,Cumilla,DEV-U-0072-P1,0,U-0056,0,0,1,0,0,0,None
TXN-MFS-02846,U-0072,1930.81,merchant_payment,10,Cumilla,DEV-U-0072-P1,0,U-0033,0,0,1,0,0,0,None
TXN-MFS-02847,U-0072,1652.74,send_money,18,Cumilla,DEV-U-0072-S2,1,U-0033,0,0,1,0,0,0,None
TXN-MFS-02848,U-0072,2124.53,send_money,19,Cumilla,DEV-U-0072-P1,0,U-0033,0,0,1,0,0,0,None
TXN-MFS-02849,U-0072,1879.21,send_money,20,Cumilla,DEV-U-0072-P1,0,U-0009,0,0,1,0,0,0,None
TXN-MFS-02850,U-0072,3237.89,send_money,18,Cumilla,DEV-U-0072-P1,0,U-0009,0,0,1,0,0,0,None
TXN-MFS-02851,U-0072,2172.77,merchant_payment,15,Cumilla,DEV-U-0072-P1,0,U-0009,0,0,1,0,0,0,None
TXN-MFS-02852,U-0072,2214.92,send_money,14,Cumilla,DEV-U-0072-P1,0,U-0033,0,0,1,0,0,0,None
TXN-MFS-02853,U-0072,1858.59,merchant_payment,20,Cumilla,DEV-U-0072-P1,0,U-0009,0,0,1,0,0,0,None
TXN-MFS-02854,U-0072,2071.4,send_money,10,Cumilla,DEV-U-0072-P1,0,U-0009,0,0,1,0,0,0,None
TXN-MFS-02855,U-0072,2445.27,merchant_payment,19,Cumilla,DEV-U-0072-P1,0,U-0009,0,0,1,0,0,0,None
TXN-MFS-02856,U-0072,2269.15,merchant_payment,17,Cumilla,DEV-U-0072-P1,0,U-0056,0,0,1,0,0,0,None
TXN-MFS-02857,U-0072,1737.18,send_money,11,Cumilla,DEV-U-0072-P1,0,U-0009,0,0,1,0,0,0,None
TXN-MFS-02858,U-0072,2053.23,merchant_payment,18,Cumilla,DEV-U-0072-P1,0,U-0009,0,0,1,0,0,0,None
TXN-MFS-02859,U-0072,1607.78,send_money,12,Cumilla,DEV-U-0072-P1,0,U-0009,0,0,1,0,0,0,None
TXN-MFS-02860,U-0072,2620.52,send_money,16,Cumilla,DEV-U-0072-P1,0,U-0009,0,0,1,0,0,0,None
TXN-MFS-02861,U-0072,1801.54,send_money,12,Cumilla,DEV-U-0072-P1,0,U-0056,0,0,1,0,0,0,None
TXN-MFS-02862,U-0072,1454.8,merchant_payment,16,Rajshahi,DEV-U-0072-P1,0,U-0033,0,0,1,0,0,0,None
TXN-MFS-02863,U-0072,2417.41,send_money,20,Cumilla,DEV-U-0072-P1,0,U-0056,0,0,1,0,0,0,None
TXN-MFS-02864,U-0072,1172.95,send_money,10,Cumilla,DEV-U-0072-P1,0,U-0009,0,0,1,0,0,0,None
TXN-MFS-02865,U-0072,2340.55,send_money,10,Cumilla,DEV-U-0072-P1,0,U-0033,0,0,1,0,0,0,None
TXN-MFS-02866,U-0072,1613.57,send_money,12,Cumilla,DEV-U-0072-P1,0,U-0056,0,0,1,0,0,0,None
TXN-MFS-02867,U-0072,1518.88,cash_out,11,Cumilla,DEV-U-0072-P1,0,U-0056,0,0,1,0,0,0,None
TXN-MFS-02868,U-0072,2456.13,merchant_payment,14,Cumilla,DEV-U-0072-P1,0,U-0009,0,0,1,0,0,0,None
TXN-MFS-02869,U-0072,2398.79,merchant_payment,14,Cumilla,DEV-U-0072-P1,0,U-0009,0,0,1,0,0,0,None
TXN-MFS-02870,U-0072,2011.02,send_money,17,Cumilla,DEV-U-0072-P1,0,U-0009,0,0,1,0,0,0,None
TXN-MFS-02871,U-0072,2221.71,send_money,15,Cumilla,DEV-U-0072-P1,0,U-0009,0,0,1,0,0,0,None
TXN-MFS-02872,U-0072,2352.92,cash_out,16,Cumilla,DEV-U-0072-P1,0,U-0056,0,0,1,0,0,0,None
TXN-MFS-02873,U-0072,2074.49,send_money,15,Cumilla,DEV-U-0072-P1,0,U-0033,0,0,1,0,0,0,None
TXN-MFS-02874,U-0072,1308.16,cash_out,14,Cumilla,DEV-U-0072-P1,0,U-0009,0,0,1,0,0,0,None
TXN-MFS-02875,U-0072,1921.29,merchant_payment,10,Cumilla,DEV-U-0072-P1,0,U-0056,0,0,1,0,0,0,None
TXN-MFS-02876,U-0072,2398.23,merchant_payment,12,Cumilla,DEV-U-0072-P1,0,U-0009,0,0,1,0,0,0,None
TXN-MFS-02877,U-0072,2411.57,merchant_payment,11,Cumilla,DEV-U-0072-P1,0,U-0009,0,0,1,0,0,0,None
TXN-MFS-02878,U-0072,1626.72,cash_out,14,Cumilla,DEV-U-0072-P1,0,U-0009,0,0,1,0,0,0,None
TXN-MFS-02879,U-0072,2665.75,send_money,16,Cumilla,DEV-U-0072-P1,0,U-0009,0,0,1,0,0,0,None
TXN-MFS-02880,U-0073,2515.25,send_money,11,Chattogram,DEV-U-0073-P1,0,U-0075,0,0,1,0,0,0,None
TXN-MFS-02881,U-0073,3675.09,cash_out,19,Barishal,DEV-U-0073-P1,0,U-0075,0,0,1,0,0,0,None
TXN-MFS-02882,U-0073,3316.79,send_money,18,Barishal,DEV-U-0073-P1,0,U-0050,0,0,1,0,0,0,None
TXN-MFS-02883,U-0073,3537.63,merchant_payment,9,Barishal,DEV-U-0073-P1,0,U-0093,0,0,1,0,0,0,None
TXN-MFS-02884,U-0073,3793.62,send_money,12,Barishal,DEV-U-0073-P1,0,U-0075,0,0,1,0,0,0,None
TXN-MFS-02885,U-0073,3943.67,cash_out,12,Barishal,DEV-U-0073-P1,0,U-0093,0,0,1,0,0,0,None
TXN-MFS-02886,U-0073,4285.67,send_money,12,Barishal,DEV-U-0073-P1,0,U-0075,0,0,1,0,0,0,None
TXN-MFS-02887,U-0073,3705.23,send_money,14,Barishal,DEV-U-0073-P1,0,U-0050,0,0,1,0,0,0,None
TXN-MFS-02888,U-0073,3041.65,cash_out,15,Barishal,DEV-U-0073-P1,0,U-0075,0,0,1,0,0,0,None
TXN-MFS-02889,U-0073,3958.95,cash_out,19,Barishal,DEV-U-0073-P1,0,U-0075,0,0,1,0,0,0,None
TXN-MFS-02890,U-0073,4365.31,send_money,11,Barishal,DEV-U-0073-P1,0,U-0093,0,0,1,0,0,0,None
TXN-MFS-02891,U-0073,2424.9,merchant_payment,11,Barishal,DEV-U-0073-P1,0,U-0050,0,0,1,0,0,0,None
TXN-MFS-02892,U-0073,3104.18,send_money,16,Barishal,DEV-U-0073-P1,0,U-0050,0,0,1,0,0,0,None
TXN-MFS-02893,U-0073,2758.94,send_money,18,Kushtia,DEV-U-0073-P1,0,U-0075,0,0,1,0,0,0,None
TXN-MFS-02894,U-0073,3650.53,send_money,17,Barishal,DEV-U-0073-P1,0,U-0050,0,0,1,0,0,0,None
TXN-MFS-02895,U-0073,4668.37,send_money,11,Barishal,DEV-U-0073-P1,0,U-0093,0,0,1,0,0,0,None
TXN-MFS-02896,U-0073,4231.51,merchant_payment,9,Barishal,DEV-U-0073-P1,0,U-0050,0,0,1,0,0,0,None
TXN-MFS-02897,U-0073,2967.21,merchant_payment,17,Barishal,DEV-U-0073-P1,0,U-0075,0,0,1,0,0,0,None
TXN-MFS-02898,U-0073,3419.76,send_money,12,Barishal,DEV-U-0073-P1,0,U-0075,0,0,1,0,0,0,None
TXN-MFS-02899,U-0073,4310.9,send_money,19,Barishal,DEV-U-0073-P1,0,U-0050,0,0,1,0,0,0,None
TXN-MFS-02900,U-0073,2678.3,cash_out,10,Barishal,DEV-U-0073-P1,0,U-0075,0,0,1,0,0,0,None
TXN-MFS-02901,U-0073,3302.31,merchant_payment,17,Kushtia,DEV-U-0073-P1,0,U-0093,0,0,1,0,0,0,None
TXN-MFS-02902,U-0073,3437.32,merchant_payment,17,Barishal,DEV-U-0073-P1,0,U-0075,0,0,1,0,0,0,None
TXN-MFS-02903,U-0073,2687.96,send_money,10,Barishal,DEV-U-0073-P1,0,U-0075,0,0,1,0,0,0,None
TXN-MFS-02904,U-0073,4604.75,merchant_payment,11,Barishal,DEV-U-0073-P1,0,U-0075,0,0,1,0,0,0,None
TXN-MFS-02905,U-0073,3890.64,send_money,12,Barishal,DEV-U-0073-S2,1,U-0075,0,0,1,0,0,0,None
TXN-MFS-02906,U-0073,3505.01,send_money,9,Barishal,DEV-U-0073-P1,0,U-0050,0,0,1,0,0,0,None
TXN-MFS-02907,U-0073,3905.06,cash_out,10,Barishal,DEV-U-0073-P1,0,U-0093,0,0,1,0,0,0,None
TXN-MFS-02908,U-0073,3201.83,send_money,17,Barishal,DEV-U-0073-P1,0,U-0050,0,0,1,0,0,0,None
TXN-MFS-02909,U-0073,3640.86,send_money,12,Barishal,DEV-U-0073-P1,0,U-0075,0,0,1,0,0,0,None
TXN-MFS-02910,U-0073,3452.15,cash_out,9,Barishal,DEV-U-0073-P1,0,U-0093,0,0,1,0,0,0,None
TXN-MFS-02911,U-0073,4762.1,merchant_payment,17,Barishal,DEV-U-0073-P1,0,U-0075,0,0,1,0,0,0,None
TXN-MFS-02912,U-0073,2290.58,send_money,19,Barishal,DEV-U-0073-P1,0,U-0075,0,0,1,0,0,0,None
TXN-MFS-02913,U-0073,4248.41,merchant_payment,11,Barishal,DEV-U-0073-P1,0,U-0075,0,0,1,0,0,0,None
TXN-MFS-02914,U-0073,3649.17,send_money,17,Barishal,DEV-U-0073-P1,0,U-0050,0,0,1,0,0,0,None
TXN-MFS-02915,U-0073,3445.12,cash_out,12,Barishal,DEV-U-0073-P1,0,U-0050,0,0,1,0,0,0,None
TXN-MFS-02916,U-0073,4344.02,cash_out,16,Barishal,DEV-U-0073-P1,0,U-0075,0,0,1,0,0,0,None
TXN-MFS-02917,U-0073,5173.21,send_money,18,Barishal,DEV-U-0073-P1,0,U-0075,0,0,1,0,0,0,None
TXN-MFS-02918,U-0073,4068.32,send_money,12,Barishal,DEV-U-0073-P1,0,U-0093,0,0,1,0,0,0,None
TXN-MFS-02919,U-0073,3724.41,merchant_payment,16,Barishal,DEV-U-0073-P1,0,U-0093,0,0,1,0,0,0,None
TXN-MFS-02920,U-0074,3643.93,send_money,17,Rangpur,DEV-U-0074-P1,0,U-0043,0,0,1,0,0,0,None
TXN-MFS-02921,U-0074,4159.08,merchant_payment,15,Rangpur,DEV-U-0074-P1,0,U-0068,0,0,1,0,0,0,None
TXN-MFS-02922,U-0074,3925.27,send_money,14,Rangpur,DEV-U-0074-P1,0,U-0054,0,0,1,0,0,0,None
TXN-MFS-02923,U-0074,4389.4,cash_out,10,Rangpur,DEV-U-0074-P1,0,U-0068,0,0,1,0,0,0,None
TXN-MFS-02924,U-0074,3343.68,merchant_payment,18,Rangpur,DEV-U-0074-P1,0,U-0043,0,0,1,0,0,0,None
TXN-MFS-02925,U-0074,2724.11,cash_out,16,Rangpur,DEV-U-0074-P1,0,U-0054,0,0,1,0,0,0,None
TXN-MFS-02926,U-0074,3408.3,merchant_payment,16,Rangpur,DEV-U-0074-P1,0,U-0068,0,0,1,0,0,0,None
TXN-MFS-02927,U-0074,4118.02,cash_out,17,Rangpur,DEV-U-0074-P1,0,U-0043,0,0,1,0,0,0,None
TXN-MFS-02928,U-0074,3899.81,send_money,20,Rangpur,DEV-U-0074-P1,0,U-0068,0,0,1,0,0,0,None
TXN-MFS-02929,U-0074,4188.18,send_money,13,Rangpur,DEV-U-0074-P1,0,U-0054,0,0,1,0,0,0,None
TXN-MFS-02930,U-0074,5745.95,merchant_payment,18,Rangpur,DEV-U-0074-P1,0,U-0054,0,0,1,0,0,0,None
TXN-MFS-02931,U-0074,4554.78,send_money,9,Rangpur,DEV-U-0074-P1,0,U-0043,0,0,1,0,0,0,None
TXN-MFS-02932,U-0074,3798.71,cash_out,13,Rangpur,DEV-U-0074-P1,0,U-0043,0,0,1,0,0,0,None
TXN-MFS-02933,U-0074,4211.75,send_money,14,Khulna,DEV-U-0074-P1,0,U-0054,0,0,1,0,0,0,None
TXN-MFS-02934,U-0074,4360.88,cash_out,16,Rangpur,DEV-U-0074-P1,0,U-0043,0,0,1,0,0,0,None
TXN-MFS-02935,U-0074,3046.15,merchant_payment,13,Rangpur,DEV-U-0074-P1,0,U-0068,0,0,1,0,0,0,None
TXN-MFS-02936,U-0074,3321.22,send_money,14,Rangpur,DEV-U-0074-P1,0,U-0043,0,0,1,0,0,0,None
TXN-MFS-02937,U-0074,3779.8,send_money,19,Rangpur,DEV-U-0074-P1,0,U-0054,0,0,1,0,0,0,None
TXN-MFS-02938,U-0074,2728.52,send_money,18,Rangpur,DEV-U-0074-S2,1,U-0054,0,0,1,0,0,0,None
TXN-MFS-02939,U-0074,5050.72,merchant_payment,16,Rangpur,DEV-U-0074-P1,0,U-0068,0,0,1,0,0,0,None
TXN-MFS-02940,U-0074,3725.83,send_money,13,Rangpur,DEV-U-0074-P1,0,U-0068,0,0,1,0,0,0,None
TXN-MFS-02941,U-0074,2767.11,send_money,11,Rangpur,DEV-U-0074-P1,0,U-0043,0,0,1,0,0,0,None
TXN-MFS-02942,U-0074,4240.36,cash_out,13,Rangpur,DEV-U-0074-P1,0,U-0043,0,0,1,0,0,0,None
TXN-MFS-02943,U-0074,2694.38,cash_out,11,Rangpur,DEV-U-0074-S2,1,U-0068,0,0,1,0,0,0,None
TXN-MFS-02944,U-0074,2439.07,send_money,19,Rangpur,DEV-U-0074-P1,0,U-0043,0,0,1,0,0,0,None
TXN-MFS-02945,U-0074,4300.67,send_money,12,Rangpur,DEV-U-0074-P1,0,U-0043,0,0,1,0,0,0,None
TXN-MFS-02946,U-0074,3693.35,send_money,19,Rangpur,DEV-U-0074-P1,0,U-0054,0,0,1,0,0,0,None
TXN-MFS-02947,U-0074,3348.52,send_money,9,Rangpur,DEV-U-0074-P1,0,U-0043,0,0,1,0,0,0,None
TXN-MFS-02948,U-0074,2443.18,merchant_payment,20,Rangpur,DEV-U-0074-P1,0,U-0054,0,0,1,0,0,0,None
TXN-MFS-02949,U-0074,3524.21,merchant_payment,12,Rangpur,DEV-U-0074-P1,0,U-0043,0,0,1,0,0,0,None
TXN-MFS-02950,U-0074,2648.08,merchant_payment,16,Rangpur,DEV-U-0074-P1,0,U-0068,0,0,1,0,0,0,None
TXN-MFS-02951,U-0074,3913.73,send_money,9,Rangpur,DEV-U-0074-P1,0,U-0054,0,0,1,0,0,0,None
TXN-MFS-02952,U-0074,2725.38,merchant_payment,19,Mymensingh,DEV-U-0074-P1,0,U-0068,0,0,1,0,0,0,None
TXN-MFS-02953,U-0074,4898.06,send_money,17,Rangpur,DEV-U-0074-P1,0,U-0054,0,0,1,0,0,0,None
TXN-MFS-02954,U-0074,3359.4,send_money,9,Rangpur,DEV-U-0074-P1,0,U-0054,0,0,1,0,0,0,None
TXN-MFS-02955,U-0074,3053.9,merchant_payment,12,Rangpur,DEV-U-0074-P1,0,U-0043,0,0,1,0,0,0,None
TXN-MFS-02956,U-0074,2770.13,send_money,11,Rangpur,DEV-U-0074-P1,0,U-0068,0,0,1,0,0,0,None
TXN-MFS-02957,U-0074,2858.27,merchant_payment,10,Rangpur,DEV-U-0074-P1,0,U-0054,0,0,1,0,0,0,None
TXN-MFS-02958,U-0074,2910.95,merchant_payment,20,Rangpur,DEV-U-0074-P1,0,U-0068,0,0,1,0,0,0,None
TXN-MFS-02959,U-0074,42000.0,send_money,3,Cumilla,DEV-SIMSWAP-158,1,U-SWAP-37,1,2,3,1,1,1,SIM_SWAP_DRAIN
TXN-MFS-02960,U-0075,4300.2,cash_out,18,Sylhet,DEV-U-0075-P1,0,U-0074,0,0,1,0,0,0,None
TXN-MFS-02961,U-0075,3668.89,send_money,18,Sylhet,DEV-U-0075-P1,0,U-0059,0,0,1,0,0,0,None
TXN-MFS-02962,U-0075,4424.22,send_money,14,Sylhet,DEV-U-0075-P1,0,U-0061,0,0,1,0,0,0,None
TXN-MFS-02963,U-0075,3612.87,send_money,20,Sylhet,DEV-U-0075-P1,0,U-0074,0,0,1,0,0,0,None
TXN-MFS-02964,U-0075,2687.55,merchant_payment,11,Sylhet,DEV-U-0075-P1,0,U-0061,0,0,1,0,0,0,None
TXN-MFS-02965,U-0075,3396.76,send_money,18,Sylhet,DEV-U-0075-P1,0,U-0074,0,0,1,0,0,0,None
TXN-MFS-02966,U-0075,3533.59,send_money,16,Sylhet,DEV-U-0075-P1,0,U-0074,0,0,1,0,0,0,None
TXN-MFS-02967,U-0075,3014.92,send_money,10,Sylhet,DEV-U-0075-P1,0,U-0059,0,0,1,0,0,0,None
TXN-MFS-02968,U-0075,4034.29,send_money,13,Sylhet,DEV-U-0075-P1,0,U-0074,0,0,1,0,0,0,None
TXN-MFS-02969,U-0075,4874.19,merchant_payment,10,Sylhet,DEV-U-0075-P1,0,U-0074,0,0,1,0,0,0,None
TXN-MFS-02970,U-0075,4042.46,send_money,11,Sylhet,DEV-U-0075-P1,0,U-0061,0,0,1,0,0,0,None
TXN-MFS-02971,U-0075,4358.35,send_money,17,Sylhet,DEV-U-0075-P1,0,U-0061,0,0,1,0,0,0,None
TXN-MFS-02972,U-0075,5023.99,send_money,9,Sylhet,DEV-U-0075-P1,0,U-0061,0,0,1,0,0,0,None
TXN-MFS-02973,U-0075,2740.31,send_money,16,Sylhet,DEV-U-0075-P1,0,U-0059,0,0,1,0,0,0,None
TXN-MFS-02974,U-0075,3642.67,send_money,13,Sylhet,DEV-U-0075-P1,0,U-0061,0,0,1,0,0,0,None
TXN-MFS-02975,U-0075,2027.5,merchant_payment,15,Sylhet,DEV-U-0075-P1,0,U-0061,0,0,1,0,0,0,None
TXN-MFS-02976,U-0075,3758.8,send_money,15,Sylhet,DEV-U-0075-P1,0,U-0059,0,0,1,0,0,0,None
TXN-MFS-02977,U-0075,2864.34,send_money,18,Sylhet,DEV-U-0075-P1,0,U-0059,0,0,1,0,0,0,None
TXN-MFS-02978,U-0075,4670.98,send_money,11,Sylhet,DEV-U-0075-P1,0,U-0061,0,0,1,0,0,0,None
TXN-MFS-02979,U-0075,2540.44,send_money,18,Sylhet,DEV-U-0075-P1,0,U-0059,0,0,1,0,0,0,None
TXN-MFS-02980,U-0075,4720.49,merchant_payment,12,Sylhet,DEV-U-0075-P1,0,U-0059,0,0,1,0,0,0,None
TXN-MFS-02981,U-0075,5527.37,merchant_payment,16,Sylhet,DEV-U-0075-P1,0,U-0074,0,0,1,0,0,0,None
TXN-MFS-02982,U-0075,2640.75,merchant_payment,19,Sylhet,DEV-U-0075-P1,0,U-0059,0,0,1,0,0,0,None
TXN-MFS-02983,U-0075,4000.81,send_money,19,Sylhet,DEV-U-0075-P1,0,U-0061,0,0,1,0,0,0,None
TXN-MFS-02984,U-0075,2032.13,send_money,15,Sylhet,DEV-U-0075-P1,0,U-0061,0,0,1,0,0,0,None
TXN-MFS-02985,U-0075,3648.13,merchant_payment,16,Sylhet,DEV-U-0075-P1,0,U-0059,0,0,1,0,0,0,None
TXN-MFS-02986,U-0075,4283.74,send_money,18,Dhaka,DEV-U-0075-P1,0,U-0074,0,0,1,0,0,0,None
TXN-MFS-02987,U-0075,4307.6,send_money,11,Sylhet,DEV-U-0075-P1,0,U-0059,0,0,1,0,0,0,None
TXN-MFS-02988,U-0075,3208.15,send_money,11,Sylhet,DEV-U-0075-P1,0,U-0061,0,0,1,0,0,0,None
TXN-MFS-02989,U-0075,2920.53,send_money,11,Sylhet,DEV-U-0075-P1,0,U-0061,0,0,1,0,0,0,None
TXN-MFS-02990,U-0075,5034.27,merchant_payment,14,Sylhet,DEV-U-0075-P1,0,U-0061,0,0,1,0,0,0,None
TXN-MFS-02991,U-0075,3331.13,send_money,20,Sylhet,DEV-U-0075-P1,0,U-0059,0,0,1,0,0,0,None
TXN-MFS-02992,U-0075,3215.76,merchant_payment,15,Sylhet,DEV-U-0075-P1,0,U-0074,0,0,1,0,0,0,None
TXN-MFS-02993,U-0075,4615.76,send_money,18,Sylhet,DEV-U-0075-P1,0,U-0074,0,0,1,0,0,0,None
TXN-MFS-02994,U-0075,3973.98,send_money,12,Sylhet,DEV-U-0075-P1,0,U-0074,0,0,1,0,0,0,None
TXN-MFS-02995,U-0075,2984.4,send_money,11,Sylhet,DEV-U-0075-P1,0,U-0061,0,0,1,0,0,0,None
TXN-MFS-02996,U-0075,3092.52,send_money,13,Sylhet,DEV-U-0075-P1,0,U-0061,0,0,1,0,0,0,None
TXN-MFS-02997,U-0075,4022.22,merchant_payment,15,Sylhet,DEV-U-0075-P1,0,U-0059,0,0,1,0,0,0,None
TXN-MFS-02998,U-0075,2742.08,send_money,10,Sylhet,DEV-U-0075-P1,0,U-0074,0,0,1,0,0,0,None
TXN-MFS-02999,U-0075,5549.87,merchant_payment,13,Sylhet,DEV-U-0075-P1,0,U-0059,0,0,1,0,0,0,None
TXN-MFS-03000,U-0076,3515.16,send_money,16,Rajshahi,DEV-U-0076-S2,1,U-0063,0,0,1,0,0,0,None
TXN-MFS-03001,U-0076,3403.25,send_money,13,Rajshahi,DEV-U-0076-P1,0,U-0080,0,0,1,0,0,0,None
TXN-MFS-03002,U-0076,4876.13,cash_out,14,Rajshahi,DEV-U-0076-P1,0,U-0063,0,0,1,0,0,0,None
TXN-MFS-03003,U-0076,4984.63,send_money,13,Rajshahi,DEV-U-0076-P1,0,U-0063,0,0,1,0,0,0,None
TXN-MFS-03004,U-0076,3408.96,send_money,18,Rajshahi,DEV-U-0076-P1,0,U-0080,0,0,1,0,0,0,None
TXN-MFS-03005,U-0076,5358.23,merchant_payment,19,Rajshahi,DEV-U-0076-P1,0,U-0085,0,0,1,0,0,0,None
TXN-MFS-03006,U-0076,3497.1,send_money,20,Rajshahi,DEV-U-0076-P1,0,U-0063,0,0,1,0,0,0,None
TXN-MFS-03007,U-0076,4849.3,cash_out,14,Rajshahi,DEV-U-0076-P1,0,U-0085,0,0,1,0,0,0,None
TXN-MFS-03008,U-0076,4980.62,send_money,12,Rajshahi,DEV-U-0076-P1,0,U-0080,0,0,1,0,0,0,None
TXN-MFS-03009,U-0076,3588.59,send_money,18,Rajshahi,DEV-U-0076-P1,0,U-0080,0,0,1,0,0,0,None
TXN-MFS-03010,U-0076,5169.35,cash_out,12,Rajshahi,DEV-U-0076-P1,0,U-0085,0,0,1,0,0,0,None
TXN-MFS-03011,U-0076,3372.84,send_money,17,Rajshahi,DEV-U-0076-P1,0,U-0063,0,0,1,0,0,0,None
TXN-MFS-03012,U-0076,3567.6,send_money,20,Mymensingh,DEV-U-0076-P1,0,U-0063,0,0,1,0,0,0,None
TXN-MFS-03013,U-0076,3380.12,merchant_payment,13,Rajshahi,DEV-U-0076-P1,0,U-0080,0,0,1,0,0,0,None
TXN-MFS-03014,U-0076,3289.14,cash_out,14,Rajshahi,DEV-U-0076-P1,0,U-0080,0,0,1,0,0,0,None
TXN-MFS-03015,U-0076,2779.32,cash_out,14,Rajshahi,DEV-U-0076-P1,0,U-0080,0,0,1,0,0,0,None
TXN-MFS-03016,U-0076,4636.99,send_money,11,Rajshahi,DEV-U-0076-S2,1,U-0080,0,0,1,0,0,0,None
TXN-MFS-03017,U-0076,3999.74,send_money,9,Rajshahi,DEV-U-0076-P1,0,U-0080,0,0,1,0,0,0,None
TXN-MFS-03018,U-0076,3677.14,merchant_payment,17,Rajshahi,DEV-U-0076-P1,0,U-0085,0,0,1,0,0,0,None
TXN-MFS-03019,U-0076,4748.99,send_money,9,Rajshahi,DEV-U-0076-P1,0,U-0063,0,0,1,0,0,0,None
TXN-MFS-03020,U-0076,3458.46,send_money,19,Rajshahi,DEV-U-0076-P1,0,U-0063,0,0,1,0,0,0,None
TXN-MFS-03021,U-0076,3151.85,merchant_payment,19,Rajshahi,DEV-U-0076-P1,0,U-0080,0,0,1,0,0,0,None
TXN-MFS-03022,U-0076,5908.08,merchant_payment,13,Rajshahi,DEV-U-0076-P1,0,U-0080,0,0,1,0,0,0,None
TXN-MFS-03023,U-0076,3180.52,cash_out,16,Rajshahi,DEV-U-0076-P1,0,U-0080,0,0,1,0,0,0,None
TXN-MFS-03024,U-0076,5278.93,send_money,11,Rajshahi,DEV-U-0076-P1,0,U-0085,0,0,1,0,0,0,None
TXN-MFS-03025,U-0076,3247.12,cash_out,13,Rajshahi,DEV-U-0076-P1,0,U-0080,0,0,1,0,0,0,None
TXN-MFS-03026,U-0076,4183.41,send_money,13,Rajshahi,DEV-U-0076-P1,0,U-0080,0,0,1,0,0,0,None
TXN-MFS-03027,U-0076,5567.29,send_money,9,Rajshahi,DEV-U-0076-P1,0,U-0080,0,0,1,0,0,0,None
TXN-MFS-03028,U-0076,4756.9,merchant_payment,17,Rajshahi,DEV-U-0076-P1,0,U-0063,0,0,1,0,0,0,None
TXN-MFS-03029,U-0076,2464.29,merchant_payment,15,Rajshahi,DEV-U-0076-P1,0,U-0063,0,0,1,0,0,0,None
TXN-MFS-03030,U-0076,4472.79,cash_out,20,Rajshahi,DEV-U-0076-P1,0,U-0085,0,0,1,0,0,0,None
TXN-MFS-03031,U-0076,5584.65,merchant_payment,20,Rajshahi,DEV-U-0076-P1,0,U-0080,0,0,1,0,0,0,None
TXN-MFS-03032,U-0076,3310.16,send_money,12,Rajshahi,DEV-U-0076-P1,0,U-0085,0,0,1,0,0,0,None
TXN-MFS-03033,U-0076,4132.66,send_money,18,Rajshahi,DEV-U-0076-P1,0,U-0080,0,0,1,0,0,0,None
TXN-MFS-03034,U-0076,4780.62,cash_out,13,Rajshahi,DEV-U-0076-P1,0,U-0085,0,0,1,0,0,0,None
TXN-MFS-03035,U-0076,2194.48,send_money,9,Rajshahi,DEV-U-0076-P1,0,U-0085,0,0,1,0,0,0,None
TXN-MFS-03036,U-0076,3773.81,cash_out,15,Rajshahi,DEV-U-0076-P1,0,U-0085,0,0,1,0,0,0,None
TXN-MFS-03037,U-0076,4018.47,merchant_payment,10,Rajshahi,DEV-U-0076-P1,0,U-0085,0,0,1,0,0,0,None
TXN-MFS-03038,U-0076,4664.53,cash_out,11,Rajshahi,DEV-U-0076-P1,0,U-0085,0,0,1,0,0,0,None
TXN-MFS-03039,U-0076,24237.55,cash_out,11,Rajshahi,DEV-U-0076-P1,0,U-STRUCT-98,1,6,10,0,0,1,VELOCITY_BURST
TXN-MFS-03040,U-0077,2947.51,merchant_payment,18,Mymensingh,DEV-U-0077-P1,0,U-0092,0,0,1,0,0,0,None
TXN-MFS-03041,U-0077,3520.97,send_money,16,Mymensingh,DEV-U-0077-P1,0,U-0098,0,0,1,0,0,0,None
TXN-MFS-03042,U-0077,3997.38,send_money,15,Mymensingh,DEV-U-0077-P1,0,U-0092,0,0,1,0,0,0,None
TXN-MFS-03043,U-0077,5572.48,send_money,19,Mymensingh,DEV-U-0077-P1,0,U-0078,0,0,1,0,0,0,None
TXN-MFS-03044,U-0077,4711.07,merchant_payment,16,Mymensingh,DEV-U-0077-P1,0,U-0078,0,0,1,0,0,0,None
TXN-MFS-03045,U-0077,4429.45,send_money,17,Mymensingh,DEV-U-0077-P1,0,U-0098,0,0,1,0,0,0,None
TXN-MFS-03046,U-0077,4337.55,merchant_payment,19,Mymensingh,DEV-U-0077-P1,0,U-0092,0,0,1,0,0,0,None
TXN-MFS-03047,U-0077,2693.55,merchant_payment,20,Mymensingh,DEV-U-0077-P1,0,U-0078,0,0,1,0,0,0,None
TXN-MFS-03048,U-0077,3865.68,send_money,9,Cumilla,DEV-U-0077-P1,0,U-0092,0,0,1,0,0,0,None
TXN-MFS-03049,U-0077,3445.18,merchant_payment,12,Mymensingh,DEV-U-0077-P1,0,U-0092,0,0,1,0,0,0,None
TXN-MFS-03050,U-0077,4115.68,send_money,17,Mymensingh,DEV-U-0077-P1,0,U-0092,0,0,1,0,0,0,None
TXN-MFS-03051,U-0077,3083.38,send_money,17,Mymensingh,DEV-U-0077-P1,0,U-0098,0,0,1,0,0,0,None
TXN-MFS-03052,U-0077,2631.85,send_money,12,Mymensingh,DEV-U-0077-P1,0,U-0092,0,0,1,0,0,0,None
TXN-MFS-03053,U-0077,3365.02,send_money,15,Mymensingh,DEV-U-0077-P1,0,U-0098,0,0,1,0,0,0,None
TXN-MFS-03054,U-0077,2834.2,send_money,10,Mymensingh,DEV-U-0077-P1,0,U-0098,0,0,1,0,0,0,None
TXN-MFS-03055,U-0077,2622.59,send_money,18,Mymensingh,DEV-U-0077-P1,0,U-0092,0,0,1,0,0,0,None
TXN-MFS-03056,U-0077,2526.08,send_money,19,Mymensingh,DEV-U-0077-P1,0,U-0078,0,0,1,0,0,0,None
TXN-MFS-03057,U-0077,3828.85,merchant_payment,12,Sylhet,DEV-U-0077-P1,0,U-0098,0,0,1,0,0,0,None
TXN-MFS-03058,U-0077,3484.38,send_money,19,Khulna,DEV-U-0077-P1,0,U-0092,0,0,1,0,0,0,None
TXN-MFS-03059,U-0077,3639.69,send_money,11,Mymensingh,DEV-U-0077-P1,0,U-0092,0,0,1,0,0,0,None
TXN-MFS-03060,U-0077,3268.44,merchant_payment,20,Mymensingh,DEV-U-0077-P1,0,U-0078,0,0,1,0,0,0,None
TXN-MFS-03061,U-0077,2820.26,cash_out,12,Mymensingh,DEV-U-0077-P1,0,U-0098,0,0,1,0,0,0,None
TXN-MFS-03062,U-0077,2914.62,send_money,14,Barishal,DEV-U-0077-P1,0,U-0098,0,0,1,0,0,0,None
TXN-MFS-03063,U-0077,3367.0,merchant_payment,11,Mymensingh,DEV-U-0077-P1,0,U-0078,0,0,1,0,0,0,None
TXN-MFS-03064,U-0077,4791.86,send_money,13,Mymensingh,DEV-U-0077-S2,1,U-0092,0,0,1,0,0,0,None
TXN-MFS-03065,U-0077,1926.62,merchant_payment,19,Mymensingh,DEV-U-0077-P1,0,U-0092,0,0,1,0,0,0,None
TXN-MFS-03066,U-0077,3100.36,merchant_payment,12,Mymensingh,DEV-U-0077-P1,0,U-0092,0,0,1,0,0,0,None
TXN-MFS-03067,U-0077,1708.04,merchant_payment,19,Mymensingh,DEV-U-0077-P1,0,U-0098,0,0,1,0,0,0,None
TXN-MFS-03068,U-0077,5208.55,send_money,10,Mymensingh,DEV-U-0077-P1,0,U-0098,0,0,1,0,0,0,None
TXN-MFS-03069,U-0077,4066.53,send_money,17,Mymensingh,DEV-U-0077-P1,0,U-0092,0,0,1,0,0,0,None
TXN-MFS-03070,U-0077,2456.28,merchant_payment,16,Mymensingh,DEV-U-0077-P1,0,U-0092,0,0,1,0,0,0,None
TXN-MFS-03071,U-0077,4119.05,cash_out,10,Mymensingh,DEV-U-0077-P1,0,U-0098,0,0,1,0,0,0,None
TXN-MFS-03072,U-0077,4064.14,cash_out,10,Mymensingh,DEV-U-0077-P1,0,U-0098,0,0,1,0,0,0,None
TXN-MFS-03073,U-0077,3490.08,send_money,17,Mymensingh,DEV-U-0077-P1,0,U-0098,0,0,1,0,0,0,None
TXN-MFS-03074,U-0077,3656.65,merchant_payment,15,Mymensingh,DEV-U-0077-S2,1,U-0092,0,0,1,0,0,0,None
TXN-MFS-03075,U-0077,4691.08,merchant_payment,15,Mymensingh,DEV-U-0077-P1,0,U-0092,0,0,1,0,0,0,None
TXN-MFS-03076,U-0077,4088.59,send_money,19,Mymensingh,DEV-U-0077-P1,0,U-0092,0,0,1,0,0,0,None
TXN-MFS-03077,U-0077,2581.34,cash_out,17,Mymensingh,DEV-U-0077-P1,0,U-0098,0,0,1,0,0,0,None
TXN-MFS-03078,U-0077,4036.58,cash_out,18,Mymensingh,DEV-U-0077-P1,0,U-0098,0,0,1,0,0,0,None
TXN-MFS-03079,U-0077,4329.28,cash_out,20,Mymensingh,DEV-U-0077-P1,0,U-0092,0,0,1,0,0,0,None
TXN-MFS-03080,U-0078,2729.28,send_money,14,Bogura,DEV-U-0078-P1,0,U-0075,0,0,1,0,0,0,None
TXN-MFS-03081,U-0078,1209.26,cash_out,14,Bogura,DEV-U-0078-P1,0,U-0075,0,0,1,0,0,0,None
TXN-MFS-03082,U-0078,1434.18,send_money,12,Bogura,DEV-U-0078-P1,0,U-0075,0,0,1,0,0,0,None
TXN-MFS-03083,U-0078,1751.05,cash_out,17,Bogura,DEV-U-0078-P1,0,U-0026,0,0,1,0,0,0,None
TXN-MFS-03084,U-0078,2043.24,send_money,14,Bogura,DEV-U-0078-P1,0,U-0026,0,0,1,0,0,0,None
TXN-MFS-03085,U-0078,1401.2,send_money,12,Bogura,DEV-U-0078-P1,0,U-0026,0,0,1,0,0,0,None
TXN-MFS-03086,U-0078,2038.02,cash_out,12,Bogura,DEV-U-0078-P1,0,U-0075,0,0,1,0,0,0,None
TXN-MFS-03087,U-0078,1948.7,merchant_payment,9,Bogura,DEV-U-0078-P1,0,U-0033,0,0,1,0,0,0,None
TXN-MFS-03088,U-0078,2508.38,send_money,9,Bogura,DEV-U-0078-P1,0,U-0075,0,0,1,0,0,0,None
TXN-MFS-03089,U-0078,1285.84,send_money,17,Bogura,DEV-U-0078-P1,0,U-0075,0,0,1,0,0,0,None
TXN-MFS-03090,U-0078,2220.56,merchant_payment,15,Bogura,DEV-U-0078-P1,0,U-0033,0,0,1,0,0,0,None
TXN-MFS-03091,U-0078,1655.82,merchant_payment,10,Bogura,DEV-U-0078-P1,0,U-0075,0,0,1,0,0,0,None
TXN-MFS-03092,U-0078,2228.65,cash_out,12,Bogura,DEV-U-0078-P1,0,U-0033,0,0,1,0,0,0,None
TXN-MFS-03093,U-0078,2299.6,cash_out,11,Bogura,DEV-U-0078-P1,0,U-0075,0,0,1,0,0,0,None
TXN-MFS-03094,U-0078,2105.21,merchant_payment,14,Bogura,DEV-U-0078-P1,0,U-0033,0,0,1,0,0,0,None
TXN-MFS-03095,U-0078,1179.24,cash_out,15,Bogura,DEV-U-0078-P1,0,U-0075,0,0,1,0,0,0,None
TXN-MFS-03096,U-0078,2572.46,cash_out,15,Bogura,DEV-U-0078-P1,0,U-0026,0,0,1,0,0,0,None
TXN-MFS-03097,U-0078,1955.76,send_money,14,Bogura,DEV-U-0078-P1,0,U-0033,0,0,1,0,0,0,None
TXN-MFS-03098,U-0078,2326.66,send_money,13,Bogura,DEV-U-0078-P1,0,U-0026,0,0,1,0,0,0,None
TXN-MFS-03099,U-0078,1929.62,send_money,13,Bogura,DEV-U-0078-P1,0,U-0026,0,0,1,0,0,0,None
TXN-MFS-03100,U-0078,1193.55,send_money,19,Bogura,DEV-U-0078-P1,0,U-0075,0,0,1,0,0,0,None
TXN-MFS-03101,U-0078,3340.61,cash_out,11,Bogura,DEV-U-0078-P1,0,U-0026,0,0,1,0,0,0,None
TXN-MFS-03102,U-0078,3007.98,merchant_payment,15,Bogura,DEV-U-0078-P1,0,U-0026,0,0,1,0,0,0,None
TXN-MFS-03103,U-0078,2246.59,merchant_payment,14,Bogura,DEV-U-0078-P1,0,U-0026,0,0,1,0,0,0,None
TXN-MFS-03104,U-0078,2465.15,send_money,15,Bogura,DEV-U-0078-P1,0,U-0033,0,0,1,0,0,0,None
TXN-MFS-03105,U-0078,2248.46,merchant_payment,13,Bogura,DEV-U-0078-P1,0,U-0075,0,0,1,0,0,0,None
TXN-MFS-03106,U-0078,1533.92,send_money,10,Bogura,DEV-U-0078-P1,0,U-0075,0,0,1,0,0,0,None
TXN-MFS-03107,U-0078,1856.64,cash_out,12,Bogura,DEV-U-0078-P1,0,U-0075,0,0,1,0,0,0,None
TXN-MFS-03108,U-0078,1911.58,send_money,17,Bogura,DEV-U-0078-P1,0,U-0033,0,0,1,0,0,0,None
TXN-MFS-03109,U-0078,2062.61,send_money,20,Bogura,DEV-U-0078-P1,0,U-0033,0,0,1,0,0,0,None
TXN-MFS-03110,U-0078,1946.16,send_money,19,Bogura,DEV-U-0078-P1,0,U-0033,0,0,1,0,0,0,None
TXN-MFS-03111,U-0078,2056.0,merchant_payment,15,Bogura,DEV-U-0078-P1,0,U-0033,0,0,1,0,0,0,None
TXN-MFS-03112,U-0078,1704.53,cash_out,9,Bogura,DEV-U-0078-P1,0,U-0075,0,0,1,0,0,0,None
TXN-MFS-03113,U-0078,1464.56,send_money,13,Bogura,DEV-U-0078-P1,0,U-0075,0,0,1,0,0,0,None
TXN-MFS-03114,U-0078,2284.7,send_money,13,Bogura,DEV-U-0078-P1,0,U-0033,0,0,1,0,0,0,None
TXN-MFS-03115,U-0078,2925.09,merchant_payment,17,Bogura,DEV-U-0078-P1,0,U-0033,0,0,1,0,0,0,None
TXN-MFS-03116,U-0078,2028.75,merchant_payment,11,Bogura,DEV-U-0078-P1,0,U-0075,0,0,1,0,0,0,None
TXN-MFS-03117,U-0078,2055.34,cash_out,14,Bogura,DEV-U-0078-P1,0,U-0026,0,0,1,0,0,0,None
TXN-MFS-03118,U-0078,2057.89,cash_out,14,Bogura,DEV-U-0078-P1,0,U-0026,0,0,1,0,0,0,None
TXN-MFS-03119,U-0078,43482.38,send_money,4,Dhaka,DEV-ROGUE-408,1,U-8831,1,4,8,0,0,1,MULE_CLUSTER_17
TXN-MFS-03120,U-0079,2683.95,send_money,9,Bogura,DEV-U-0079-P1,0,U-0077,0,0,1,0,0,0,None
TXN-MFS-03121,U-0079,4396.59,merchant_payment,14,Bogura,DEV-U-0079-P1,0,U-0076,0,0,1,0,0,0,None
TXN-MFS-03122,U-0079,3398.8,merchant_payment,20,Bogura,DEV-U-0079-P1,0,U-0054,0,0,1,0,0,0,None
TXN-MFS-03123,U-0079,2613.08,cash_out,13,Bogura,DEV-U-0079-P1,0,U-0077,0,0,1,0,0,0,None
TXN-MFS-03124,U-0079,2945.8,cash_out,10,Bogura,DEV-U-0079-P1,0,U-0054,0,0,1,0,0,0,None
TXN-MFS-03125,U-0079,3545.8,send_money,15,Bogura,DEV-U-0079-P1,0,U-0076,0,0,1,0,0,0,None
TXN-MFS-03126,U-0079,4938.44,merchant_payment,13,Bogura,DEV-U-0079-P1,0,U-0076,0,0,1,0,0,0,None
TXN-MFS-03127,U-0079,3000.39,send_money,9,Bogura,DEV-U-0079-S2,1,U-0076,0,0,1,0,0,0,None
TXN-MFS-03128,U-0079,3133.29,send_money,10,Bogura,DEV-U-0079-P1,0,U-0077,0,0,1,0,0,0,None
TXN-MFS-03129,U-0079,3314.36,send_money,15,Bogura,DEV-U-0079-P1,0,U-0054,0,0,1,0,0,0,None
TXN-MFS-03130,U-0079,3978.43,send_money,16,Kushtia,DEV-U-0079-P1,0,U-0076,0,0,1,0,0,0,None
TXN-MFS-03131,U-0079,5152.87,merchant_payment,13,Bogura,DEV-U-0079-P1,0,U-0077,0,0,1,0,0,0,None
TXN-MFS-03132,U-0079,3270.07,merchant_payment,15,Bogura,DEV-U-0079-P1,0,U-0054,0,0,1,0,0,0,None
TXN-MFS-03133,U-0079,3829.66,cash_out,15,Bogura,DEV-U-0079-P1,0,U-0076,0,0,1,0,0,0,None
TXN-MFS-03134,U-0079,3782.79,cash_out,17,Bogura,DEV-U-0079-P1,0,U-0054,0,0,1,0,0,0,None
TXN-MFS-03135,U-0079,2872.94,send_money,12,Bogura,DEV-U-0079-P1,0,U-0076,0,0,1,0,0,0,None
TXN-MFS-03136,U-0079,4495.3,merchant_payment,16,Bogura,DEV-U-0079-P1,0,U-0077,0,0,1,0,0,0,None
TXN-MFS-03137,U-0079,4664.08,merchant_payment,15,Bogura,DEV-U-0079-P1,0,U-0077,0,0,1,0,0,0,None
TXN-MFS-03138,U-0079,2144.03,send_money,18,Bogura,DEV-U-0079-P1,0,U-0076,0,0,1,0,0,0,None
TXN-MFS-03139,U-0079,2563.64,send_money,18,Bogura,DEV-U-0079-P1,0,U-0076,0,0,1,0,0,0,None
TXN-MFS-03140,U-0079,5296.5,merchant_payment,14,Bogura,DEV-U-0079-P1,0,U-0077,0,0,1,0,0,0,None
TXN-MFS-03141,U-0079,4841.87,send_money,13,Bogura,DEV-U-0079-P1,0,U-0054,0,0,1,0,0,0,None
TXN-MFS-03142,U-0079,2751.73,send_money,17,Bogura,DEV-U-0079-P1,0,U-0076,0,0,1,0,0,0,None
TXN-MFS-03143,U-0079,4129.81,send_money,17,Bogura,DEV-U-0079-P1,0,U-0054,0,0,1,0,0,0,None
TXN-MFS-03144,U-0079,4372.12,send_money,11,Sylhet,DEV-U-0079-P1,0,U-0076,0,0,1,0,0,0,None
TXN-MFS-03145,U-0079,4758.74,send_money,12,Bogura,DEV-U-0079-P1,0,U-0077,0,0,1,0,0,0,None
TXN-MFS-03146,U-0079,3818.14,merchant_payment,9,Barishal,DEV-U-0079-P1,0,U-0054,0,0,1,0,0,0,None
TXN-MFS-03147,U-0079,3155.51,send_money,13,Bogura,DEV-U-0079-P1,0,U-0054,0,0,1,0,0,0,None
TXN-MFS-03148,U-0079,2365.46,cash_out,12,Bogura,DEV-U-0079-P1,0,U-0076,0,0,1,0,0,0,None
TXN-MFS-03149,U-0079,3960.75,merchant_payment,18,Bogura,DEV-U-0079-P1,0,U-0054,0,0,1,0,0,0,None
TXN-MFS-03150,U-0079,2777.82,send_money,11,Bogura,DEV-U-0079-P1,0,U-0077,0,0,1,0,0,0,None
TXN-MFS-03151,U-0079,2676.47,cash_out,18,Bogura,DEV-U-0079-P1,0,U-0054,0,0,1,0,0,0,None
TXN-MFS-03152,U-0079,3646.5,cash_out,16,Bogura,DEV-U-0079-P1,0,U-0054,0,0,1,0,0,0,None
TXN-MFS-03153,U-0079,3538.93,cash_out,13,Bogura,DEV-U-0079-P1,0,U-0076,0,0,1,0,0,0,None
TXN-MFS-03154,U-0079,2866.13,send_money,9,Bogura,DEV-U-0079-P1,0,U-0054,0,0,1,0,0,0,None
TXN-MFS-03155,U-0079,3553.4,send_money,14,Bogura,DEV-U-0079-P1,0,U-0076,0,0,1,0,0,0,None
TXN-MFS-03156,U-0079,3874.17,cash_out,12,Bogura,DEV-U-0079-P1,0,U-0054,0,0,1,0,0,0,None
TXN-MFS-03157,U-0079,3841.49,send_money,9,Bogura,DEV-U-0079-S2,1,U-0076,0,0,1,0,0,0,None
TXN-MFS-03158,U-0079,3990.38,send_money,15,Bogura,DEV-U-0079-P1,0,U-0077,0,0,1,0,0,0,None
TXN-MFS-03159,U-0079,1714.98,send_money,10,Cumilla,DEV-U-0079-P1,0,U-0076,0,0,1,0,0,0,None
TXN-MFS-03160,U-0080,3236.43,cash_out,9,Dhaka,DEV-U-0080-P1,0,U-0049,0,0,1,0,0,0,None
TXN-MFS-03161,U-0080,3443.29,send_money,13,Sylhet,DEV-U-0080-P1,0,U-0049,0,0,1,0,0,0,None
TXN-MFS-03162,U-0080,2452.43,send_money,15,Sylhet,DEV-U-0080-P1,0,U-0049,0,0,1,0,0,0,None
TXN-MFS-03163,U-0080,2946.44,merchant_payment,16,Sylhet,DEV-U-0080-P1,0,U-0080,0,0,1,0,0,0,None
TXN-MFS-03164,U-0080,3137.21,send_money,19,Sylhet,DEV-U-0080-P1,0,U-0098,0,0,1,0,0,0,None
TXN-MFS-03165,U-0080,2805.51,merchant_payment,17,Sylhet,DEV-U-0080-P1,0,U-0080,0,0,1,0,0,0,None
TXN-MFS-03166,U-0080,3234.99,send_money,10,Sylhet,DEV-U-0080-P1,0,U-0098,0,0,1,0,0,0,None
TXN-MFS-03167,U-0080,3059.07,send_money,18,Sylhet,DEV-U-0080-P1,0,U-0098,0,0,1,0,0,0,None
TXN-MFS-03168,U-0080,3745.44,merchant_payment,18,Sylhet,DEV-U-0080-P1,0,U-0049,0,0,1,0,0,0,None
TXN-MFS-03169,U-0080,3435.23,send_money,9,Sylhet,DEV-U-0080-S2,1,U-0049,0,0,1,0,0,0,None
TXN-MFS-03170,U-0080,3405.37,merchant_payment,18,Sylhet,DEV-U-0080-P1,0,U-0098,0,0,1,0,0,0,None
TXN-MFS-03171,U-0080,1958.38,cash_out,16,Sylhet,DEV-U-0080-P1,0,U-0080,0,0,1,0,0,0,None
TXN-MFS-03172,U-0080,3098.6,merchant_payment,9,Sylhet,DEV-U-0080-P1,0,U-0049,0,0,1,0,0,0,None
TXN-MFS-03173,U-0080,2752.63,send_money,16,Sylhet,DEV-U-0080-P1,0,U-0049,0,0,1,0,0,0,None
TXN-MFS-03174,U-0080,2889.44,send_money,12,Sylhet,DEV-U-0080-P1,0,U-0049,0,0,1,0,0,0,None
TXN-MFS-03175,U-0080,4411.72,merchant_payment,20,Sylhet,DEV-U-0080-P1,0,U-0098,0,0,1,0,0,0,None
TXN-MFS-03176,U-0080,3042.52,send_money,10,Sylhet,DEV-U-0080-P1,0,U-0049,0,0,1,0,0,0,None
TXN-MFS-03177,U-0080,2608.09,send_money,18,Sylhet,DEV-U-0080-P1,0,U-0049,0,0,1,0,0,0,None
TXN-MFS-03178,U-0080,3518.01,cash_out,16,Sylhet,DEV-U-0080-P1,0,U-0080,0,0,1,0,0,0,None
TXN-MFS-03179,U-0080,2520.29,merchant_payment,20,Sylhet,DEV-U-0080-P1,0,U-0049,0,0,1,0,0,0,None
TXN-MFS-03180,U-0080,2189.43,send_money,10,Sylhet,DEV-U-0080-P1,0,U-0049,0,0,1,0,0,0,None
TXN-MFS-03181,U-0080,3077.21,send_money,9,Sylhet,DEV-U-0080-P1,0,U-0049,0,0,1,0,0,0,None
TXN-MFS-03182,U-0080,2286.86,merchant_payment,15,Sylhet,DEV-U-0080-P1,0,U-0049,0,0,1,0,0,0,None
TXN-MFS-03183,U-0080,1582.98,cash_out,20,Sylhet,DEV-U-0080-P1,0,U-0049,0,0,1,0,0,0,None
TXN-MFS-03184,U-0080,3508.33,merchant_payment,10,Sylhet,DEV-U-0080-P1,0,U-0080,0,0,1,0,0,0,None
TXN-MFS-03185,U-0080,2706.42,cash_out,17,Sylhet,DEV-U-0080-P1,0,U-0080,0,0,1,0,0,0,None
TXN-MFS-03186,U-0080,2791.79,send_money,15,Sylhet,DEV-U-0080-P1,0,U-0049,0,0,1,0,0,0,None
TXN-MFS-03187,U-0080,3827.33,merchant_payment,18,Sylhet,DEV-U-0080-P1,0,U-0098,0,0,1,0,0,0,None
TXN-MFS-03188,U-0080,1818.88,send_money,16,Sylhet,DEV-U-0080-P1,0,U-0049,0,0,1,0,0,0,None
TXN-MFS-03189,U-0080,2229.86,send_money,14,Sylhet,DEV-U-0080-P1,0,U-0098,0,0,1,0,0,0,None
TXN-MFS-03190,U-0080,2493.47,send_money,13,Sylhet,DEV-U-0080-P1,0,U-0049,0,0,1,0,0,0,None
TXN-MFS-03191,U-0080,3390.54,send_money,9,Sylhet,DEV-U-0080-P1,0,U-0098,0,0,1,0,0,0,None
TXN-MFS-03192,U-0080,2188.34,cash_out,13,Chattogram,DEV-U-0080-P1,0,U-0098,0,0,1,0,0,0,None
TXN-MFS-03193,U-0080,1919.94,merchant_payment,11,Rajshahi,DEV-U-0080-P1,0,U-0080,0,0,1,0,0,0,None
TXN-MFS-03194,U-0080,1734.82,merchant_payment,15,Sylhet,DEV-U-0080-P1,0,U-0098,0,0,1,0,0,0,None
TXN-MFS-03195,U-0080,2508.0,send_money,15,Sylhet,DEV-U-0080-P1,0,U-0049,0,0,1,0,0,0,None
TXN-MFS-03196,U-0080,1909.29,cash_out,17,Sylhet,DEV-U-0080-P1,0,U-0080,0,0,1,0,0,0,None
TXN-MFS-03197,U-0080,4091.88,merchant_payment,13,Sylhet,DEV-U-0080-P1,0,U-0080,0,0,1,0,0,0,None
TXN-MFS-03198,U-0080,3472.22,send_money,16,Sylhet,DEV-U-0080-P1,0,U-0098,0,0,1,0,0,0,None
TXN-MFS-03199,U-0080,2772.52,cash_out,13,Sylhet,DEV-U-0080-P1,0,U-0080,0,0,1,0,0,0,None
TXN-MFS-03200,U-0081,1418.11,cash_out,11,Rajshahi,DEV-U-0081-P1,0,U-0045,0,0,1,0,0,0,None
TXN-MFS-03201,U-0081,1936.13,merchant_payment,18,Rajshahi,DEV-U-0081-P1,0,U-0082,0,0,1,0,0,0,None
TXN-MFS-03202,U-0081,789.94,cash_out,19,Rajshahi,DEV-U-0081-P1,0,U-0015,0,0,1,0,0,0,None
TXN-MFS-03203,U-0081,1639.03,send_money,17,Rajshahi,DEV-U-0081-P1,0,U-0045,0,0,1,0,0,0,None
TXN-MFS-03204,U-0081,1995.34,cash_out,15,Rajshahi,DEV-U-0081-P1,0,U-0015,0,0,1,0,0,0,None
TXN-MFS-03205,U-0081,934.31,merchant_payment,15,Rajshahi,DEV-U-0081-P1,0,U-0015,0,0,1,0,0,0,None
TXN-MFS-03206,U-0081,1529.87,send_money,9,Rajshahi,DEV-U-0081-P1,0,U-0082,0,0,1,0,0,0,None
TXN-MFS-03207,U-0081,1469.0,cash_out,12,Rajshahi,DEV-U-0081-P1,0,U-0045,0,0,1,0,0,0,None
TXN-MFS-03208,U-0081,1830.03,send_money,9,Rajshahi,DEV-U-0081-P1,0,U-0045,0,0,1,0,0,0,None
TXN-MFS-03209,U-0081,1227.58,cash_out,12,Rajshahi,DEV-U-0081-P1,0,U-0045,0,0,1,0,0,0,None
TXN-MFS-03210,U-0081,1656.67,send_money,11,Rajshahi,DEV-U-0081-P1,0,U-0045,0,0,1,0,0,0,None
TXN-MFS-03211,U-0081,1264.08,send_money,15,Rajshahi,DEV-U-0081-P1,0,U-0015,0,0,1,0,0,0,None
TXN-MFS-03212,U-0081,1822.4,send_money,12,Rajshahi,DEV-U-0081-P1,0,U-0045,0,0,1,0,0,0,None
TXN-MFS-03213,U-0081,1413.19,merchant_payment,15,Rajshahi,DEV-U-0081-P1,0,U-0082,0,0,1,0,0,0,None
TXN-MFS-03214,U-0081,1091.89,send_money,10,Rajshahi,DEV-U-0081-P1,0,U-0082,0,0,1,0,0,0,None
TXN-MFS-03215,U-0081,1859.85,send_money,14,Rajshahi,DEV-U-0081-P1,0,U-0082,0,0,1,0,0,0,None
TXN-MFS-03216,U-0081,1302.0,send_money,12,Rajshahi,DEV-U-0081-P1,0,U-0015,0,0,1,0,0,0,None
TXN-MFS-03217,U-0081,1819.93,merchant_payment,17,Rajshahi,DEV-U-0081-P1,0,U-0015,0,0,1,0,0,0,None
TXN-MFS-03218,U-0081,821.79,send_money,9,Rajshahi,DEV-U-0081-P1,0,U-0045,0,0,1,0,0,0,None
TXN-MFS-03219,U-0081,2310.29,merchant_payment,11,Rajshahi,DEV-U-0081-P1,0,U-0045,0,0,1,0,0,0,None
TXN-MFS-03220,U-0081,2705.22,cash_out,20,Rajshahi,DEV-U-0081-P1,0,U-0082,0,0,1,0,0,0,None
TXN-MFS-03221,U-0081,2074.37,send_money,9,Rajshahi,DEV-U-0081-P1,0,U-0015,0,0,1,0,0,0,None
TXN-MFS-03222,U-0081,1975.11,send_money,12,Rajshahi,DEV-U-0081-P1,0,U-0045,0,0,1,0,0,0,None
TXN-MFS-03223,U-0081,1472.58,send_money,19,Rajshahi,DEV-U-0081-P1,0,U-0045,0,0,1,0,0,0,None
TXN-MFS-03224,U-0081,1857.03,send_money,10,Rajshahi,DEV-U-0081-P1,0,U-0015,0,0,1,0,0,0,None
TXN-MFS-03225,U-0081,1221.33,send_money,20,Rajshahi,DEV-U-0081-P1,0,U-0015,0,0,1,0,0,0,None
TXN-MFS-03226,U-0081,1040.99,send_money,12,Rajshahi,DEV-U-0081-P1,0,U-0045,0,0,1,0,0,0,None
TXN-MFS-03227,U-0081,1754.19,send_money,20,Rajshahi,DEV-U-0081-P1,0,U-0015,0,0,1,0,0,0,None
TXN-MFS-03228,U-0081,1583.82,send_money,20,Rajshahi,DEV-U-0081-P1,0,U-0015,0,0,1,0,0,0,None
TXN-MFS-03229,U-0081,1298.72,merchant_payment,9,Rajshahi,DEV-U-0081-P1,0,U-0015,0,0,1,0,0,0,None
TXN-MFS-03230,U-0081,1415.94,merchant_payment,17,Rajshahi,DEV-U-0081-P1,0,U-0045,0,0,1,0,0,0,None
TXN-MFS-03231,U-0081,2017.85,send_money,12,Rajshahi,DEV-U-0081-P1,0,U-0082,0,0,1,0,0,0,None
TXN-MFS-03232,U-0081,618.94,merchant_payment,20,Rajshahi,DEV-U-0081-P1,0,U-0082,0,0,1,0,0,0,None
TXN-MFS-03233,U-0081,968.13,merchant_payment,15,Rajshahi,DEV-U-0081-P1,0,U-0045,0,0,1,0,0,0,None
TXN-MFS-03234,U-0081,1046.28,merchant_payment,17,Rajshahi,DEV-U-0081-P1,0,U-0015,0,0,1,0,0,0,None
TXN-MFS-03235,U-0081,1895.81,send_money,20,Rajshahi,DEV-U-0081-P1,0,U-0015,0,0,1,0,0,0,None
TXN-MFS-03236,U-0081,1700.75,send_money,15,Rajshahi,DEV-U-0081-P1,0,U-0015,0,0,1,0,0,0,None
TXN-MFS-03237,U-0081,1293.61,cash_out,15,Chattogram,DEV-U-0081-P1,0,U-0045,0,0,1,0,0,0,None
TXN-MFS-03238,U-0081,1275.52,send_money,16,Rajshahi,DEV-U-0081-P1,0,U-0082,0,0,1,0,0,0,None
TXN-MFS-03239,U-0081,2228.56,merchant_payment,15,Rajshahi,DEV-U-0081-P1,0,U-0015,0,0,1,0,0,0,None
TXN-MFS-03240,U-0082,2854.83,cash_out,14,Bogura,DEV-U-0082-P1,0,U-0090,0,0,1,0,0,0,None
TXN-MFS-03241,U-0082,3070.22,cash_out,20,Bogura,DEV-U-0082-P1,0,U-0073,0,0,1,0,0,0,None
TXN-MFS-03242,U-0082,2313.38,send_money,16,Bogura,DEV-U-0082-P1,0,U-0073,0,0,1,0,0,0,None
TXN-MFS-03243,U-0082,4344.78,send_money,14,Bogura,DEV-U-0082-P1,0,U-0059,0,0,1,0,0,0,None
TXN-MFS-03244,U-0082,3182.04,send_money,17,Bogura,DEV-U-0082-P1,0,U-0090,0,0,1,0,0,0,None
TXN-MFS-03245,U-0082,2677.95,merchant_payment,11,Bogura,DEV-U-0082-P1,0,U-0059,0,0,1,0,0,0,None
TXN-MFS-03246,U-0082,3256.28,cash_out,17,Bogura,DEV-U-0082-P1,0,U-0059,0,0,1,0,0,0,None
TXN-MFS-03247,U-0082,2908.91,cash_out,18,Bogura,DEV-U-0082-P1,0,U-0090,0,0,1,0,0,0,None
TXN-MFS-03248,U-0082,3121.2,merchant_payment,13,Bogura,DEV-U-0082-P1,0,U-0073,0,0,1,0,0,0,None
TXN-MFS-03249,U-0082,3678.49,send_money,20,Bogura,DEV-U-0082-P1,0,U-0059,0,0,1,0,0,0,None
TXN-MFS-03250,U-0082,2919.21,merchant_payment,11,Bogura,DEV-U-0082-P1,0,U-0059,0,0,1,0,0,0,None
TXN-MFS-03251,U-0082,3201.33,send_money,19,Bogura,DEV-U-0082-P1,0,U-0073,0,0,1,0,0,0,None
TXN-MFS-03252,U-0082,3040.99,cash_out,18,Bogura,DEV-U-0082-P1,0,U-0090,0,0,1,0,0,0,None
TXN-MFS-03253,U-0082,3718.16,send_money,17,Bogura,DEV-U-0082-S2,1,U-0073,0,0,1,0,0,0,None
TXN-MFS-03254,U-0082,4416.86,cash_out,11,Bogura,DEV-U-0082-P1,0,U-0073,0,0,1,0,0,0,None
TXN-MFS-03255,U-0082,2897.05,send_money,10,Bogura,DEV-U-0082-P1,0,U-0090,0,0,1,0,0,0,None
TXN-MFS-03256,U-0082,2188.98,merchant_payment,10,Bogura,DEV-U-0082-P1,0,U-0059,0,0,1,0,0,0,None
TXN-MFS-03257,U-0082,2283.56,merchant_payment,17,Bogura,DEV-U-0082-P1,0,U-0059,0,0,1,0,0,0,None
TXN-MFS-03258,U-0082,1855.02,merchant_payment,17,Bogura,DEV-U-0082-P1,0,U-0073,0,0,1,0,0,0,None
TXN-MFS-03259,U-0082,2664.59,send_money,16,Bogura,DEV-U-0082-P1,0,U-0090,0,0,1,0,0,0,None
TXN-MFS-03260,U-0082,3417.2,merchant_payment,20,Bogura,DEV-U-0082-P1,0,U-0073,0,0,1,0,0,0,None
TXN-MFS-03261,U-0082,2471.92,send_money,16,Bogura,DEV-U-0082-P1,0,U-0059,0,0,1,0,0,0,None
TXN-MFS-03262,U-0082,3678.84,merchant_payment,11,Bogura,DEV-U-0082-P1,0,U-0090,0,0,1,0,0,0,None
TXN-MFS-03263,U-0082,2865.58,merchant_payment,12,Bogura,DEV-U-0082-P1,0,U-0090,0,0,1,0,0,0,None
TXN-MFS-03264,U-0082,3028.84,merchant_payment,19,Bogura,DEV-U-0082-P1,0,U-0090,0,0,1,0,0,0,None
TXN-MFS-03265,U-0082,2746.31,merchant_payment,14,Bogura,DEV-U-0082-P1,0,U-0090,0,0,1,0,0,0,None
TXN-MFS-03266,U-0082,2532.87,send_money,13,Bogura,DEV-U-0082-P1,0,U-0073,0,0,1,0,0,0,None
TXN-MFS-03267,U-0082,2055.48,merchant_payment,9,Bogura,DEV-U-0082-P1,0,U-0090,0,0,1,0,0,0,None
TXN-MFS-03268,U-0082,2888.23,send_money,15,Bogura,DEV-U-0082-P1,0,U-0059,0,0,1,0,0,0,None
TXN-MFS-03269,U-0082,3569.28,send_money,20,Bogura,DEV-U-0082-P1,0,U-0090,0,0,1,0,0,0,None
TXN-MFS-03270,U-0082,3670.58,merchant_payment,19,Bogura,DEV-U-0082-P1,0,U-0073,0,0,1,0,0,0,None
TXN-MFS-03271,U-0082,2253.77,send_money,15,Bogura,DEV-U-0082-P1,0,U-0059,0,0,1,0,0,0,None
TXN-MFS-03272,U-0082,3609.46,merchant_payment,15,Bogura,DEV-U-0082-P1,0,U-0090,0,0,1,0,0,0,None
TXN-MFS-03273,U-0082,3676.44,send_money,11,Bogura,DEV-U-0082-P1,0,U-0073,0,0,1,0,0,0,None
TXN-MFS-03274,U-0082,2954.45,send_money,14,Bogura,DEV-U-0082-P1,0,U-0059,0,0,1,0,0,0,None
TXN-MFS-03275,U-0082,2944.93,merchant_payment,19,Bogura,DEV-U-0082-P1,0,U-0059,0,0,1,0,0,0,None
TXN-MFS-03276,U-0082,2606.54,send_money,20,Sylhet,DEV-U-0082-P1,0,U-0090,0,0,1,0,0,0,None
TXN-MFS-03277,U-0082,3651.66,send_money,12,Bogura,DEV-U-0082-P1,0,U-0073,0,0,1,0,0,0,None
TXN-MFS-03278,U-0082,3992.23,merchant_payment,13,Bogura,DEV-U-0082-P1,0,U-0073,0,0,1,0,0,0,None
TXN-MFS-03279,U-0082,33600.0,send_money,3,Cumilla,DEV-SIMSWAP-266,1,U-SWAP-83,1,2,3,1,1,1,SIM_SWAP_DRAIN
TXN-MFS-03280,U-0083,3798.79,cash_out,12,Chattogram,DEV-U-0083-P1,0,U-0037,0,0,1,0,0,0,None
TXN-MFS-03281,U-0083,2817.91,cash_out,11,Chattogram,DEV-U-0083-P1,0,U-0092,0,0,1,0,0,0,None
TXN-MFS-03282,U-0083,3183.06,send_money,18,Chattogram,DEV-U-0083-P1,0,U-0037,0,0,1,0,0,0,None
TXN-MFS-03283,U-0083,3439.79,cash_out,18,Chattogram,DEV-U-0083-P1,0,U-0037,0,0,1,0,0,0,None
TXN-MFS-03284,U-0083,3265.93,merchant_payment,12,Chattogram,DEV-U-0083-P1,0,U-0087,0,0,1,0,0,0,None
TXN-MFS-03285,U-0083,2286.86,merchant_payment,12,Chattogram,DEV-U-0083-P1,0,U-0037,0,0,1,0,0,0,None
TXN-MFS-03286,U-0083,3421.35,merchant_payment,16,Chattogram,DEV-U-0083-P1,0,U-0037,0,0,1,0,0,0,None
TXN-MFS-03287,U-0083,3444.52,cash_out,12,Chattogram,DEV-U-0083-P1,0,U-0092,0,0,1,0,0,0,None
TXN-MFS-03288,U-0083,3476.84,send_money,14,Chattogram,DEV-U-0083-P1,0,U-0092,0,0,1,0,0,0,None
TXN-MFS-03289,U-0083,2179.34,send_money,18,Chattogram,DEV-U-0083-P1,0,U-0037,0,0,1,0,0,0,None
TXN-MFS-03290,U-0083,4097.17,send_money,16,Chattogram,DEV-U-0083-P1,0,U-0087,0,0,1,0,0,0,None
TXN-MFS-03291,U-0083,2037.21,send_money,11,Chattogram,DEV-U-0083-P1,0,U-0087,0,0,1,0,0,0,None
TXN-MFS-03292,U-0083,2647.47,send_money,14,Chattogram,DEV-U-0083-P1,0,U-0037,0,0,1,0,0,0,None
TXN-MFS-03293,U-0083,3564.96,merchant_payment,20,Chattogram,DEV-U-0083-P1,0,U-0037,0,0,1,0,0,0,None
TXN-MFS-03294,U-0083,2522.6,cash_out,9,Bogura,DEV-U-0083-P1,0,U-0087,0,0,1,0,0,0,None
TXN-MFS-03295,U-0083,2670.59,cash_out,15,Chattogram,DEV-U-0083-P1,0,U-0037,0,0,1,0,0,0,None
TXN-MFS-03296,U-0083,2773.37,send_money,14,Chattogram,DEV-U-0083-P1,0,U-0092,0,0,1,0,0,0,None
TXN-MFS-03297,U-0083,3806.7,cash_out,15,Chattogram,DEV-U-0083-P1,0,U-0037,0,0,1,0,0,0,None
TXN-MFS-03298,U-0083,2379.41,send_money,9,Chattogram,DEV-U-0083-P1,0,U-0087,0,0,1,0,0,0,None
TXN-MFS-03299,U-0083,2835.5,send_money,15,Chattogram,DEV-U-0083-P1,0,U-0037,0,0,1,0,0,0,None
TXN-MFS-03300,U-0083,4131.54,cash_out,9,Chattogram,DEV-U-0083-P1,0,U-0037,0,0,1,0,0,0,None
TXN-MFS-03301,U-0083,2716.53,cash_out,13,Chattogram,DEV-U-0083-P1,0,U-0092,0,0,1,0,0,0,None
TXN-MFS-03302,U-0083,3089.94,merchant_payment,20,Chattogram,DEV-U-0083-P1,0,U-0092,0,0,1,0,0,0,None
TXN-MFS-03303,U-0083,3205.38,cash_out,18,Chattogram,DEV-U-0083-P1,0,U-0087,0,0,1,0,0,0,None
TXN-MFS-03304,U-0083,1295.43,merchant_payment,19,Chattogram,DEV-U-0083-P1,0,U-0092,0,0,1,0,0,0,None
TXN-MFS-03305,U-0083,3916.75,send_money,17,Chattogram,DEV-U-0083-P1,0,U-0037,0,0,1,0,0,0,None
TXN-MFS-03306,U-0083,3220.28,merchant_payment,11,Chattogram,DEV-U-0083-P1,0,U-0087,0,0,1,0,0,0,None
TXN-MFS-03307,U-0083,4229.89,send_money,18,Chattogram,DEV-U-0083-P1,0,U-0092,0,0,1,0,0,0,None
TXN-MFS-03308,U-0083,3555.15,merchant_payment,20,Chattogram,DEV-U-0083-P1,0,U-0092,0,0,1,0,0,0,None
TXN-MFS-03309,U-0083,3159.66,merchant_payment,20,Chattogram,DEV-U-0083-P1,0,U-0092,0,0,1,0,0,0,None
TXN-MFS-03310,U-0083,2618.18,merchant_payment,16,Chattogram,DEV-U-0083-P1,0,U-0037,0,0,1,0,0,0,None
TXN-MFS-03311,U-0083,2944.42,cash_out,19,Chattogram,DEV-U-0083-P1,0,U-0037,0,0,1,0,0,0,None
TXN-MFS-03312,U-0083,3174.88,send_money,17,Chattogram,DEV-U-0083-P1,0,U-0092,0,0,1,0,0,0,None
TXN-MFS-03313,U-0083,4273.75,send_money,13,Chattogram,DEV-U-0083-P1,0,U-0092,0,0,1,0,0,0,None
TXN-MFS-03314,U-0083,2988.77,merchant_payment,10,Chattogram,DEV-U-0083-P1,0,U-0087,0,0,1,0,0,0,None
TXN-MFS-03315,U-0083,3425.04,merchant_payment,17,Chattogram,DEV-U-0083-P1,0,U-0087,0,0,1,0,0,0,None
TXN-MFS-03316,U-0083,2478.22,send_money,14,Chattogram,DEV-U-0083-P1,0,U-0087,0,0,1,0,0,0,None
TXN-MFS-03317,U-0083,2262.53,send_money,11,Chattogram,DEV-U-0083-P1,0,U-0092,0,0,1,0,0,0,None
TXN-MFS-03318,U-0083,3026.22,send_money,12,Chattogram,DEV-U-0083-P1,0,U-0092,0,0,1,0,0,0,None
TXN-MFS-03319,U-0083,33600.0,send_money,3,Cumilla,DEV-SIMSWAP-951,1,U-SWAP-16,1,2,3,1,1,1,SIM_SWAP_DRAIN
TXN-MFS-03320,U-0084,2738.63,merchant_payment,16,Dhaka,DEV-U-0084-P1,0,U-0088,0,0,1,0,0,0,None
TXN-MFS-03321,U-0084,1940.77,send_money,19,Dhaka,DEV-U-0084-P1,0,U-0099,0,0,1,0,0,0,None
TXN-MFS-03322,U-0084,1117.38,merchant_payment,10,Dhaka,DEV-U-0084-P1,0,U-0088,0,0,1,0,0,0,None
TXN-MFS-03323,U-0084,2469.75,send_money,13,Dhaka,DEV-U-0084-P1,0,U-0099,0,0,1,0,0,0,None
TXN-MFS-03324,U-0084,1654.64,merchant_payment,9,Dhaka,DEV-U-0084-P1,0,U-0092,0,0,1,0,0,0,None
TXN-MFS-03325,U-0084,2524.15,send_money,18,Dhaka,DEV-U-0084-P1,0,U-0088,0,0,1,0,0,0,None
TXN-MFS-03326,U-0084,2467.56,send_money,12,Dhaka,DEV-U-0084-P1,0,U-0088,0,0,1,0,0,0,None
TXN-MFS-03327,U-0084,1713.36,cash_out,16,Dhaka,DEV-U-0084-P1,0,U-0092,0,0,1,0,0,0,None
TXN-MFS-03328,U-0084,3238.93,send_money,18,Dhaka,DEV-U-0084-P1,0,U-0092,0,0,1,0,0,0,None
TXN-MFS-03329,U-0084,2298.81,cash_out,12,Dhaka,DEV-U-0084-P1,0,U-0099,0,0,1,0,0,0,None
TXN-MFS-03330,U-0084,1727.62,send_money,19,Dhaka,DEV-U-0084-P1,0,U-0092,0,0,1,0,0,0,None
TXN-MFS-03331,U-0084,3441.12,merchant_payment,11,Dhaka,DEV-U-0084-P1,0,U-0099,0,0,1,0,0,0,None
TXN-MFS-03332,U-0084,1143.47,send_money,13,Dhaka,DEV-U-0084-P1,0,U-0092,0,0,1,0,0,0,None
TXN-MFS-03333,U-0084,2415.07,cash_out,12,Dhaka,DEV-U-0084-P1,0,U-0099,0,0,1,0,0,0,None
TXN-MFS-03334,U-0084,1606.37,send_money,19,Dhaka,DEV-U-0084-P1,0,U-0092,0,0,1,0,0,0,None
TXN-MFS-03335,U-0084,2563.1,merchant_payment,11,Rajshahi,DEV-U-0084-P1,0,U-0092,0,0,1,0,0,0,None
TXN-MFS-03336,U-0084,1670.31,send_money,12,Dhaka,DEV-U-0084-P1,0,U-0092,0,0,1,0,0,0,None
TXN-MFS-03337,U-0084,2171.88,send_money,18,Kushtia,DEV-U-0084-P1,0,U-0088,0,0,1,0,0,0,None
TXN-MFS-03338,U-0084,1801.34,merchant_payment,14,Dhaka,DEV-U-0084-P1,0,U-0092,0,0,1,0,0,0,None
TXN-MFS-03339,U-0084,674.68,merchant_payment,13,Dhaka,DEV-U-0084-P1,0,U-0099,0,0,1,0,0,0,None
TXN-MFS-03340,U-0084,1598.86,send_money,11,Dhaka,DEV-U-0084-P1,0,U-0092,0,0,1,0,0,0,None
TXN-MFS-03341,U-0084,1982.04,send_money,11,Dhaka,DEV-U-0084-P1,0,U-0088,0,0,1,0,0,0,None
TXN-MFS-03342,U-0084,1913.26,send_money,16,Dhaka,DEV-U-0084-P1,0,U-0088,0,0,1,0,0,0,None
TXN-MFS-03343,U-0084,2513.19,merchant_payment,13,Dhaka,DEV-U-0084-P1,0,U-0088,0,0,1,0,0,0,None
TXN-MFS-03344,U-0084,1263.21,merchant_payment,17,Dhaka,DEV-U-0084-P1,0,U-0088,0,0,1,0,0,0,None
TXN-MFS-03345,U-0084,2517.9,send_money,16,Dhaka,DEV-U-0084-S2,1,U-0099,0,0,1,0,0,0,None
TXN-MFS-03346,U-0084,2643.11,cash_out,13,Dhaka,DEV-U-0084-P1,0,U-0088,0,0,1,0,0,0,None
TXN-MFS-03347,U-0084,2920.48,cash_out,19,Dhaka,DEV-U-0084-P1,0,U-0092,0,0,1,0,0,0,None
TXN-MFS-03348,U-0084,3115.77,send_money,9,Dhaka,DEV-U-0084-P1,0,U-0099,0,0,1,0,0,0,None
TXN-MFS-03349,U-0084,3087.57,merchant_payment,10,Dhaka,DEV-U-0084-P1,0,U-0099,0,0,1,0,0,0,None
TXN-MFS-03350,U-0084,1784.21,send_money,15,Dhaka,DEV-U-0084-P1,0,U-0092,0,0,1,0,0,0,None
TXN-MFS-03351,U-0084,2164.43,merchant_payment,14,Dhaka,DEV-U-0084-P1,0,U-0099,0,0,1,0,0,0,None
TXN-MFS-03352,U-0084,2196.49,merchant_payment,14,Dhaka,DEV-U-0084-P1,0,U-0088,0,0,1,0,0,0,None
TXN-MFS-03353,U-0084,2457.51,send_money,10,Dhaka,DEV-U-0084-P1,0,U-0099,0,0,1,0,0,0,None
TXN-MFS-03354,U-0084,1530.39,merchant_payment,20,Dhaka,DEV-U-0084-P1,0,U-0092,0,0,1,0,0,0,None
TXN-MFS-03355,U-0084,1462.12,send_money,19,Dhaka,DEV-U-0084-P1,0,U-0092,0,0,1,0,0,0,None
TXN-MFS-03356,U-0084,2030.13,send_money,18,Dhaka,DEV-U-0084-P1,0,U-0088,0,0,1,0,0,0,None
TXN-MFS-03357,U-0084,2077.96,send_money,19,Dhaka,DEV-U-0084-P1,0,U-0092,0,0,1,0,0,0,None
TXN-MFS-03358,U-0084,1963.68,send_money,15,Dhaka,DEV-U-0084-P1,0,U-0099,0,0,1,0,0,0,None
TXN-MFS-03359,U-0084,1385.71,cash_out,12,Dhaka,DEV-U-0084-P1,0,U-0099,0,0,1,0,0,0,None
TXN-MFS-03360,U-0085,4000.54,send_money,9,Dhaka,DEV-U-0085-P1,0,U-0001,0,0,1,0,0,0,None
TXN-MFS-03361,U-0085,3415.14,send_money,17,Dhaka,DEV-U-0085-P1,0,U-0001,0,0,1,0,0,0,None
TXN-MFS-03362,U-0085,2923.57,merchant_payment,18,Dhaka,DEV-U-0085-P1,0,U-0079,0,0,1,0,0,0,None
TXN-MFS-03363,U-0085,2682.69,send_money,12,Dhaka,DEV-U-0085-S2,1,U-0001,0,0,1,0,0,0,None
TXN-MFS-03364,U-0085,2577.97,send_money,19,Dhaka,DEV-U-0085-P1,0,U-0079,0,0,1,0,0,0,None
TXN-MFS-03365,U-0085,1928.84,send_money,10,Dhaka,DEV-U-0085-P1,0,U-0079,0,0,1,0,0,0,None
TXN-MFS-03366,U-0085,2713.84,cash_out,10,Dhaka,DEV-U-0085-P1,0,U-0079,0,0,1,0,0,0,None
TXN-MFS-03367,U-0085,2870.05,merchant_payment,14,Jessore,DEV-U-0085-P1,0,U-0001,0,0,1,0,0,0,None
TXN-MFS-03368,U-0085,1803.8,send_money,19,Dhaka,DEV-U-0085-P1,0,U-0001,0,0,1,0,0,0,None
TXN-MFS-03369,U-0085,1813.45,send_money,11,Dhaka,DEV-U-0085-P1,0,U-0085,0,0,1,0,0,0,None
TXN-MFS-03370,U-0085,2026.34,send_money,9,Dhaka,DEV-U-0085-P1,0,U-0079,0,0,1,0,0,0,None
TXN-MFS-03371,U-0085,1758.7,send_money,18,Dhaka,DEV-U-0085-P1,0,U-0079,0,0,1,0,0,0,None
TXN-MFS-03372,U-0085,2349.15,send_money,9,Dhaka,DEV-U-0085-P1,0,U-0085,0,0,1,0,0,0,None
TXN-MFS-03373,U-0085,4124.33,send_money,18,Dhaka,DEV-U-0085-P1,0,U-0001,0,0,1,0,0,0,None
TXN-MFS-03374,U-0085,3449.96,send_money,11,Dhaka,DEV-U-0085-S2,1,U-0085,0,0,1,0,0,0,None
TXN-MFS-03375,U-0085,1805.12,cash_out,15,Dhaka,DEV-U-0085-P1,0,U-0079,0,0,1,0,0,0,None
TXN-MFS-03376,U-0085,2131.96,merchant_payment,10,Dhaka,DEV-U-0085-P1,0,U-0001,0,0,1,0,0,0,None
TXN-MFS-03377,U-0085,4022.27,merchant_payment,12,Dhaka,DEV-U-0085-P1,0,U-0079,0,0,1,0,0,0,None
TXN-MFS-03378,U-0085,3312.07,send_money,17,Dhaka,DEV-U-0085-P1,0,U-0001,0,0,1,0,0,0,None
TXN-MFS-03379,U-0085,2697.63,merchant_payment,12,Dhaka,DEV-U-0085-P1,0,U-0079,0,0,1,0,0,0,None
TXN-MFS-03380,U-0085,3803.67,send_money,16,Dhaka,DEV-U-0085-P1,0,U-0079,0,0,1,0,0,0,None
TXN-MFS-03381,U-0085,2496.62,send_money,18,Dhaka,DEV-U-0085-P1,0,U-0085,0,0,1,0,0,0,None
TXN-MFS-03382,U-0085,1827.22,cash_out,13,Dhaka,DEV-U-0085-P1,0,U-0001,0,0,1,0,0,0,None
TXN-MFS-03383,U-0085,2765.97,merchant_payment,19,Dhaka,DEV-U-0085-S2,1,U-0001,0,0,1,0,0,0,None
TXN-MFS-03384,U-0085,2357.76,cash_out,15,Dhaka,DEV-U-0085-P1,0,U-0001,0,0,1,0,0,0,None
TXN-MFS-03385,U-0085,2425.3,merchant_payment,11,Dhaka,DEV-U-0085-P1,0,U-0001,0,0,1,0,0,0,None
TXN-MFS-03386,U-0085,2294.43,cash_out,17,Dhaka,DEV-U-0085-P1,0,U-0001,0,0,1,0,0,0,None
TXN-MFS-03387,U-0085,3141.54,send_money,14,Dhaka,DEV-U-0085-P1,0,U-0079,0,0,1,0,0,0,None
TXN-MFS-03388,U-0085,2798.11,send_money,12,Dhaka,DEV-U-0085-P1,0,U-0079,0,0,1,0,0,0,None
TXN-MFS-03389,U-0085,1275.29,send_money,11,Dhaka,DEV-U-0085-P1,0,U-0079,0,0,1,0,0,0,None
TXN-MFS-03390,U-0085,3027.23,cash_out,10,Dhaka,DEV-U-0085-P1,0,U-0085,0,0,1,0,0,0,None
TXN-MFS-03391,U-0085,3380.13,cash_out,17,Dhaka,DEV-U-0085-P1,0,U-0085,0,0,1,0,0,0,None
TXN-MFS-03392,U-0085,3418.66,send_money,18,Jessore,DEV-U-0085-P1,0,U-0001,0,0,1,0,0,0,None
TXN-MFS-03393,U-0085,2632.29,cash_out,16,Dhaka,DEV-U-0085-P1,0,U-0001,0,0,1,0,0,0,None
TXN-MFS-03394,U-0085,2221.25,merchant_payment,18,Dhaka,DEV-U-0085-P1,0,U-0079,0,0,1,0,0,0,None
TXN-MFS-03395,U-0085,3432.69,merchant_payment,11,Dhaka,DEV-U-0085-P1,0,U-0001,0,0,1,0,0,0,None
TXN-MFS-03396,U-0085,3677.02,send_money,12,Dhaka,DEV-U-0085-P1,0,U-0001,0,0,1,0,0,0,None
TXN-MFS-03397,U-0085,1983.37,cash_out,16,Dhaka,DEV-U-0085-P1,0,U-0079,0,0,1,0,0,0,None
TXN-MFS-03398,U-0085,2434.26,send_money,15,Dhaka,DEV-U-0085-P1,0,U-0085,0,0,1,0,0,0,None
TXN-MFS-03399,U-0085,46447.77,send_money,16,Dhaka,DEV-ROGUE-732,1,U-8831,1,4,8,0,0,1,MULE_CLUSTER_17
TXN-MFS-03400,U-0086,3761.56,merchant_payment,9,Kushtia,DEV-U-0086-P1,0,U-0089,0,0,1,0,0,0,None
TXN-MFS-03401,U-0086,2259.53,send_money,16,Kushtia,DEV-U-0086-P1,0,U-0045,0,0,1,0,0,0,None
TXN-MFS-03402,U-0086,3520.35,send_money,18,Kushtia,DEV-U-0086-P1,0,U-0039,0,0,1,0,0,0,None
TXN-MFS-03403,U-0086,3626.06,send_money,15,Kushtia,DEV-U-0086-P1,0,U-0045,0,0,1,0,0,0,None
TXN-MFS-03404,U-0086,4838.52,send_money,9,Kushtia,DEV-U-0086-P1,0,U-0045,0,0,1,0,0,0,None
TXN-MFS-03405,U-0086,3149.19,send_money,18,Kushtia,DEV-U-0086-P1,0,U-0089,0,0,1,0,0,0,None
TXN-MFS-03406,U-0086,4242.94,merchant_payment,14,Bogura,DEV-U-0086-P1,0,U-0089,0,0,1,0,0,0,None
TXN-MFS-03407,U-0086,2908.71,send_money,17,Kushtia,DEV-U-0086-P1,0,U-0089,0,0,1,0,0,0,None
TXN-MFS-03408,U-0086,4710.39,send_money,9,Kushtia,DEV-U-0086-P1,0,U-0039,0,0,1,0,0,0,None
TXN-MFS-03409,U-0086,3786.61,cash_out,15,Kushtia,DEV-U-0086-P1,0,U-0039,0,0,1,0,0,0,None
TXN-MFS-03410,U-0086,3358.05,merchant_payment,17,Kushtia,DEV-U-0086-P1,0,U-0039,0,0,1,0,0,0,None
TXN-MFS-03411,U-0086,3668.27,merchant_payment,19,Kushtia,DEV-U-0086-P1,0,U-0089,0,0,1,0,0,0,None
TXN-MFS-03412,U-0086,4375.16,merchant_payment,15,Kushtia,DEV-U-0086-P1,0,U-0089,0,0,1,0,0,0,None
TXN-MFS-03413,U-0086,2922.5,send_money,18,Kushtia,DEV-U-0086-P1,0,U-0045,0,0,1,0,0,0,None
TXN-MFS-03414,U-0086,2458.18,send_money,13,Kushtia,DEV-U-0086-P1,0,U-0089,0,0,1,0,0,0,None
TXN-MFS-03415,U-0086,4043.14,send_money,15,Kushtia,DEV-U-0086-P1,0,U-0039,0,0,1,0,0,0,None
TXN-MFS-03416,U-0086,3754.91,send_money,13,Kushtia,DEV-U-0086-P1,0,U-0039,0,0,1,0,0,0,None
TXN-MFS-03417,U-0086,1207.28,send_money,18,Kushtia,DEV-U-0086-P1,0,U-0045,0,0,1,0,0,0,None
TXN-MFS-03418,U-0086,3699.5,cash_out,15,Kushtia,DEV-U-0086-P1,0,U-0045,0,0,1,0,0,0,None
TXN-MFS-03419,U-0086,3610.3,send_money,17,Kushtia,DEV-U-0086-P1,0,U-0089,0,0,1,0,0,0,None
TXN-MFS-03420,U-0086,4383.82,merchant_payment,12,Kushtia,DEV-U-0086-P1,0,U-0045,0,0,1,0,0,0,None
TXN-MFS-03421,U-0086,3955.51,merchant_payment,15,Kushtia,DEV-U-0086-P1,0,U-0039,0,0,1,0,0,0,None
TXN-MFS-03422,U-0086,2826.28,send_money,16,Kushtia,DEV-U-0086-P1,0,U-0039,0,0,1,0,0,0,None
TXN-MFS-03423,U-0086,3191.95,send_money,10,Kushtia,DEV-U-0086-P1,0,U-0045,0,0,1,0,0,0,None
TXN-MFS-03424,U-0086,2843.77,merchant_payment,16,Kushtia,DEV-U-0086-P1,0,U-0089,0,0,1,0,0,0,None
TXN-MFS-03425,U-0086,3153.01,send_money,14,Kushtia,DEV-U-0086-P1,0,U-0039,0,0,1,0,0,0,None
TXN-MFS-03426,U-0086,2358.11,merchant_payment,12,Kushtia,DEV-U-0086-P1,0,U-0039,0,0,1,0,0,0,None
TXN-MFS-03427,U-0086,4755.0,send_money,9,Kushtia,DEV-U-0086-P1,0,U-0089,0,0,1,0,0,0,None
TXN-MFS-03428,U-0086,2281.12,cash_out,11,Kushtia,DEV-U-0086-P1,0,U-0089,0,0,1,0,0,0,None
TXN-MFS-03429,U-0086,5326.8,send_money,11,Kushtia,DEV-U-0086-P1,0,U-0045,0,0,1,0,0,0,None
TXN-MFS-03430,U-0086,3873.04,merchant_payment,9,Kushtia,DEV-U-0086-P1,0,U-0039,0,0,1,0,0,0,None
TXN-MFS-03431,U-0086,2918.22,send_money,15,Kushtia,DEV-U-0086-P1,0,U-0089,0,0,1,0,0,0,None
TXN-MFS-03432,U-0086,3379.31,cash_out,13,Kushtia,DEV-U-0086-P1,0,U-0045,0,0,1,0,0,0,None
TXN-MFS-03433,U-0086,2796.93,cash_out,12,Kushtia,DEV-U-0086-P1,0,U-0089,0,0,1,0,0,0,None
TXN-MFS-03434,U-0086,4131.89,send_money,16,Kushtia,DEV-U-0086-P1,0,U-0089,0,0,1,0,0,0,None
TXN-MFS-03435,U-0086,2524.69,merchant_payment,16,Kushtia,DEV-U-0086-P1,0,U-0039,0,0,1,0,0,0,None
TXN-MFS-03436,U-0086,3732.15,send_money,14,Kushtia,DEV-U-0086-P1,0,U-0045,0,0,1,0,0,0,None
TXN-MFS-03437,U-0086,2754.9,cash_out,15,Kushtia,DEV-U-0086-P1,0,U-0089,0,0,1,0,0,0,None
TXN-MFS-03438,U-0086,3596.55,merchant_payment,17,Kushtia,DEV-U-0086-P1,0,U-0039,0,0,1,0,0,0,None
TXN-MFS-03439,U-0086,3902.72,cash_out,12,Kushtia,DEV-U-0086-P1,0,U-0045,0,0,1,0,0,0,None
TXN-MFS-03440,U-0087,3886.55,merchant_payment,19,Khulna,DEV-U-0087-P1,0,U-0042,0,0,1,0,0,0,None
TXN-MFS-03441,U-0087,4266.64,merchant_payment,15,Khulna,DEV-U-0087-P1,0,U-0041,0,0,1,0,0,0,None
TXN-MFS-03442,U-0087,3619.28,send_money,9,Khulna,DEV-U-0087-P1,0,U-0041,0,0,1,0,0,0,None
TXN-MFS-03443,U-0087,2992.85,merchant_payment,11,Khulna,DEV-U-0087-P1,0,U-0041,0,0,1,0,0,0,None
TXN-MFS-03444,U-0087,3527.28,send_money,15,Khulna,DEV-U-0087-P1,0,U-0042,0,0,1,0,0,0,None
TXN-MFS-03445,U-0087,3075.54,send_money,19,Khulna,DEV-U-0087-P1,0,U-0077,0,0,1,0,0,0,None
TXN-MFS-03446,U-0087,2848.72,merchant_payment,14,Khulna,DEV-U-0087-S2,1,U-0042,0,0,1,0,0,0,None
TXN-MFS-03447,U-0087,2997.75,send_money,11,Khulna,DEV-U-0087-P1,0,U-0041,0,0,1,0,0,0,None
TXN-MFS-03448,U-0087,3140.42,send_money,16,Khulna,DEV-U-0087-P1,0,U-0042,0,0,1,0,0,0,None
TXN-MFS-03449,U-0087,2831.89,merchant_payment,12,Khulna,DEV-U-0087-P1,0,U-0041,0,0,1,0,0,0,None
TXN-MFS-03450,U-0087,3011.32,merchant_payment,9,Khulna,DEV-U-0087-P1,0,U-0077,0,0,1,0,0,0,None
TXN-MFS-03451,U-0087,2943.4,merchant_payment,9,Khulna,DEV-U-0087-P1,0,U-0077,0,0,1,0,0,0,None
TXN-MFS-03452,U-0087,2573.56,merchant_payment,18,Khulna,DEV-U-0087-P1,0,U-0041,0,0,1,0,0,0,None
TXN-MFS-03453,U-0087,2902.89,merchant_payment,9,Rajshahi,DEV-U-0087-P1,0,U-0042,0,0,1,0,0,0,None
TXN-MFS-03454,U-0087,3020.31,send_money,16,Khulna,DEV-U-0087-P1,0,U-0041,0,0,1,0,0,0,None
TXN-MFS-03455,U-0087,3317.9,cash_out,11,Khulna,DEV-U-0087-P1,0,U-0041,0,0,1,0,0,0,None
TXN-MFS-03456,U-0087,3953.22,merchant_payment,14,Khulna,DEV-U-0087-P1,0,U-0042,0,0,1,0,0,0,None
TXN-MFS-03457,U-0087,2411.33,merchant_payment,18,Khulna,DEV-U-0087-P1,0,U-0042,0,0,1,0,0,0,None
TXN-MFS-03458,U-0087,2408.72,send_money,14,Khulna,DEV-U-0087-P1,0,U-0077,0,0,1,0,0,0,None
TXN-MFS-03459,U-0087,1898.62,cash_out,15,Khulna,DEV-U-0087-P1,0,U-0077,0,0,1,0,0,0,None
TXN-MFS-03460,U-0087,3332.97,cash_out,10,Khulna,DEV-U-0087-P1,0,U-0042,0,0,1,0,0,0,None
TXN-MFS-03461,U-0087,3026.5,merchant_payment,12,Khulna,DEV-U-0087-P1,0,U-0042,0,0,1,0,0,0,None
TXN-MFS-03462,U-0087,2475.1,send_money,18,Khulna,DEV-U-0087-P1,0,U-0077,0,0,1,0,0,0,None
TXN-MFS-03463,U-0087,3429.72,merchant_payment,13,Khulna,DEV-U-0087-P1,0,U-0041,0,0,1,0,0,0,None
TXN-MFS-03464,U-0087,2931.23,send_money,19,Khulna,DEV-U-0087-P1,0,U-0077,0,0,1,0,0,0,None
TXN-MFS-03465,U-0087,3240.05,send_money,15,Khulna,DEV-U-0087-P1,0,U-0077,0,0,1,0,0,0,None
TXN-MFS-03466,U-0087,2986.08,merchant_payment,16,Khulna,DEV-U-0087-P1,0,U-0077,0,0,1,0,0,0,None
TXN-MFS-03467,U-0087,3354.73,cash_out,19,Khulna,DEV-U-0087-P1,0,U-0041,0,0,1,0,0,0,None
TXN-MFS-03468,U-0087,3359.67,send_money,14,Chattogram,DEV-U-0087-P1,0,U-0077,0,0,1,0,0,0,None
TXN-MFS-03469,U-0087,4234.15,send_money,20,Khulna,DEV-U-0087-P1,0,U-0041,0,0,1,0,0,0,None
TXN-MFS-03470,U-0087,3634.64,merchant_payment,17,Khulna,DEV-U-0087-P1,0,U-0042,0,0,1,0,0,0,None
TXN-MFS-03471,U-0087,4217.89,cash_out,17,Khulna,DEV-U-0087-P1,0,U-0077,0,0,1,0,0,0,None
TXN-MFS-03472,U-0087,3068.89,send_money,15,Khulna,DEV-U-0087-P1,0,U-0042,0,0,1,0,0,0,None
TXN-MFS-03473,U-0087,3222.26,send_money,16,Khulna,DEV-U-0087-S2,1,U-0041,0,0,1,0,0,0,None
TXN-MFS-03474,U-0087,2556.58,merchant_payment,9,Khulna,DEV-U-0087-P1,0,U-0077,0,0,1,0,0,0,None
TXN-MFS-03475,U-0087,2016.49,send_money,18,Khulna,DEV-U-0087-P1,0,U-0041,0,0,1,0,0,0,None
TXN-MFS-03476,U-0087,3114.81,send_money,19,Khulna,DEV-U-0087-P1,0,U-0042,0,0,1,0,0,0,None
TXN-MFS-03477,U-0087,4306.72,merchant_payment,12,Khulna,DEV-U-0087-P1,0,U-0042,0,0,1,0,0,0,None
TXN-MFS-03478,U-0087,2026.02,send_money,16,Khulna,DEV-U-0087-P1,0,U-0041,0,0,1,0,0,0,None
TXN-MFS-03479,U-0087,3225.11,send_money,16,Khulna,DEV-U-0087-P1,0,U-0042,0,0,1,0,0,0,None
TXN-MFS-03480,U-0088,3122.53,send_money,18,Khulna,DEV-U-0088-P1,0,U-0033,0,0,1,0,0,0,None
TXN-MFS-03481,U-0088,4331.74,send_money,19,Khulna,DEV-U-0088-P1,0,U-0036,0,0,1,0,0,0,None
TXN-MFS-03482,U-0088,3358.4,merchant_payment,16,Khulna,DEV-U-0088-P1,0,U-0033,0,0,1,0,0,0,None
TXN-MFS-03483,U-0088,3482.15,merchant_payment,10,Khulna,DEV-U-0088-P1,0,U-0036,0,0,1,0,0,0,None
TXN-MFS-03484,U-0088,3880.59,send_money,11,Khulna,DEV-U-0088-P1,0,U-0036,0,0,1,0,0,0,None
TXN-MFS-03485,U-0088,3202.29,merchant_payment,9,Khulna,DEV-U-0088-P1,0,U-0036,0,0,1,0,0,0,None
TXN-MFS-03486,U-0088,3667.11,send_money,18,Khulna,DEV-U-0088-P1,0,U-0033,0,0,1,0,0,0,None
TXN-MFS-03487,U-0088,2493.35,merchant_payment,11,Khulna,DEV-U-0088-P1,0,U-0001,0,0,1,0,0,0,None
TXN-MFS-03488,U-0088,3846.73,merchant_payment,16,Khulna,DEV-U-0088-P1,0,U-0036,0,0,1,0,0,0,None
TXN-MFS-03489,U-0088,3385.15,send_money,19,Khulna,DEV-U-0088-P1,0,U-0033,0,0,1,0,0,0,None
TXN-MFS-03490,U-0088,3624.96,cash_out,12,Khulna,DEV-U-0088-P1,0,U-0033,0,0,1,0,0,0,None
TXN-MFS-03491,U-0088,3065.8,send_money,11,Khulna,DEV-U-0088-S2,1,U-0036,0,0,1,0,0,0,None
TXN-MFS-03492,U-0088,2017.6,send_money,15,Khulna,DEV-U-0088-P1,0,U-0036,0,0,1,0,0,0,None
TXN-MFS-03493,U-0088,4607.51,send_money,18,Khulna,DEV-U-0088-P1,0,U-0036,0,0,1,0,0,0,None
TXN-MFS-03494,U-0088,4548.13,send_money,13,Bogura,DEV-U-0088-P1,0,U-0036,0,0,1,0,0,0,None
TXN-MFS-03495,U-0088,3431.24,cash_out,15,Khulna,DEV-U-0088-P1,0,U-0033,0,0,1,0,0,0,None
TXN-MFS-03496,U-0088,2090.88,send_money,12,Khulna,DEV-U-0088-P1,0,U-0001,0,0,1,0,0,0,None
TXN-MFS-03497,U-0088,2952.14,merchant_payment,16,Khulna,DEV-U-0088-S2,1,U-0033,0,0,1,0,0,0,None
TXN-MFS-03498,U-0088,2474.58,cash_out,20,Khulna,DEV-U-0088-P1,0,U-0001,0,0,1,0,0,0,None
TXN-MFS-03499,U-0088,2774.86,send_money,14,Khulna,DEV-U-0088-P1,0,U-0033,0,0,1,0,0,0,None
TXN-MFS-03500,U-0088,4075.3,send_money,9,Khulna,DEV-U-0088-P1,0,U-0001,0,0,1,0,0,0,None
TXN-MFS-03501,U-0088,3740.46,send_money,9,Khulna,DEV-U-0088-P1,0,U-0001,0,0,1,0,0,0,None
TXN-MFS-03502,U-0088,2606.09,send_money,11,Khulna,DEV-U-0088-P1,0,U-0001,0,0,1,0,0,0,None
TXN-MFS-03503,U-0088,3863.68,send_money,11,Khulna,DEV-U-0088-P1,0,U-0033,0,0,1,0,0,0,None
TXN-MFS-03504,U-0088,2019.58,merchant_payment,19,Khulna,DEV-U-0088-P1,0,U-0036,0,0,1,0,0,0,None
TXN-MFS-03505,U-0088,3316.49,merchant_payment,17,Khulna,DEV-U-0088-P1,0,U-0036,0,0,1,0,0,0,None
TXN-MFS-03506,U-0088,2854.98,cash_out,14,Khulna,DEV-U-0088-P1,0,U-0036,0,0,1,0,0,0,None
TXN-MFS-03507,U-0088,2550.1,merchant_payment,16,Khulna,DEV-U-0088-P1,0,U-0033,0,0,1,0,0,0,None
TXN-MFS-03508,U-0088,1906.62,send_money,9,Khulna,DEV-U-0088-P1,0,U-0036,0,0,1,0,0,0,None
TXN-MFS-03509,U-0088,3040.25,merchant_payment,11,Khulna,DEV-U-0088-P1,0,U-0033,0,0,1,0,0,0,None
TXN-MFS-03510,U-0088,3971.0,send_money,10,Khulna,DEV-U-0088-P1,0,U-0001,0,0,1,0,0,0,None
TXN-MFS-03511,U-0088,3257.3,merchant_payment,9,Khulna,DEV-U-0088-P1,0,U-0036,0,0,1,0,0,0,None
TXN-MFS-03512,U-0088,4891.38,send_money,20,Khulna,DEV-U-0088-P1,0,U-0036,0,0,1,0,0,0,None
TXN-MFS-03513,U-0088,3865.62,send_money,11,Khulna,DEV-U-0088-P1,0,U-0033,0,0,1,0,0,0,None
TXN-MFS-03514,U-0088,3321.88,merchant_payment,11,Khulna,DEV-U-0088-P1,0,U-0033,0,0,1,0,0,0,None
TXN-MFS-03515,U-0088,2946.43,send_money,13,Khulna,DEV-U-0088-P1,0,U-0033,0,0,1,0,0,0,None
TXN-MFS-03516,U-0088,2652.85,cash_out,13,Khulna,DEV-U-0088-P1,0,U-0036,0,0,1,0,0,0,None
TXN-MFS-03517,U-0088,3491.88,cash_out,12,Khulna,DEV-U-0088-P1,0,U-0001,0,0,1,0,0,0,None
TXN-MFS-03518,U-0088,3031.23,send_money,18,Khulna,DEV-U-0088-P1,0,U-0036,0,0,1,0,0,0,None
TXN-MFS-03519,U-0088,3940.74,send_money,20,Khulna,DEV-U-0088-P1,0,U-0033,0,0,1,0,0,0,None
TXN-MFS-03520,U-0089,4365.42,send_money,17,Cumilla,DEV-U-0089-P1,0,U-0030,0,0,1,0,0,0,None
TXN-MFS-03521,U-0089,6265.81,merchant_payment,15,Rajshahi,DEV-U-0089-P1,0,U-0099,0,0,1,0,0,0,None
TXN-MFS-03522,U-0089,4588.26,send_money,10,Cumilla,DEV-U-0089-P1,0,U-0052,0,0,1,0,0,0,None
TXN-MFS-03523,U-0089,3931.42,send_money,10,Cumilla,DEV-U-0089-P1,0,U-0052,0,0,1,0,0,0,None
TXN-MFS-03524,U-0089,3957.47,merchant_payment,10,Cumilla,DEV-U-0089-P1,0,U-0052,0,0,1,0,0,0,None
TXN-MFS-03525,U-0089,3414.0,send_money,16,Cumilla,DEV-U-0089-P1,0,U-0099,0,0,1,0,0,0,None
TXN-MFS-03526,U-0089,3355.49,merchant_payment,9,Cumilla,DEV-U-0089-P1,0,U-0030,0,0,1,0,0,0,None
TXN-MFS-03527,U-0089,3711.96,cash_out,20,Cumilla,DEV-U-0089-P1,0,U-0052,0,0,1,0,0,0,None
TXN-MFS-03528,U-0089,4328.81,send_money,18,Cumilla,DEV-U-0089-P1,0,U-0052,0,0,1,0,0,0,None
TXN-MFS-03529,U-0089,4692.99,merchant_payment,15,Cumilla,DEV-U-0089-P1,0,U-0099,0,0,1,0,0,0,None
TXN-MFS-03530,U-0089,3682.6,cash_out,18,Cumilla,DEV-U-0089-P1,0,U-0052,0,0,1,0,0,0,None
TXN-MFS-03531,U-0089,3743.78,cash_out,16,Cumilla,DEV-U-0089-P1,0,U-0052,0,0,1,0,0,0,None
TXN-MFS-03532,U-0089,2322.86,send_money,16,Cumilla,DEV-U-0089-P1,0,U-0052,0,0,1,0,0,0,None
TXN-MFS-03533,U-0089,3887.08,merchant_payment,10,Cumilla,DEV-U-0089-P1,0,U-0052,0,0,1,0,0,0,None
TXN-MFS-03534,U-0089,5358.94,send_money,10,Cumilla,DEV-U-0089-P1,0,U-0052,0,0,1,0,0,0,None
TXN-MFS-03535,U-0089,3554.97,send_money,18,Cumilla,DEV-U-0089-P1,0,U-0052,0,0,1,0,0,0,None
TXN-MFS-03536,U-0089,4458.72,merchant_payment,20,Cumilla,DEV-U-0089-P1,0,U-0030,0,0,1,0,0,0,None
TXN-MFS-03537,U-0089,3478.97,cash_out,11,Cumilla,DEV-U-0089-P1,0,U-0052,0,0,1,0,0,0,None
TXN-MFS-03538,U-0089,3428.5,send_money,17,Cumilla,DEV-U-0089-P1,0,U-0052,0,0,1,0,0,0,None
TXN-MFS-03539,U-0089,2941.04,merchant_payment,15,Cumilla,DEV-U-0089-P1,0,U-0052,0,0,1,0,0,0,None
TXN-MFS-03540,U-0089,3565.75,merchant_payment,16,Cumilla,DEV-U-0089-P1,0,U-0030,0,0,1,0,0,0,None
TXN-MFS-03541,U-0089,4454.6,cash_out,17,Cumilla,DEV-U-0089-P1,0,U-0052,0,0,1,0,0,0,None
TXN-MFS-03542,U-0089,4101.75,merchant_payment,16,Cumilla,DEV-U-0089-P1,0,U-0030,0,0,1,0,0,0,None
TXN-MFS-03543,U-0089,4298.41,send_money,19,Cumilla,DEV-U-0089-P1,0,U-0052,0,0,1,0,0,0,None
TXN-MFS-03544,U-0089,3592.05,merchant_payment,10,Cumilla,DEV-U-0089-P1,0,U-0052,0,0,1,0,0,0,None
TXN-MFS-03545,U-0089,5516.53,send_money,18,Cumilla,DEV-U-0089-P1,0,U-0030,0,0,1,0,0,0,None
TXN-MFS-03546,U-0089,7045.28,send_money,10,Cumilla,DEV-U-0089-P1,0,U-0052,0,0,1,0,0,0,None
TXN-MFS-03547,U-0089,5004.81,send_money,14,Cumilla,DEV-U-0089-P1,0,U-0099,0,0,1,0,0,0,None
TXN-MFS-03548,U-0089,2982.47,send_money,11,Cumilla,DEV-U-0089-P1,0,U-0052,0,0,1,0,0,0,None
TXN-MFS-03549,U-0089,4102.5,merchant_payment,13,Cumilla,DEV-U-0089-P1,0,U-0030,0,0,1,0,0,0,None
TXN-MFS-03550,U-0089,2924.07,merchant_payment,13,Cumilla,DEV-U-0089-P1,0,U-0099,0,0,1,0,0,0,None
TXN-MFS-03551,U-0089,5006.39,cash_out,15,Cumilla,DEV-U-0089-P1,0,U-0099,0,0,1,0,0,0,None
TXN-MFS-03552,U-0089,4233.82,cash_out,19,Sylhet,DEV-U-0089-P1,0,U-0099,0,0,1,0,0,0,None
TXN-MFS-03553,U-0089,3178.49,merchant_payment,13,Cumilla,DEV-U-0089-S2,1,U-0052,0,0,1,0,0,0,None
TXN-MFS-03554,U-0089,4819.48,cash_out,18,Cumilla,DEV-U-0089-P1,0,U-0099,0,0,1,0,0,0,None
TXN-MFS-03555,U-0089,3259.48,merchant_payment,17,Cumilla,DEV-U-0089-P1,0,U-0030,0,0,1,0,0,0,None
TXN-MFS-03556,U-0089,5527.68,send_money,16,Cumilla,DEV-U-0089-P1,0,U-0099,0,0,1,0,0,0,None
TXN-MFS-03557,U-0089,4654.94,send_money,10,Cumilla,DEV-U-0089-P1,0,U-0099,0,0,1,0,0,0,None
TXN-MFS-03558,U-0089,5279.78,send_money,15,Cumilla,DEV-U-0089-P1,0,U-0099,0,0,1,0,0,0,None
TXN-MFS-03559,U-0089,24340.87,cash_out,19,Cumilla,DEV-U-0089-P1,0,U-STRUCT-79,1,6,10,0,0,1,VELOCITY_BURST
TXN-MFS-03560,U-0090,4214.09,cash_out,9,Kushtia,DEV-U-0090-P1,0,U-0091,0,0,1,0,0,0,None
TXN-MFS-03561,U-0090,4667.42,merchant_payment,14,Kushtia,DEV-U-0090-P1,0,U-0021,0,0,1,0,0,0,None
TXN-MFS-03562,U-0090,6311.9,cash_out,14,Kushtia,DEV-U-0090-P1,0,U-0058,0,0,1,0,0,0,None
TXN-MFS-03563,U-0090,4024.84,cash_out,19,Dhaka,DEV-U-0090-P1,0,U-0091,0,0,1,0,0,0,None
TXN-MFS-03564,U-0090,5213.02,merchant_payment,11,Kushtia,DEV-U-0090-P1,0,U-0058,0,0,1,0,0,0,None
TXN-MFS-03565,U-0090,4253.76,cash_out,14,Kushtia,DEV-U-0090-P1,0,U-0058,0,0,1,0,0,0,None
TXN-MFS-03566,U-0090,3807.35,cash_out,11,Kushtia,DEV-U-0090-P1,0,U-0058,0,0,1,0,0,0,None
TXN-MFS-03567,U-0090,4070.19,send_money,12,Kushtia,DEV-U-0090-P1,0,U-0058,0,0,1,0,0,0,None
TXN-MFS-03568,U-0090,4841.63,cash_out,12,Kushtia,DEV-U-0090-P1,0,U-0058,0,0,1,0,0,0,None
TXN-MFS-03569,U-0090,2785.88,send_money,10,Kushtia,DEV-U-0090-P1,0,U-0091,0,0,1,0,0,0,None
TXN-MFS-03570,U-0090,4796.7,send_money,13,Kushtia,DEV-U-0090-P1,0,U-0021,0,0,1,0,0,0,None
TXN-MFS-03571,U-0090,3907.14,merchant_payment,18,Kushtia,DEV-U-0090-P1,0,U-0021,0,0,1,0,0,0,None
TXN-MFS-03572,U-0090,3376.48,send_money,14,Kushtia,DEV-U-0090-P1,0,U-0021,0,0,1,0,0,0,None
TXN-MFS-03573,U-0090,2859.41,send_money,19,Kushtia,DEV-U-0090-P1,0,U-0091,0,0,1,0,0,0,None
TXN-MFS-03574,U-0090,4367.05,send_money,14,Kushtia,DEV-U-0090-P1,0,U-0021,0,0,1,0,0,0,None
TXN-MFS-03575,U-0090,2208.88,cash_out,13,Kushtia,DEV-U-0090-P1,0,U-0021,0,0,1,0,0,0,None
TXN-MFS-03576,U-0090,3860.2,cash_out,17,Kushtia,DEV-U-0090-P1,0,U-0058,0,0,1,0,0,0,None
TXN-MFS-03577,U-0090,3981.66,merchant_payment,18,Kushtia,DEV-U-0090-P1,0,U-0091,0,0,1,0,0,0,None
TXN-MFS-03578,U-0090,5156.98,merchant_payment,17,Kushtia,DEV-U-0090-S2,1,U-0021,0,0,1,0,0,0,None
TXN-MFS-03579,U-0090,4774.48,merchant_payment,17,Kushtia,DEV-U-0090-P1,0,U-0021,0,0,1,0,0,0,None
TXN-MFS-03580,U-0090,3979.34,merchant_payment,16,Kushtia,DEV-U-0090-P1,0,U-0091,0,0,1,0,0,0,None
TXN-MFS-03581,U-0090,4190.59,send_money,16,Kushtia,DEV-U-0090-P1,0,U-0021,0,0,1,0,0,0,None
TXN-MFS-03582,U-0090,4709.99,merchant_payment,19,Kushtia,DEV-U-0090-P1,0,U-0021,0,0,1,0,0,0,None
TXN-MFS-03583,U-0090,4527.13,send_money,12,Kushtia,DEV-U-0090-P1,0,U-0091,0,0,1,0,0,0,None
TXN-MFS-03584,U-0090,4440.05,cash_out,12,Kushtia,DEV-U-0090-P1,0,U-0058,0,0,1,0,0,0,None
TXN-MFS-03585,U-0090,5674.26,merchant_payment,11,Kushtia,DEV-U-0090-P1,0,U-0091,0,0,1,0,0,0,None
TXN-MFS-03586,U-0090,4478.75,merchant_payment,17,Kushtia,DEV-U-0090-P1,0,U-0021,0,0,1,0,0,0,None
TXN-MFS-03587,U-0090,6020.81,merchant_payment,13,Kushtia,DEV-U-0090-P1,0,U-0091,0,0,1,0,0,0,None
TXN-MFS-03588,U-0090,3990.59,send_money,18,Kushtia,DEV-U-0090-P1,0,U-0091,0,0,1,0,0,0,None
TXN-MFS-03589,U-0090,5350.82,cash_out,14,Kushtia,DEV-U-0090-P1,0,U-0058,0,0,1,0,0,0,None
TXN-MFS-03590,U-0090,1946.67,merchant_payment,16,Kushtia,DEV-U-0090-P1,0,U-0021,0,0,1,0,0,0,None
TXN-MFS-03591,U-0090,5274.48,send_money,16,Kushtia,DEV-U-0090-P1,0,U-0091,0,0,1,0,0,0,None
TXN-MFS-03592,U-0090,3667.52,merchant_payment,9,Kushtia,DEV-U-0090-P1,0,U-0021,0,0,1,0,0,0,None
TXN-MFS-03593,U-0090,2187.37,send_money,9,Kushtia,DEV-U-0090-P1,0,U-0058,0,0,1,0,0,0,None
TXN-MFS-03594,U-0090,4593.65,send_money,18,Chattogram,DEV-U-0090-S2,1,U-0091,0,0,1,0,0,0,None
TXN-MFS-03595,U-0090,3014.29,send_money,19,Kushtia,DEV-U-0090-P1,0,U-0021,0,0,1,0,0,0,None
TXN-MFS-03596,U-0090,3818.55,merchant_payment,19,Kushtia,DEV-U-0090-P1,0,U-0021,0,0,1,0,0,0,None
TXN-MFS-03597,U-0090,5359.58,merchant_payment,12,Kushtia,DEV-U-0090-P1,0,U-0021,0,0,1,0,0,0,None
TXN-MFS-03598,U-0090,5399.42,merchant_payment,20,Kushtia,DEV-U-0090-P1,0,U-0021,0,0,1,0,0,0,None
TXN-MFS-03599,U-0090,3435.61,merchant_payment,11,Kushtia,DEV-U-0090-P1,0,U-0021,0,0,1,0,0,0,None
TXN-MFS-03600,U-0091,983.48,send_money,18,Rangpur,DEV-U-0091-P1,0,U-0034,0,0,1,0,0,0,None
TXN-MFS-03601,U-0091,1248.4,merchant_payment,14,Rangpur,DEV-U-0091-P1,0,U-0034,0,0,1,0,0,0,None
TXN-MFS-03602,U-0091,1903.81,cash_out,16,Rangpur,DEV-U-0091-P1,0,U-0090,0,0,1,0,0,0,None
TXN-MFS-03603,U-0091,1952.15,send_money,9,Rangpur,DEV-U-0091-P1,0,U-0090,0,0,1,0,0,0,None
TXN-MFS-03604,U-0091,1817.97,send_money,16,Rangpur,DEV-U-0091-P1,0,U-0034,0,0,1,0,0,0,None
TXN-MFS-03605,U-0091,1391.7,merchant_payment,9,Rangpur,DEV-U-0091-P1,0,U-0090,0,0,1,0,0,0,None
TXN-MFS-03606,U-0091,1406.55,send_money,18,Jessore,DEV-U-0091-P1,0,U-0034,0,0,1,0,0,0,None
TXN-MFS-03607,U-0091,1279.04,merchant_payment,16,Rangpur,DEV-U-0091-P1,0,U-0014,0,0,1,0,0,0,None
TXN-MFS-03608,U-0091,1461.52,send_money,12,Rangpur,DEV-U-0091-P1,0,U-0034,0,0,1,0,0,0,None
TXN-MFS-03609,U-0091,2250.5,send_money,11,Rangpur,DEV-U-0091-P1,0,U-0014,0,0,1,0,0,0,None
TXN-MFS-03610,U-0091,1219.83,merchant_payment,15,Rangpur,DEV-U-0091-P1,0,U-0034,0,0,1,0,0,0,None
TXN-MFS-03611,U-0091,1589.12,cash_out,13,Rangpur,DEV-U-0091-P1,0,U-0034,0,0,1,0,0,0,None
TXN-MFS-03612,U-0091,1234.27,cash_out,16,Rangpur,DEV-U-0091-P1,0,U-0014,0,0,1,0,0,0,None
TXN-MFS-03613,U-0091,1436.96,send_money,11,Rangpur,DEV-U-0091-P1,0,U-0034,0,0,1,0,0,0,None
TXN-MFS-03614,U-0091,1226.14,cash_out,16,Rangpur,DEV-U-0091-P1,0,U-0014,0,0,1,0,0,0,None
TXN-MFS-03615,U-0091,1694.88,send_money,15,Rangpur,DEV-U-0091-P1,0,U-0090,0,0,1,0,0,0,None
TXN-MFS-03616,U-0091,1322.46,cash_out,19,Rangpur,DEV-U-0091-P1,0,U-0034,0,0,1,0,0,0,None
TXN-MFS-03617,U-0091,1960.29,merchant_payment,9,Rangpur,DEV-U-0091-P1,0,U-0034,0,0,1,0,0,0,None
TXN-MFS-03618,U-0091,2129.73,send_money,9,Rangpur,DEV-U-0091-P1,0,U-0034,0,0,1,0,0,0,None
TXN-MFS-03619,U-0091,2038.44,send_money,20,Rangpur,DEV-U-0091-P1,0,U-0014,0,0,1,0,0,0,None
TXN-MFS-03620,U-0091,1430.48,send_money,18,Rangpur,DEV-U-0091-P1,0,U-0034,0,0,1,0,0,0,None
TXN-MFS-03621,U-0091,1491.7,cash_out,11,Rangpur,DEV-U-0091-P1,0,U-0090,0,0,1,0,0,0,None
TXN-MFS-03622,U-0091,1963.07,send_money,12,Rangpur,DEV-U-0091-P1,0,U-0034,0,0,1,0,0,0,None
TXN-MFS-03623,U-0091,707.47,cash_out,12,Rangpur,DEV-U-0091-P1,0,U-0090,0,0,1,0,0,0,None
TXN-MFS-03624,U-0091,1719.98,merchant_payment,15,Rangpur,DEV-U-0091-P1,0,U-0090,0,0,1,0,0,0,None
TXN-MFS-03625,U-0091,1003.25,cash_out,19,Rangpur,DEV-U-0091-P1,0,U-0034,0,0,1,0,0,0,None
TXN-MFS-03626,U-0091,1492.8,send_money,14,Rangpur,DEV-U-0091-P1,0,U-0034,0,0,1,0,0,0,None
TXN-MFS-03627,U-0091,2188.79,merchant_payment,10,Rangpur,DEV-U-0091-P1,0,U-0034,0,0,1,0,0,0,None
TXN-MFS-03628,U-0091,1625.72,merchant_payment,12,Rangpur,DEV-U-0091-P1,0,U-0090,0,0,1,0,0,0,None
TXN-MFS-03629,U-0091,1715.56,send_money,13,Rangpur,DEV-U-0091-P1,0,U-0034,0,0,1,0,0,0,None
TXN-MFS-03630,U-0091,2093.38,send_money,11,Rangpur,DEV-U-0091-P1,0,U-0034,0,0,1,0,0,0,None
TXN-MFS-03631,U-0091,1720.35,send_money,17,Rangpur,DEV-U-0091-P1,0,U-0014,0,0,1,0,0,0,None
TXN-MFS-03632,U-0091,1833.84,merchant_payment,15,Rangpur,DEV-U-0091-P1,0,U-0090,0,0,1,0,0,0,None
TXN-MFS-03633,U-0091,1137.33,cash_out,19,Rangpur,DEV-U-0091-P1,0,U-0014,0,0,1,0,0,0,None
TXN-MFS-03634,U-0091,1680.98,send_money,18,Rangpur,DEV-U-0091-P1,0,U-0034,0,0,1,0,0,0,None
TXN-MFS-03635,U-0091,1868.91,send_money,19,Rangpur,DEV-U-0091-P1,0,U-0090,0,0,1,0,0,0,None
TXN-MFS-03636,U-0091,1488.47,cash_out,15,Rangpur,DEV-U-0091-P1,0,U-0090,0,0,1,0,0,0,None
TXN-MFS-03637,U-0091,1148.28,merchant_payment,12,Rangpur,DEV-U-0091-P1,0,U-0090,0,0,1,0,0,0,None
TXN-MFS-03638,U-0091,1559.14,send_money,13,Rangpur,DEV-U-0091-P1,0,U-0034,0,0,1,0,0,0,None
TXN-MFS-03639,U-0091,1709.03,merchant_payment,20,Rangpur,DEV-U-0091-P1,0,U-0014,0,0,1,0,0,0,None
TXN-MFS-03640,U-0092,2201.69,send_money,11,Sylhet,DEV-U-0092-P1,0,U-0079,0,0,1,0,0,0,None
TXN-MFS-03641,U-0092,2595.65,cash_out,17,Sylhet,DEV-U-0092-P1,0,U-0094,0,0,1,0,0,0,None
TXN-MFS-03642,U-0092,1213.58,send_money,16,Sylhet,DEV-U-0092-P1,0,U-0094,0,0,1,0,0,0,None
TXN-MFS-03643,U-0092,2721.71,merchant_payment,10,Sylhet,DEV-U-0092-P1,0,U-0099,0,0,1,0,0,0,None
TXN-MFS-03644,U-0092,2955.67,send_money,19,Sylhet,DEV-U-0092-P1,0,U-0079,0,0,1,0,0,0,None
TXN-MFS-03645,U-0092,1831.98,cash_out,14,Sylhet,DEV-U-0092-P1,0,U-0099,0,0,1,0,0,0,None
TXN-MFS-03646,U-0092,1851.12,send_money,10,Sylhet,DEV-U-0092-P1,0,U-0094,0,0,1,0,0,0,None
TXN-MFS-03647,U-0092,2173.35,send_money,9,Sylhet,DEV-U-0092-P1,0,U-0079,0,0,1,0,0,0,None
TXN-MFS-03648,U-0092,1888.75,cash_out,20,Dhaka,DEV-U-0092-P1,0,U-0079,0,0,1,0,0,0,None
TXN-MFS-03649,U-0092,2287.07,cash_out,16,Sylhet,DEV-U-0092-P1,0,U-0079,0,0,1,0,0,0,None
TXN-MFS-03650,U-0092,1417.87,merchant_payment,15,Sylhet,DEV-U-0092-P1,0,U-0079,0,0,1,0,0,0,None
TXN-MFS-03651,U-0092,2713.13,merchant_payment,18,Sylhet,DEV-U-0092-P1,0,U-0099,0,0,1,0,0,0,None
TXN-MFS-03652,U-0092,1808.72,send_money,13,Sylhet,DEV-U-0092-S2,1,U-0099,0,0,1,0,0,0,None
TXN-MFS-03653,U-0092,1399.12,merchant_payment,9,Sylhet,DEV-U-0092-P1,0,U-0094,0,0,1,0,0,0,None
TXN-MFS-03654,U-0092,3330.39,cash_out,12,Sylhet,DEV-U-0092-P1,0,U-0079,0,0,1,0,0,0,None
TXN-MFS-03655,U-0092,2423.23,cash_out,20,Sylhet,DEV-U-0092-P1,0,U-0079,0,0,1,0,0,0,None
TXN-MFS-03656,U-0092,2355.98,send_money,9,Sylhet,DEV-U-0092-P1,0,U-0079,0,0,1,0,0,0,None
TXN-MFS-03657,U-0092,2626.74,cash_out,15,Sylhet,DEV-U-0092-P1,0,U-0094,0,0,1,0,0,0,None
TXN-MFS-03658,U-0092,2026.9,send_money,14,Sylhet,DEV-U-0092-P1,0,U-0079,0,0,1,0,0,0,None
TXN-MFS-03659,U-0092,1799.75,send_money,11,Sylhet,DEV-U-0092-P1,0,U-0099,0,0,1,0,0,0,None
TXN-MFS-03660,U-0092,2457.1,merchant_payment,17,Sylhet,DEV-U-0092-P1,0,U-0099,0,0,1,0,0,0,None
TXN-MFS-03661,U-0092,2222.99,send_money,13,Sylhet,DEV-U-0092-P1,0,U-0094,0,0,1,0,0,0,None
TXN-MFS-03662,U-0092,2565.2,merchant_payment,14,Rajshahi,DEV-U-0092-P1,0,U-0094,0,0,1,0,0,0,None
TXN-MFS-03663,U-0092,2742.29,send_money,11,Sylhet,DEV-U-0092-P1,0,U-0094,0,0,1,0,0,0,None
TXN-MFS-03664,U-0092,1439.39,send_money,15,Sylhet,DEV-U-0092-P1,0,U-0099,0,0,1,0,0,0,None
TXN-MFS-03665,U-0092,1648.91,send_money,16,Sylhet,DEV-U-0092-P1,0,U-0094,0,0,1,0,0,0,None
TXN-MFS-03666,U-0092,1776.76,send_money,9,Sylhet,DEV-U-0092-P1,0,U-0079,0,0,1,0,0,0,None
TXN-MFS-03667,U-0092,2334.65,send_money,11,Sylhet,DEV-U-0092-P1,0,U-0099,0,0,1,0,0,0,None
TXN-MFS-03668,U-0092,1868.31,merchant_payment,9,Sylhet,DEV-U-0092-P1,0,U-0094,0,0,1,0,0,0,None
TXN-MFS-03669,U-0092,2143.47,cash_out,14,Sylhet,DEV-U-0092-P1,0,U-0094,0,0,1,0,0,0,None
TXN-MFS-03670,U-0092,2692.08,merchant_payment,18,Sylhet,DEV-U-0092-P1,0,U-0099,0,0,1,0,0,0,None
TXN-MFS-03671,U-0092,2419.88,send_money,16,Sylhet,DEV-U-0092-P1,0,U-0079,0,0,1,0,0,0,None
TXN-MFS-03672,U-0092,2402.24,cash_out,16,Sylhet,DEV-U-0092-P1,0,U-0079,0,0,1,0,0,0,None
TXN-MFS-03673,U-0092,2468.88,cash_out,13,Sylhet,DEV-U-0092-P1,0,U-0079,0,0,1,0,0,0,None
TXN-MFS-03674,U-0092,1376.36,send_money,19,Sylhet,DEV-U-0092-P1,0,U-0094,0,0,1,0,0,0,None
TXN-MFS-03675,U-0092,1249.9,send_money,12,Sylhet,DEV-U-0092-P1,0,U-0094,0,0,1,0,0,0,None
TXN-MFS-03676,U-0092,2368.85,send_money,19,Jessore,DEV-U-0092-P1,0,U-0094,0,0,1,0,0,0,None
TXN-MFS-03677,U-0092,2688.6,merchant_payment,14,Sylhet,DEV-U-0092-P1,0,U-0094,0,0,1,0,0,0,None
TXN-MFS-03678,U-0092,2357.87,merchant_payment,18,Sylhet,DEV-U-0092-P1,0,U-0079,0,0,1,0,0,0,None
TXN-MFS-03679,U-0092,47768.78,send_money,9,Dhaka,DEV-ROGUE-555,1,U-8831,1,4,8,0,0,1,MULE_CLUSTER_17
TXN-MFS-03680,U-0093,4031.52,send_money,16,Jessore,DEV-U-0093-P1,0,U-0003,0,0,1,0,0,0,None
TXN-MFS-03681,U-0093,4101.72,merchant_payment,12,Chattogram,DEV-U-0093-P1,0,U-0049,0,0,1,0,0,0,None
TXN-MFS-03682,U-0093,3379.26,send_money,9,Chattogram,DEV-U-0093-P1,0,U-0085,0,0,1,0,0,0,None
TXN-MFS-03683,U-0093,3402.5,merchant_payment,18,Chattogram,DEV-U-0093-P1,0,U-0003,0,0,1,0,0,0,None
TXN-MFS-03684,U-0093,2780.85,merchant_payment,12,Chattogram,DEV-U-0093-P1,0,U-0085,0,0,1,0,0,0,None
TXN-MFS-03685,U-0093,2305.02,send_money,19,Chattogram,DEV-U-0093-S2,1,U-0003,0,0,1,0,0,0,None
TXN-MFS-03686,U-0093,3087.33,merchant_payment,20,Chattogram,DEV-U-0093-P1,0,U-0049,0,0,1,0,0,0,None
TXN-MFS-03687,U-0093,3139.7,send_money,16,Chattogram,DEV-U-0093-P1,0,U-0003,0,0,1,0,0,0,None
TXN-MFS-03688,U-0093,4058.03,merchant_payment,17,Chattogram,DEV-U-0093-P1,0,U-0085,0,0,1,0,0,0,None
TXN-MFS-03689,U-0093,2947.59,cash_out,13,Chattogram,DEV-U-0093-P1,0,U-0003,0,0,1,0,0,0,None
TXN-MFS-03690,U-0093,4084.39,send_money,9,Chattogram,DEV-U-0093-P1,0,U-0003,0,0,1,0,0,0,None
TXN-MFS-03691,U-0093,3533.55,merchant_payment,14,Chattogram,DEV-U-0093-P1,0,U-0049,0,0,1,0,0,0,None
TXN-MFS-03692,U-0093,3762.63,send_money,14,Chattogram,DEV-U-0093-P1,0,U-0003,0,0,1,0,0,0,None
TXN-MFS-03693,U-0093,3948.48,merchant_payment,12,Chattogram,DEV-U-0093-P1,0,U-0049,0,0,1,0,0,0,None
TXN-MFS-03694,U-0093,3561.22,send_money,15,Chattogram,DEV-U-0093-P1,0,U-0049,0,0,1,0,0,0,None
TXN-MFS-03695,U-0093,3660.08,send_money,14,Chattogram,DEV-U-0093-P1,0,U-0003,0,0,1,0,0,0,None
TXN-MFS-03696,U-0093,4121.13,merchant_payment,17,Chattogram,DEV-U-0093-P1,0,U-0085,0,0,1,0,0,0,None
TXN-MFS-03697,U-0093,3831.79,send_money,18,Chattogram,DEV-U-0093-P1,0,U-0049,0,0,1,0,0,0,None
TXN-MFS-03698,U-0093,3022.33,send_money,10,Chattogram,DEV-U-0093-P1,0,U-0003,0,0,1,0,0,0,None
TXN-MFS-03699,U-0093,2687.4,cash_out,10,Chattogram,DEV-U-0093-P1,0,U-0085,0,0,1,0,0,0,None
TXN-MFS-03700,U-0093,2706.49,merchant_payment,12,Chattogram,DEV-U-0093-P1,0,U-0003,0,0,1,0,0,0,None
TXN-MFS-03701,U-0093,3644.44,merchant_payment,15,Chattogram,DEV-U-0093-P1,0,U-0085,0,0,1,0,0,0,None
TXN-MFS-03702,U-0093,3935.56,send_money,16,Chattogram,DEV-U-0093-P1,0,U-0085,0,0,1,0,0,0,None
TXN-MFS-03703,U-0093,3949.25,send_money,17,Khulna,DEV-U-0093-P1,0,U-0085,0,0,1,0,0,0,None
TXN-MFS-03704,U-0093,4495.37,send_money,18,Chattogram,DEV-U-0093-P1,0,U-0003,0,0,1,0,0,0,None
TXN-MFS-03705,U-0093,3207.89,merchant_payment,13,Chattogram,DEV-U-0093-P1,0,U-0003,0,0,1,0,0,0,None
TXN-MFS-03706,U-0093,4831.54,send_money,16,Chattogram,DEV-U-0093-P1,0,U-0049,0,0,1,0,0,0,None
TXN-MFS-03707,U-0093,4499.74,cash_out,13,Chattogram,DEV-U-0093-P1,0,U-0003,0,0,1,0,0,0,None
TXN-MFS-03708,U-0093,3272.95,merchant_payment,16,Chattogram,DEV-U-0093-P1,0,U-0003,0,0,1,0,0,0,None
TXN-MFS-03709,U-0093,4234.88,send_money,16,Chattogram,DEV-U-0093-P1,0,U-0049,0,0,1,0,0,0,None
TXN-MFS-03710,U-0093,4022.91,merchant_payment,10,Chattogram,DEV-U-0093-P1,0,U-0085,0,0,1,0,0,0,None
TXN-MFS-03711,U-0093,4678.7,send_money,20,Chattogram,DEV-U-0093-P1,0,U-0085,0,0,1,0,0,0,None
TXN-MFS-03712,U-0093,3792.34,cash_out,14,Chattogram,DEV-U-0093-P1,0,U-0049,0,0,1,0,0,0,None
TXN-MFS-03713,U-0093,3041.49,send_money,20,Chattogram,DEV-U-0093-P1,0,U-0003,0,0,1,0,0,0,None
TXN-MFS-03714,U-0093,3644.03,send_money,12,Chattogram,DEV-U-0093-P1,0,U-0049,0,0,1,0,0,0,None
TXN-MFS-03715,U-0093,2713.1,send_money,16,Chattogram,DEV-U-0093-P1,0,U-0085,0,0,1,0,0,0,None
TXN-MFS-03716,U-0093,4180.08,merchant_payment,19,Jessore,DEV-U-0093-P1,0,U-0049,0,0,1,0,0,0,None
TXN-MFS-03717,U-0093,3659.27,merchant_payment,9,Chattogram,DEV-U-0093-P1,0,U-0003,0,0,1,0,0,0,None
TXN-MFS-03718,U-0093,4230.5,merchant_payment,10,Chattogram,DEV-U-0093-P1,0,U-0003,0,0,1,0,0,0,None
TXN-MFS-03719,U-0093,3432.05,send_money,17,Chattogram,DEV-U-0093-P1,0,U-0085,0,0,1,0,0,0,None
TXN-MFS-03720,U-0094,1401.55,send_money,13,Kushtia,DEV-U-0094-P1,0,U-0053,0,0,1,0,0,0,None
TXN-MFS-03721,U-0094,716.56,merchant_payment,16,Kushtia,DEV-U-0094-P1,0,U-0081,0,0,1,0,0,0,None
TXN-MFS-03722,U-0094,1010.62,send_money,18,Kushtia,DEV-U-0094-P1,0,U-0053,0,0,1,0,0,0,None
TXN-MFS-03723,U-0094,1351.52,send_money,10,Kushtia,DEV-U-0094-P1,0,U-0053,0,0,1,0,0,0,None
TXN-MFS-03724,U-0094,980.91,send_money,17,Kushtia,DEV-U-0094-P1,0,U-0081,0,0,1,0,0,0,None
TXN-MFS-03725,U-0094,1686.71,cash_out,17,Kushtia,DEV-U-0094-P1,0,U-0081,0,0,1,0,0,0,None
TXN-MFS-03726,U-0094,1969.1,cash_out,12,Kushtia,DEV-U-0094-P1,0,U-0081,0,0,1,0,0,0,None
TXN-MFS-03727,U-0094,1105.13,cash_out,9,Kushtia,DEV-U-0094-P1,0,U-0081,0,0,1,0,0,0,None
TXN-MFS-03728,U-0094,1019.4,send_money,15,Dhaka,DEV-U-0094-P1,0,U-0081,0,0,1,0,0,0,None
TXN-MFS-03729,U-0094,1588.67,send_money,15,Kushtia,DEV-U-0094-P1,0,U-0013,0,0,1,0,0,0,None
TXN-MFS-03730,U-0094,1750.62,merchant_payment,12,Kushtia,DEV-U-0094-P1,0,U-0013,0,0,1,0,0,0,None
TXN-MFS-03731,U-0094,1744.17,send_money,12,Kushtia,DEV-U-0094-P1,0,U-0081,0,0,1,0,0,0,None
TXN-MFS-03732,U-0094,1664.74,send_money,14,Kushtia,DEV-U-0094-P1,0,U-0053,0,0,1,0,0,0,None
TXN-MFS-03733,U-0094,955.87,send_money,18,Kushtia,DEV-U-0094-P1,0,U-0013,0,0,1,0,0,0,None
TXN-MFS-03734,U-0094,1404.3,merchant_payment,17,Kushtia,DEV-U-0094-P1,0,U-0053,0,0,1,0,0,0,None
TXN-MFS-03735,U-0094,1519.14,merchant_payment,16,Kushtia,DEV-U-0094-P1,0,U-0053,0,0,1,0,0,0,None
TXN-MFS-03736,U-0094,1101.33,cash_out,9,Kushtia,DEV-U-0094-P1,0,U-0081,0,0,1,0,0,0,None
TXN-MFS-03737,U-0094,1603.0,send_money,19,Kushtia,DEV-U-0094-P1,0,U-0053,0,0,1,0,0,0,None
TXN-MFS-03738,U-0094,1499.05,send_money,15,Kushtia,DEV-U-0094-P1,0,U-0081,0,0,1,0,0,0,None
TXN-MFS-03739,U-0094,1313.34,send_money,13,Kushtia,DEV-U-0094-P1,0,U-0053,0,0,1,0,0,0,None
TXN-MFS-03740,U-0094,1600.63,send_money,10,Kushtia,DEV-U-0094-P1,0,U-0013,0,0,1,0,0,0,None
TXN-MFS-03741,U-0094,1954.78,merchant_payment,12,Kushtia,DEV-U-0094-P1,0,U-0053,0,0,1,0,0,0,None
TXN-MFS-03742,U-0094,1452.05,merchant_payment,15,Kushtia,DEV-U-0094-P1,0,U-0013,0,0,1,0,0,0,None
TXN-MFS-03743,U-0094,1308.57,merchant_payment,17,Kushtia,DEV-U-0094-P1,0,U-0013,0,0,1,0,0,0,None
TXN-MFS-03744,U-0094,1675.12,merchant_payment,16,Kushtia,DEV-U-0094-P1,0,U-0081,0,0,1,0,0,0,None
TXN-MFS-03745,U-0094,1636.69,merchant_payment,10,Kushtia,DEV-U-0094-P1,0,U-0081,0,0,1,0,0,0,None
TXN-MFS-03746,U-0094,1563.34,cash_out,14,Kushtia,DEV-U-0094-P1,0,U-0053,0,0,1,0,0,0,None
TXN-MFS-03747,U-0094,1480.13,merchant_payment,16,Kushtia,DEV-U-0094-P1,0,U-0081,0,0,1,0,0,0,None
TXN-MFS-03748,U-0094,1162.73,send_money,16,Kushtia,DEV-U-0094-P1,0,U-0013,0,0,1,0,0,0,None
TXN-MFS-03749,U-0094,1998.23,send_money,16,Chattogram,DEV-U-0094-P1,0,U-0013,0,0,1,0,0,0,None
TXN-MFS-03750,U-0094,1805.25,cash_out,12,Kushtia,DEV-U-0094-P1,0,U-0081,0,0,1,0,0,0,None
TXN-MFS-03751,U-0094,797.87,send_money,9,Kushtia,DEV-U-0094-P1,0,U-0013,0,0,1,0,0,0,None
TXN-MFS-03752,U-0094,838.5,merchant_payment,18,Kushtia,DEV-U-0094-P1,0,U-0013,0,0,1,0,0,0,None
TXN-MFS-03753,U-0094,1511.81,send_money,16,Kushtia,DEV-U-0094-P1,0,U-0081,0,0,1,0,0,0,None
TXN-MFS-03754,U-0094,1674.03,send_money,16,Kushtia,DEV-U-0094-P1,0,U-0081,0,0,1,0,0,0,None
TXN-MFS-03755,U-0094,897.42,merchant_payment,13,Kushtia,DEV-U-0094-P1,0,U-0081,0,0,1,0,0,0,None
TXN-MFS-03756,U-0094,1463.81,send_money,17,Kushtia,DEV-U-0094-P1,0,U-0013,0,0,1,0,0,0,None
TXN-MFS-03757,U-0094,1610.91,cash_out,10,Kushtia,DEV-U-0094-P1,0,U-0013,0,0,1,0,0,0,None
TXN-MFS-03758,U-0094,1577.19,send_money,10,Jessore,DEV-U-0094-P1,0,U-0053,0,0,1,0,0,0,None
TXN-MFS-03759,U-0094,2069.95,cash_out,17,Kushtia,DEV-U-0094-P1,0,U-0013,0,0,1,0,0,0,None
TXN-MFS-03760,U-0095,2564.17,cash_out,18,Sylhet,DEV-U-0095-P1,0,U-0064,0,0,1,0,0,0,None
TXN-MFS-03761,U-0095,1950.81,merchant_payment,12,Sylhet,DEV-U-0095-P1,0,U-0056,0,0,1,0,0,0,None
TXN-MFS-03762,U-0095,1640.39,send_money,17,Sylhet,DEV-U-0095-P1,0,U-0064,0,0,1,0,0,0,None
TXN-MFS-03763,U-0095,2511.23,send_money,17,Kushtia,DEV-U-0095-P1,0,U-0064,0,0,1,0,0,0,None
TXN-MFS-03764,U-0095,3124.71,send_money,20,Sylhet,DEV-U-0095-P1,0,U-0064,0,0,1,0,0,0,None
TXN-MFS-03765,U-0095,1623.34,cash_out,16,Sylhet,DEV-U-0095-P1,0,U-0033,0,0,1,0,0,0,None
TXN-MFS-03766,U-0095,2900.77,merchant_payment,10,Sylhet,DEV-U-0095-S2,1,U-0064,0,0,1,0,0,0,None
TXN-MFS-03767,U-0095,3448.72,send_money,19,Sylhet,DEV-U-0095-P1,0,U-0056,0,0,1,0,0,0,None
TXN-MFS-03768,U-0095,2288.3,send_money,14,Sylhet,DEV-U-0095-P1,0,U-0064,0,0,1,0,0,0,None
TXN-MFS-03769,U-0095,2919.55,cash_out,16,Sylhet,DEV-U-0095-P1,0,U-0056,0,0,1,0,0,0,None
TXN-MFS-03770,U-0095,2054.51,send_money,17,Sylhet,DEV-U-0095-P1,0,U-0056,0,0,1,0,0,0,None
TXN-MFS-03771,U-0095,2070.08,send_money,16,Sylhet,DEV-U-0095-P1,0,U-0064,0,0,1,0,0,0,None
TXN-MFS-03772,U-0095,1134.42,merchant_payment,15,Sylhet,DEV-U-0095-P1,0,U-0033,0,0,1,0,0,0,None
TXN-MFS-03773,U-0095,1898.98,cash_out,12,Sylhet,DEV-U-0095-P1,0,U-0064,0,0,1,0,0,0,None
TXN-MFS-03774,U-0095,2648.7,send_money,10,Sylhet,DEV-U-0095-P1,0,U-0056,0,0,1,0,0,0,None
TXN-MFS-03775,U-0095,2558.12,merchant_payment,20,Sylhet,DEV-U-0095-P1,0,U-0056,0,0,1,0,0,0,None
TXN-MFS-03776,U-0095,886.91,send_money,9,Sylhet,DEV-U-0095-P1,0,U-0064,0,0,1,0,0,0,None
TXN-MFS-03777,U-0095,2346.46,send_money,16,Sylhet,DEV-U-0095-P1,0,U-0064,0,0,1,0,0,0,None
TXN-MFS-03778,U-0095,2467.31,merchant_payment,15,Sylhet,DEV-U-0095-P1,0,U-0056,0,0,1,0,0,0,None
TXN-MFS-03779,U-0095,2051.84,merchant_payment,18,Sylhet,DEV-U-0095-P1,0,U-0056,0,0,1,0,0,0,None
TXN-MFS-03780,U-0095,2531.07,cash_out,18,Sylhet,DEV-U-0095-P1,0,U-0033,0,0,1,0,0,0,None
TXN-MFS-03781,U-0095,2025.36,cash_out,18,Sylhet,DEV-U-0095-P1,0,U-0056,0,0,1,0,0,0,None
TXN-MFS-03782,U-0095,2028.0,send_money,10,Sylhet,DEV-U-0095-P1,0,U-0056,0,0,1,0,0,0,None
TXN-MFS-03783,U-0095,1449.38,merchant_payment,20,Sylhet,DEV-U-0095-P1,0,U-0056,0,0,1,0,0,0,None
TXN-MFS-03784,U-0095,1824.9,send_money,15,Barishal,DEV-U-0095-P1,0,U-0056,0,0,1,0,0,0,None
TXN-MFS-03785,U-0095,2698.12,send_money,14,Sylhet,DEV-U-0095-P1,0,U-0056,0,0,1,0,0,0,None
TXN-MFS-03786,U-0095,1826.14,send_money,20,Sylhet,DEV-U-0095-P1,0,U-0033,0,0,1,0,0,0,None
TXN-MFS-03787,U-0095,2085.97,cash_out,20,Sylhet,DEV-U-0095-P1,0,U-0064,0,0,1,0,0,0,None
TXN-MFS-03788,U-0095,2575.46,send_money,13,Sylhet,DEV-U-0095-P1,0,U-0064,0,0,1,0,0,0,None
TXN-MFS-03789,U-0095,1946.58,send_money,18,Sylhet,DEV-U-0095-P1,0,U-0064,0,0,1,0,0,0,None
TXN-MFS-03790,U-0095,2992.17,cash_out,14,Sylhet,DEV-U-0095-P1,0,U-0064,0,0,1,0,0,0,None
TXN-MFS-03791,U-0095,2500.17,cash_out,10,Sylhet,DEV-U-0095-P1,0,U-0064,0,0,1,0,0,0,None
TXN-MFS-03792,U-0095,2072.3,send_money,12,Sylhet,DEV-U-0095-P1,0,U-0056,0,0,1,0,0,0,None
TXN-MFS-03793,U-0095,2698.15,send_money,14,Sylhet,DEV-U-0095-P1,0,U-0064,0,0,1,0,0,0,None
TXN-MFS-03794,U-0095,2064.42,merchant_payment,17,Sylhet,DEV-U-0095-P1,0,U-0056,0,0,1,0,0,0,None
TXN-MFS-03795,U-0095,1915.91,merchant_payment,15,Sylhet,DEV-U-0095-P1,0,U-0064,0,0,1,0,0,0,None
TXN-MFS-03796,U-0095,2676.2,send_money,15,Sylhet,DEV-U-0095-P1,0,U-0033,0,0,1,0,0,0,None
TXN-MFS-03797,U-0095,1484.18,send_money,19,Sylhet,DEV-U-0095-P1,0,U-0064,0,0,1,0,0,0,None
TXN-MFS-03798,U-0095,1612.28,send_money,12,Sylhet,DEV-U-0095-P1,0,U-0033,0,0,1,0,0,0,None
TXN-MFS-03799,U-0095,25800.0,send_money,3,Cumilla,DEV-SIMSWAP-295,1,U-SWAP-42,1,2,3,1,1,1,SIM_SWAP_DRAIN
TXN-MFS-03800,U-0096,2063.91,send_money,10,Cumilla,DEV-U-0096-P1,0,U-0094,0,0,1,0,0,0,None
TXN-MFS-03801,U-0096,1452.65,send_money,11,Cumilla,DEV-U-0096-P1,0,U-0029,0,0,1,0,0,0,None
TXN-MFS-03802,U-0096,2192.72,send_money,10,Cumilla,DEV-U-0096-P1,0,U-0029,0,0,1,0,0,0,None
TXN-MFS-03803,U-0096,1551.31,merchant_payment,12,Cumilla,DEV-U-0096-P1,0,U-0094,0,0,1,0,0,0,None
TXN-MFS-03804,U-0096,2593.11,merchant_payment,12,Cumilla,DEV-U-0096-P1,0,U-0094,0,0,1,0,0,0,None
TXN-MFS-03805,U-0096,2297.2,send_money,14,Cumilla,DEV-U-0096-P1,0,U-0094,0,0,1,0,0,0,None
TXN-MFS-03806,U-0096,2920.48,merchant_payment,17,Cumilla,DEV-U-0096-P1,0,U-0029,0,0,1,0,0,0,None
TXN-MFS-03807,U-0096,2367.94,send_money,19,Cumilla,DEV-U-0096-P1,0,U-0055,0,0,1,0,0,0,None
TXN-MFS-03808,U-0096,2363.72,send_money,18,Cumilla,DEV-U-0096-P1,0,U-0094,0,0,1,0,0,0,None
TXN-MFS-03809,U-0096,3760.72,merchant_payment,11,Cumilla,DEV-U-0096-P1,0,U-0029,0,0,1,0,0,0,None
TXN-MFS-03810,U-0096,2126.74,send_money,12,Cumilla,DEV-U-0096-P1,0,U-0055,0,0,1,0,0,0,None
TXN-MFS-03811,U-0096,2982.57,merchant_payment,17,Cumilla,DEV-U-0096-P1,0,U-0055,0,0,1,0,0,0,None
TXN-MFS-03812,U-0096,2692.7,merchant_payment,18,Cumilla,DEV-U-0096-P1,0,U-0055,0,0,1,0,0,0,None
TXN-MFS-03813,U-0096,1816.53,merchant_payment,12,Cumilla,DEV-U-0096-P1,0,U-0055,0,0,1,0,0,0,None
TXN-MFS-03814,U-0096,1170.59,cash_out,18,Cumilla,DEV-U-0096-P1,0,U-0094,0,0,1,0,0,0,None
TXN-MFS-03815,U-0096,1846.08,send_money,13,Cumilla,DEV-U-0096-P1,0,U-0094,0,0,1,0,0,0,None
TXN-MFS-03816,U-0096,2043.51,merchant_payment,18,Mymensingh,DEV-U-0096-P1,0,U-0055,0,0,1,0,0,0,None
TXN-MFS-03817,U-0096,2405.92,merchant_payment,17,Cumilla,DEV-U-0096-P1,0,U-0029,0,0,1,0,0,0,None
TXN-MFS-03818,U-0096,2760.01,send_money,14,Cumilla,DEV-U-0096-P1,0,U-0094,0,0,1,0,0,0,None
TXN-MFS-03819,U-0096,1892.75,cash_out,10,Cumilla,DEV-U-0096-P1,0,U-0029,0,0,1,0,0,0,None
TXN-MFS-03820,U-0096,2695.24,merchant_payment,14,Cumilla,DEV-U-0096-P1,0,U-0055,0,0,1,0,0,0,None
TXN-MFS-03821,U-0096,2118.24,send_money,13,Cumilla,DEV-U-0096-P1,0,U-0055,0,0,1,0,0,0,None
TXN-MFS-03822,U-0096,1818.66,merchant_payment,17,Cumilla,DEV-U-0096-P1,0,U-0094,0,0,1,0,0,0,None
TXN-MFS-03823,U-0096,2657.8,cash_out,11,Cumilla,DEV-U-0096-P1,0,U-0094,0,0,1,0,0,0,None
TXN-MFS-03824,U-0096,2188.83,cash_out,9,Dhaka,DEV-U-0096-P1,0,U-0055,0,0,1,0,0,0,None
TXN-MFS-03825,U-0096,2155.93,merchant_payment,13,Cumilla,DEV-U-0096-P1,0,U-0094,0,0,1,0,0,0,None
TXN-MFS-03826,U-0096,2213.4,merchant_payment,12,Cumilla,DEV-U-0096-P1,0,U-0094,0,0,1,0,0,0,None
TXN-MFS-03827,U-0096,2488.52,send_money,20,Cumilla,DEV-U-0096-P1,0,U-0094,0,0,1,0,0,0,None
TXN-MFS-03828,U-0096,2229.58,merchant_payment,16,Jessore,DEV-U-0096-P1,0,U-0029,0,0,1,0,0,0,None
TXN-MFS-03829,U-0096,2598.18,merchant_payment,9,Cumilla,DEV-U-0096-P1,0,U-0094,0,0,1,0,0,0,None
TXN-MFS-03830,U-0096,2025.51,send_money,18,Cumilla,DEV-U-0096-P1,0,U-0094,0,0,1,0,0,0,None
TXN-MFS-03831,U-0096,1961.82,send_money,11,Cumilla,DEV-U-0096-P1,0,U-0055,0,0,1,0,0,0,None
TXN-MFS-03832,U-0096,1749.61,merchant_payment,15,Cumilla,DEV-U-0096-P1,0,U-0094,0,0,1,0,0,0,None
TXN-MFS-03833,U-0096,2503.74,cash_out,10,Cumilla,DEV-U-0096-P1,0,U-0094,0,0,1,0,0,0,None
TXN-MFS-03834,U-0096,1607.61,send_money,14,Cumilla,DEV-U-0096-P1,0,U-0094,0,0,1,0,0,0,None
TXN-MFS-03835,U-0096,1444.46,cash_out,18,Cumilla,DEV-U-0096-P1,0,U-0055,0,0,1,0,0,0,None
TXN-MFS-03836,U-0096,2502.02,merchant_payment,10,Cumilla,DEV-U-0096-P1,0,U-0029,0,0,1,0,0,0,None
TXN-MFS-03837,U-0096,1890.37,merchant_payment,16,Cumilla,DEV-U-0096-P1,0,U-0055,0,0,1,0,0,0,None
TXN-MFS-03838,U-0096,2754.1,send_money,11,Cumilla,DEV-U-0096-P1,0,U-0055,0,0,1,0,0,0,None
TXN-MFS-03839,U-0096,945.55,merchant_payment,19,Cumilla,DEV-U-0096-P1,0,U-0029,0,0,1,0,0,0,None
TXN-MFS-03840,U-0097,2115.34,cash_out,11,Dhaka,DEV-U-0097-P1,0,U-0083,0,0,1,0,0,0,None
TXN-MFS-03841,U-0097,2409.11,send_money,15,Dhaka,DEV-U-0097-P1,0,U-0055,0,0,1,0,0,0,None
TXN-MFS-03842,U-0097,1204.14,send_money,15,Dhaka,DEV-U-0097-P1,0,U-0055,0,0,1,0,0,0,None
TXN-MFS-03843,U-0097,1944.39,merchant_payment,20,Dhaka,DEV-U-0097-P1,0,U-0055,0,0,1,0,0,0,None
TXN-MFS-03844,U-0097,1753.55,send_money,9,Dhaka,DEV-U-0097-P1,0,U-0011,0,0,1,0,0,0,None
TXN-MFS-03845,U-0097,2291.81,send_money,17,Dhaka,DEV-U-0097-P1,0,U-0055,0,0,1,0,0,0,None
TXN-MFS-03846,U-0097,2268.03,merchant_payment,10,Dhaka,DEV-U-0097-P1,0,U-0055,0,0,1,0,0,0,None
TXN-MFS-03847,U-0097,1985.21,cash_out,15,Dhaka,DEV-U-0097-P1,0,U-0011,0,0,1,0,0,0,None
TXN-MFS-03848,U-0097,1507.03,merchant_payment,20,Dhaka,DEV-U-0097-P1,0,U-0083,0,0,1,0,0,0,None
TXN-MFS-03849,U-0097,1888.82,send_money,9,Dhaka,DEV-U-0097-P1,0,U-0083,0,0,1,0,0,0,None
TXN-MFS-03850,U-0097,3025.76,send_money,12,Dhaka,DEV-U-0097-P1,0,U-0011,0,0,1,0,0,0,None
TXN-MFS-03851,U-0097,2551.96,send_money,14,Dhaka,DEV-U-0097-P1,0,U-0011,0,0,1,0,0,0,None
TXN-MFS-03852,U-0097,2126.43,send_money,19,Dhaka,DEV-U-0097-P1,0,U-0083,0,0,1,0,0,0,None
TXN-MFS-03853,U-0097,2032.09,send_money,12,Dhaka,DEV-U-0097-P1,0,U-0083,0,0,1,0,0,0,None
TXN-MFS-03854,U-0097,1519.11,send_money,10,Dhaka,DEV-U-0097-P1,0,U-0083,0,0,1,0,0,0,None
TXN-MFS-03855,U-0097,2454.94,merchant_payment,16,Dhaka,DEV-U-0097-P1,0,U-0011,0,0,1,0,0,0,None
TXN-MFS-03856,U-0097,2577.39,cash_out,9,Dhaka,DEV-U-0097-P1,0,U-0011,0,0,1,0,0,0,None
TXN-MFS-03857,U-0097,2472.26,send_money,20,Dhaka,DEV-U-0097-P1,0,U-0055,0,0,1,0,0,0,None
TXN-MFS-03858,U-0097,1679.82,merchant_payment,10,Dhaka,DEV-U-0097-P1,0,U-0011,0,0,1,0,0,0,None
TXN-MFS-03859,U-0097,2277.26,merchant_payment,18,Dhaka,DEV-U-0097-P1,0,U-0055,0,0,1,0,0,0,None
TXN-MFS-03860,U-0097,1875.44,cash_out,17,Dhaka,DEV-U-0097-P1,0,U-0055,0,0,1,0,0,0,None
TXN-MFS-03861,U-0097,1859.37,send_money,20,Dhaka,DEV-U-0097-P1,0,U-0011,0,0,1,0,0,0,None
TXN-MFS-03862,U-0097,2594.93,merchant_payment,15,Dhaka,DEV-U-0097-P1,0,U-0011,0,0,1,0,0,0,None
TXN-MFS-03863,U-0097,1349.1,send_money,10,Dhaka,DEV-U-0097-P1,0,U-0011,0,0,1,0,0,0,None
TXN-MFS-03864,U-0097,2514.73,cash_out,13,Dhaka,DEV-U-0097-P1,0,U-0011,0,0,1,0,0,0,None
TXN-MFS-03865,U-0097,2897.7,send_money,15,Dhaka,DEV-U-0097-P1,0,U-0083,0,0,1,0,0,0,None
TXN-MFS-03866,U-0097,1950.02,send_money,12,Dhaka,DEV-U-0097-P1,0,U-0055,0,0,1,0,0,0,None
TXN-MFS-03867,U-0097,3007.34,cash_out,15,Dhaka,DEV-U-0097-P1,0,U-0083,0,0,1,0,0,0,None
TXN-MFS-03868,U-0097,2718.26,send_money,20,Dhaka,DEV-U-0097-P1,0,U-0083,0,0,1,0,0,0,None
TXN-MFS-03869,U-0097,1536.88,cash_out,19,Dhaka,DEV-U-0097-P1,0,U-0055,0,0,1,0,0,0,None
TXN-MFS-03870,U-0097,2625.25,send_money,18,Dhaka,DEV-U-0097-P1,0,U-0055,0,0,1,0,0,0,None
TXN-MFS-03871,U-0097,2089.3,send_money,14,Dhaka,DEV-U-0097-P1,0,U-0011,0,0,1,0,0,0,None
TXN-MFS-03872,U-0097,2478.22,send_money,14,Dhaka,DEV-U-0097-P1,0,U-0083,0,0,1,0,0,0,None
TXN-MFS-03873,U-0097,2149.54,cash_out,17,Dhaka,DEV-U-0097-P1,0,U-0083,0,0,1,0,0,0,None
TXN-MFS-03874,U-0097,1975.95,send_money,9,Dhaka,DEV-U-0097-P1,0,U-0083,0,0,1,0,0,0,None
TXN-MFS-03875,U-0097,1608.45,send_money,20,Dhaka,DEV-U-0097-P1,0,U-0083,0,0,1,0,0,0,None
TXN-MFS-03876,U-0097,2178.08,send_money,18,Dhaka,DEV-U-0097-P1,0,U-0055,0,0,1,0,0,0,None
TXN-MFS-03877,U-0097,2176.88,send_money,12,Dhaka,DEV-U-0097-P1,0,U-0011,0,0,1,0,0,0,None
TXN-MFS-03878,U-0097,1838.49,merchant_payment,15,Dhaka,DEV-U-0097-P1,0,U-0055,0,0,1,0,0,0,None
TXN-MFS-03879,U-0097,2278.43,merchant_payment,11,Dhaka,DEV-U-0097-P1,0,U-0083,0,0,1,0,0,0,None
TXN-MFS-03880,U-0098,3075.77,send_money,20,Jessore,DEV-U-0098-P1,0,U-0010,0,0,1,0,0,0,None
TXN-MFS-03881,U-0098,3147.24,send_money,16,Jessore,DEV-U-0098-P1,0,U-0011,0,0,1,0,0,0,None
TXN-MFS-03882,U-0098,3329.48,merchant_payment,20,Jessore,DEV-U-0098-P1,0,U-0011,0,0,1,0,0,0,None
TXN-MFS-03883,U-0098,2824.0,merchant_payment,20,Jessore,DEV-U-0098-P1,0,U-0011,0,0,1,0,0,0,None
TXN-MFS-03884,U-0098,2386.8,send_money,18,Jessore,DEV-U-0098-P1,0,U-0011,0,0,1,0,0,0,None
TXN-MFS-03885,U-0098,3143.71,cash_out,12,Jessore,DEV-U-0098-P1,0,U-0011,0,0,1,0,0,0,None
TXN-MFS-03886,U-0098,1901.09,merchant_payment,10,Jessore,DEV-U-0098-P1,0,U-0058,0,0,1,0,0,0,None
TXN-MFS-03887,U-0098,2587.79,cash_out,9,Jessore,DEV-U-0098-P1,0,U-0010,0,0,1,0,0,0,None
TXN-MFS-03888,U-0098,2729.95,send_money,10,Jessore,DEV-U-0098-P1,0,U-0011,0,0,1,0,0,0,None
TXN-MFS-03889,U-0098,2589.95,merchant_payment,16,Jessore,DEV-U-0098-P1,0,U-0010,0,0,1,0,0,0,None
TXN-MFS-03890,U-0098,3133.49,send_money,9,Jessore,DEV-U-0098-P1,0,U-0058,0,0,1,0,0,0,None
TXN-MFS-03891,U-0098,2842.79,cash_out,16,Jessore,DEV-U-0098-P1,0,U-0010,0,0,1,0,0,0,None
TXN-MFS-03892,U-0098,3981.75,merchant_payment,19,Jessore,DEV-U-0098-P1,0,U-0010,0,0,1,0,0,0,None
TXN-MFS-03893,U-0098,2179.45,cash_out,14,Jessore,DEV-U-0098-P1,0,U-0058,0,0,1,0,0,0,None
TXN-MFS-03894,U-0098,3343.42,send_money,16,Jessore,DEV-U-0098-P1,0,U-0010,0,0,1,0,0,0,None
TXN-MFS-03895,U-0098,3200.4,merchant_payment,12,Jessore,DEV-U-0098-P1,0,U-0011,0,0,1,0,0,0,None
TXN-MFS-03896,U-0098,3545.04,send_money,17,Jessore,DEV-U-0098-P1,0,U-0010,0,0,1,0,0,0,None
TXN-MFS-03897,U-0098,2709.65,send_money,9,Jessore,DEV-U-0098-P1,0,U-0058,0,0,1,0,0,0,None
TXN-MFS-03898,U-0098,1996.34,merchant_payment,16,Jessore,DEV-U-0098-P1,0,U-0011,0,0,1,0,0,0,None
TXN-MFS-03899,U-0098,3302.74,send_money,18,Jessore,DEV-U-0098-P1,0,U-0010,0,0,1,0,0,0,None
TXN-MFS-03900,U-0098,2784.01,cash_out,17,Jessore,DEV-U-0098-P1,0,U-0011,0,0,1,0,0,0,None
TXN-MFS-03901,U-0098,2407.64,send_money,10,Jessore,DEV-U-0098-P1,0,U-0058,0,0,1,0,0,0,None
TXN-MFS-03902,U-0098,2129.0,cash_out,18,Jessore,DEV-U-0098-P1,0,U-0011,0,0,1,0,0,0,None
TXN-MFS-03903,U-0098,3944.41,cash_out,10,Jessore,DEV-U-0098-P1,0,U-0058,0,0,1,0,0,0,None
TXN-MFS-03904,U-0098,4072.96,send_money,17,Jessore,DEV-U-0098-P1,0,U-0010,0,0,1,0,0,0,None
TXN-MFS-03905,U-0098,2867.38,send_money,13,Jessore,DEV-U-0098-P1,0,U-0058,0,0,1,0,0,0,None
TXN-MFS-03906,U-0098,2640.09,send_money,11,Jessore,DEV-U-0098-P1,0,U-0010,0,0,1,0,0,0,None
TXN-MFS-03907,U-0098,3789.42,send_money,9,Jessore,DEV-U-0098-P1,0,U-0011,0,0,1,0,0,0,None
TXN-MFS-03908,U-0098,3448.5,merchant_payment,11,Jessore,DEV-U-0098-P1,0,U-0010,0,0,1,0,0,0,None
TXN-MFS-03909,U-0098,3661.78,send_money,19,Jessore,DEV-U-0098-P1,0,U-0058,0,0,1,0,0,0,None
TXN-MFS-03910,U-0098,2729.75,send_money,9,Jessore,DEV-U-0098-P1,0,U-0058,0,0,1,0,0,0,None
TXN-MFS-03911,U-0098,3309.99,send_money,18,Jessore,DEV-U-0098-P1,0,U-0011,0,0,1,0,0,0,None
TXN-MFS-03912,U-0098,3523.98,send_money,17,Jessore,DEV-U-0098-P1,0,U-0011,0,0,1,0,0,0,None
TXN-MFS-03913,U-0098,2968.29,send_money,19,Jessore,DEV-U-0098-P1,0,U-0058,0,0,1,0,0,0,None
TXN-MFS-03914,U-0098,2843.6,send_money,12,Jessore,DEV-U-0098-P1,0,U-0010,0,0,1,0,0,0,None
TXN-MFS-03915,U-0098,2666.03,send_money,14,Jessore,DEV-U-0098-P1,0,U-0058,0,0,1,0,0,0,None
TXN-MFS-03916,U-0098,3084.81,cash_out,17,Jessore,DEV-U-0098-S2,1,U-0058,0,0,1,0,0,0,None
TXN-MFS-03917,U-0098,3063.03,merchant_payment,16,Jessore,DEV-U-0098-P1,0,U-0011,0,0,1,0,0,0,None
TXN-MFS-03918,U-0098,1486.21,send_money,12,Jessore,DEV-U-0098-P1,0,U-0058,0,0,1,0,0,0,None
TXN-MFS-03919,U-0098,2028.94,send_money,10,Jessore,DEV-U-0098-P1,0,U-0011,0,0,1,0,0,0,None
TXN-MFS-03920,U-0099,1523.27,send_money,13,Sylhet,DEV-U-0099-P1,0,U-0004,0,0,1,0,0,0,None
TXN-MFS-03921,U-0099,1612.55,merchant_payment,20,Sylhet,DEV-U-0099-P1,0,U-0004,0,0,1,0,0,0,None
TXN-MFS-03922,U-0099,1392.1,merchant_payment,20,Sylhet,DEV-U-0099-S2,1,U-0007,0,0,1,0,0,0,None
TXN-MFS-03923,U-0099,1563.91,send_money,15,Sylhet,DEV-U-0099-P1,0,U-0007,0,0,1,0,0,0,None
TXN-MFS-03924,U-0099,1778.3,cash_out,16,Sylhet,DEV-U-0099-P1,0,U-0077,0,0,1,0,0,0,None
TXN-MFS-03925,U-0099,2078.74,cash_out,14,Sylhet,DEV-U-0099-P1,0,U-0004,0,0,1,0,0,0,None
TXN-MFS-03926,U-0099,1365.72,merchant_payment,13,Sylhet,DEV-U-0099-S2,1,U-0077,0,0,1,0,0,0,None
TXN-MFS-03927,U-0099,1730.26,send_money,15,Bogura,DEV-U-0099-P1,0,U-0077,0,0,1,0,0,0,None
TXN-MFS-03928,U-0099,1079.4,send_money,13,Sylhet,DEV-U-0099-P1,0,U-0004,0,0,1,0,0,0,None
TXN-MFS-03929,U-0099,1041.83,merchant_payment,18,Sylhet,DEV-U-0099-P1,0,U-0004,0,0,1,0,0,0,None
TXN-MFS-03930,U-0099,982.73,merchant_payment,12,Sylhet,DEV-U-0099-P1,0,U-0004,0,0,1,0,0,0,None
TXN-MFS-03931,U-0099,789.31,send_money,10,Sylhet,DEV-U-0099-P1,0,U-0004,0,0,1,0,0,0,None
TXN-MFS-03932,U-0099,1778.09,send_money,14,Rangpur,DEV-U-0099-P1,0,U-0077,0,0,1,0,0,0,None
TXN-MFS-03933,U-0099,1830.87,send_money,13,Sylhet,DEV-U-0099-P1,0,U-0077,0,0,1,0,0,0,None
TXN-MFS-03934,U-0099,1112.37,send_money,9,Sylhet,DEV-U-0099-P1,0,U-0004,0,0,1,0,0,0,None
TXN-MFS-03935,U-0099,878.97,merchant_payment,15,Sylhet,DEV-U-0099-P1,0,U-0004,0,0,1,0,0,0,None
TXN-MFS-03936,U-0099,1707.79,cash_out,14,Sylhet,DEV-U-0099-P1,0,U-0004,0,0,1,0,0,0,None
TXN-MFS-03937,U-0099,1386.55,send_money,9,Sylhet,DEV-U-0099-P1,0,U-0007,0,0,1,0,0,0,None
TXN-MFS-03938,U-0099,1807.38,send_money,19,Sylhet,DEV-U-0099-P1,0,U-0077,0,0,1,0,0,0,None
TXN-MFS-03939,U-0099,1082.89,send_money,13,Sylhet,DEV-U-0099-P1,0,U-0004,0,0,1,0,0,0,None
TXN-MFS-03940,U-0099,1295.8,merchant_payment,19,Sylhet,DEV-U-0099-P1,0,U-0004,0,0,1,0,0,0,None
TXN-MFS-03941,U-0099,1379.94,send_money,19,Sylhet,DEV-U-0099-P1,0,U-0077,0,0,1,0,0,0,None
TXN-MFS-03942,U-0099,1514.78,merchant_payment,13,Sylhet,DEV-U-0099-P1,0,U-0004,0,0,1,0,0,0,None
TXN-MFS-03943,U-0099,2056.28,merchant_payment,18,Sylhet,DEV-U-0099-P1,0,U-0007,0,0,1,0,0,0,None
TXN-MFS-03944,U-0099,1474.48,send_money,20,Sylhet,DEV-U-0099-P1,0,U-0004,0,0,1,0,0,0,None
TXN-MFS-03945,U-0099,2209.7,send_money,10,Sylhet,DEV-U-0099-P1,0,U-0077,0,0,1,0,0,0,None
TXN-MFS-03946,U-0099,1036.94,merchant_payment,13,Rajshahi,DEV-U-0099-P1,0,U-0004,0,0,1,0,0,0,None
TXN-MFS-03947,U-0099,2439.32,cash_out,13,Sylhet,DEV-U-0099-P1,0,U-0007,0,0,1,0,0,0,None
TXN-MFS-03948,U-0099,1955.35,cash_out,15,Sylhet,DEV-U-0099-P1,0,U-0077,0,0,1,0,0,0,None
TXN-MFS-03949,U-0099,1190.04,merchant_payment,12,Sylhet,DEV-U-0099-P1,0,U-0007,0,0,1,0,0,0,None
TXN-MFS-03950,U-0099,977.44,send_money,11,Sylhet,DEV-U-0099-P1,0,U-0004,0,0,1,0,0,0,None
TXN-MFS-03951,U-0099,2205.73,cash_out,13,Sylhet,DEV-U-0099-P1,0,U-0077,0,0,1,0,0,0,None
TXN-MFS-03952,U-0099,2012.83,cash_out,19,Chattogram,DEV-U-0099-P1,0,U-0007,0,0,1,0,0,0,None
TXN-MFS-03953,U-0099,1623.67,merchant_payment,9,Sylhet,DEV-U-0099-P1,0,U-0007,0,0,1,0,0,0,None
TXN-MFS-03954,U-0099,1907.48,cash_out,18,Sylhet,DEV-U-0099-P1,0,U-0007,0,0,1,0,0,0,None
TXN-MFS-03955,U-0099,1866.72,send_money,13,Sylhet,DEV-U-0099-P1,0,U-0077,0,0,1,0,0,0,None
TXN-MFS-03956,U-0099,1596.61,cash_out,18,Sylhet,DEV-U-0099-P1,0,U-0004,0,0,1,0,0,0,None
TXN-MFS-03957,U-0099,2105.82,send_money,15,Sylhet,DEV-U-0099-P1,0,U-0007,0,0,1,0,0,0,None
TXN-MFS-03958,U-0099,1223.57,send_money,11,Sylhet,DEV-U-0099-P1,0,U-0007,0,0,1,0,0,0,None
TXN-MFS-03959,U-0099,1354.63,merchant_payment,12,Sylhet,DEV-U-0099-P1,0,U-0077,0,0,1,0,0,0,None
TXN-MFS-03960,U-0100,2949.05,send_money,15,Kushtia,DEV-U-0100-P1,0,U-0068,0,0,1,0,0,0,None
TXN-MFS-03961,U-0100,3042.5,send_money,15,Kushtia,DEV-U-0100-P1,0,U-0068,0,0,1,0,0,0,None
TXN-MFS-03962,U-0100,4508.84,send_money,16,Kushtia,DEV-U-0100-P1,0,U-0068,0,0,1,0,0,0,None
TXN-MFS-03963,U-0100,2372.86,cash_out,18,Kushtia,DEV-U-0100-P1,0,U-0042,0,0,1,0,0,0,None
TXN-MFS-03964,U-0100,2991.68,send_money,13,Kushtia,DEV-U-0100-P1,0,U-0020,0,0,1,0,0,0,None
TXN-MFS-03965,U-0100,5495.96,send_money,12,Kushtia,DEV-U-0100-P1,0,U-0020,0,0,1,0,0,0,None
TXN-MFS-03966,U-0100,2477.49,merchant_payment,12,Kushtia,DEV-U-0100-P1,0,U-0020,0,0,1,0,0,0,None
TXN-MFS-03967,U-0100,4027.94,merchant_payment,10,Kushtia,DEV-U-0100-P1,0,U-0042,0,0,1,0,0,0,None
TXN-MFS-03968,U-0100,4074.31,send_money,16,Kushtia,DEV-U-0100-P1,0,U-0068,0,0,1,0,0,0,None
TXN-MFS-03969,U-0100,2941.48,send_money,17,Kushtia,DEV-U-0100-P1,0,U-0068,0,0,1,0,0,0,None
TXN-MFS-03970,U-0100,4687.83,send_money,14,Kushtia,DEV-U-0100-P1,0,U-0042,0,0,1,0,0,0,None
TXN-MFS-03971,U-0100,6504.28,send_money,20,Kushtia,DEV-U-0100-P1,0,U-0042,0,0,1,0,0,0,None
TXN-MFS-03972,U-0100,3823.09,send_money,15,Kushtia,DEV-U-0100-P1,0,U-0020,0,0,1,0,0,0,None
TXN-MFS-03973,U-0100,2121.66,merchant_payment,14,Kushtia,DEV-U-0100-P1,0,U-0042,0,0,1,0,0,0,None
TXN-MFS-03974,U-0100,3568.25,merchant_payment,13,Kushtia,DEV-U-0100-P1,0,U-0068,0,0,1,0,0,0,None
TXN-MFS-03975,U-0100,4200.38,send_money,14,Kushtia,DEV-U-0100-P1,0,U-0068,0,0,1,0,0,0,None
TXN-MFS-03976,U-0100,4753.26,send_money,13,Kushtia,DEV-U-0100-P1,0,U-0020,0,0,1,0,0,0,None
TXN-MFS-03977,U-0100,4348.66,send_money,13,Kushtia,DEV-U-0100-P1,0,U-0042,0,0,1,0,0,0,None
TXN-MFS-03978,U-0100,4129.55,send_money,15,Kushtia,DEV-U-0100-P1,0,U-0068,0,0,1,0,0,0,None
TXN-MFS-03979,U-0100,3105.11,send_money,13,Kushtia,DEV-U-0100-P1,0,U-0068,0,0,1,0,0,0,None
TXN-MFS-03980,U-0100,2235.07,send_money,19,Kushtia,DEV-U-0100-P1,0,U-0020,0,0,1,0,0,0,None
TXN-MFS-03981,U-0100,3377.23,send_money,15,Kushtia,DEV-U-0100-P1,0,U-0020,0,0,1,0,0,0,None
TXN-MFS-03982,U-0100,2304.33,send_money,15,Kushtia,DEV-U-0100-P1,0,U-0042,0,0,1,0,0,0,None
TXN-MFS-03983,U-0100,5091.05,send_money,9,Kushtia,DEV-U-0100-P1,0,U-0042,0,0,1,0,0,0,None
TXN-MFS-03984,U-0100,2825.37,send_money,16,Kushtia,DEV-U-0100-P1,0,U-0068,0,0,1,0,0,0,None
TXN-MFS-03985,U-0100,4029.34,send_money,20,Kushtia,DEV-U-0100-P1,0,U-0068,0,0,1,0,0,0,None
TXN-MFS-03986,U-0100,2993.38,send_money,13,Kushtia,DEV-U-0100-P1,0,U-0042,0,0,1,0,0,0,None
TXN-MFS-03987,U-0100,2729.3,send_money,18,Kushtia,DEV-U-0100-P1,0,U-0068,0,0,1,0,0,0,None
TXN-MFS-03988,U-0100,3301.51,send_money,16,Kushtia,DEV-U-0100-P1,0,U-0042,0,0,1,0,0,0,None
TXN-MFS-03989,U-0100,3949.15,cash_out,18,Kushtia,DEV-U-0100-P1,0,U-0042,0,0,1,0,0,0,None
TXN-MFS-03990,U-0100,2833.55,send_money,20,Kushtia,DEV-U-0100-P1,0,U-0068,0,0,1,0,0,0,None
TXN-MFS-03991,U-0100,3039.54,send_money,10,Kushtia,DEV-U-0100-P1,0,U-0042,0,0,1,0,0,0,None
TXN-MFS-03992,U-0100,3273.44,send_money,14,Kushtia,DEV-U-0100-P1,0,U-0042,0,0,1,0,0,0,None
TXN-MFS-03993,U-0100,3632.24,merchant_payment,18,Barishal,DEV-U-0100-P1,0,U-0042,0,0,1,0,0,0,None
TXN-MFS-03994,U-0100,3666.91,send_money,10,Kushtia,DEV-U-0100-P1,0,U-0020,0,0,1,0,0,0,None
TXN-MFS-03995,U-0100,3269.84,send_money,11,Kushtia,DEV-U-0100-P1,0,U-0042,0,0,1,0,0,0,None
TXN-MFS-03996,U-0100,3573.84,send_money,17,Kushtia,DEV-U-0100-P1,0,U-0042,0,0,1,0,0,0,None
TXN-MFS-03997,U-0100,3687.93,merchant_payment,10,Kushtia,DEV-U-0100-P1,0,U-0042,0,0,1,0,0,0,None
TXN-MFS-03998,U-0100,3460.93,send_money,11,Kushtia,DEV-U-0100-P1,0,U-0020,0,0,1,0,0,0,None
TXN-MFS-03999,U-0100,30534.89,cash_out,1,Sylhet,DEV-ROGUE-452,1,U-MULE-95,1,1,2,0,1,1,ATO_NOCTURNAL
