step,type,amount,nameOrig,oldbalanceOrg,newbalanceOrig,nameDest,oldbalanceDest,newbalanceDest,isFraud,isFlaggedFraud
103,CASH_OUT,5394.53,C621430,18273.45,12878.92,C187498,22568.72,27963.26,0,0
88,PAYMENT,639.57,C421879,2304.71,1665.15,M818315,3292.37,3931.94,0,0
414,PAYMENT,802.38,C521909,1391.01,588.64,M358795,15559.99,16362.37,0,0
561,TRANSFER,267.26,C229981,1308.26,1041.0,C184654,12022.18,12289.44,0,0
563,TRANSFER,2300.76,C356840,10214.83,7914.07,C573254,34175.22,36475.99,0,0
274,CASH_IN,11897.21,C168148,50367.89,38470.68,C877089,15578.38,27475.59,0,0
340,PAYMENT,4123.9,C206530,14186.15,10062.26,M704365,41743.15,45867.05,0,0
81,PAYMENT,3901.9,C441097,8766.95,4865.06,M415139,26243.37,30145.26,0,0
477,CASH_IN,5322.86,C635822,25326.14,20003.28,C587879,44793.95,50116.81,0,0
462,PAYMENT,261.99,C567281,602.92,340.93,M707086,19739.53,20001.51,0,0
53,CASH_OUT,3369.11,C476896,7088.61,3719.49,C148984,15165.54,18534.65,0,0
521,CASH_OUT,119.38,C113986,508.78,389.4,C686146,35489.44,35608.82,0,0
289,CASH_OUT,3785.16,C475713,17638.26,13853.09,C938688,42576.91,46362.07,0,0
48,TRANSFER,3937.34,C994498,13249.89,9312.55,C301664,14098.73,18036.07,0,0
739,PAYMENT,4471.94,C997421,18080.69,13608.75,M715270,28283.22,32755.16,0,0
393,CASH_OUT,2125.22,C222096,3840.01,1714.79,C731347,44840.3,46965.52,0,0
96,CASH_OUT,3345.88,C424767,10570.87,7224.98,C961882,10551.53,13897.42,0,0
243,PAYMENT,9392.33,C626981,39752.84,30360.52,M981691,31853.49,41245.81,0,0
620,PAYMENT,7907.85,C508923,24967.99,17060.14,M515192,40468.29,48376.13,0,0
231,CASH_IN,1211.73,C227948,4351.02,3139.29,C679304,525.76,1737.48,0,0
259,PAYMENT,2602.07,C637833,6946.59,4344.52,M265838,11494.34,14096.4,0,0
374,PAYMENT,2958.37,C139353,7737.15,4778.78,M293075,3712.17,6670.53,0,0
268,PAYMENT,2506.81,C193264,5523.78,3016.98,M870746,14599.6,17106.41,0,0
113,CASH_IN,1952.87,C417824,2211.05,258.18,C357426,17581.03,19533.9,0,0
638,PAYMENT,2452.95,C170467,12123.97,9671.01,M283734,12481.74,14934.69,0,0
203,TRANSFER,5788.41,C713333,16677.59,10889.18,C658986,49179.45,54967.86,0,0
511,PAYMENT,6412.76,C115708,14641.09,8228.34,M978338,9732.67,16145.42,0,0
660,PAYMENT,970.7,C242483,3731.94,2761.24,M758271,40570.3,41541.0,0,0
711,PAYMENT,4209.74,C399648,10721.97,6512.23,M757162,46868.13,51077.88,0,0
473,PAYMENT,2828.89,C745263,10702.06,7873.18,M458745,11813.23,14642.11,0,0
624,CASH_OUT,1069.07,C217796,1467.2,398.13,C391999,44912.18,45981.25,0,0
9,PAYMENT,4318.08,C488215,18941.89,14623.81,M421184,42888.05,47206.13,0,0
628,PAYMENT,717.03,C803714,3294.19,2577.16,M757917,30518.24,31235.27,0,0
473,CASH_OUT,98242.42,C102869,98242.42,0.0,C881474,27436.69,125679.1,1,0
720,CASH_IN,777.23,C580047,833.42,56.19,C759347,24947.74,25724.97,0,0
504,CASH_OUT,3851.35,C271890,12606.36,8755.01,C538741,5136.9,8988.25,0,0
375,PAYMENT,3219.49,C499111,15825.64,12606.15,M250810,24593.74,27813.23,0,0
27,CASH_OUT,3110.55,C271836,9238.54,6128.0,C829903,10164.53,13275.07,0,0
659,CASH_OUT,256.04,C182989,1274.62,1018.58,C398356,23762.25,24018.29,0,0
518,TRANSFER,328495.57,C538452,328495.57,0.0,C215294,21409.21,21409.21,1,1
99,CASH_IN,374.18,C805696,831.71,457.54,C218015,9950.1,10324.27,0,0
323,PAYMENT,2948.08,C545101,13987.51,11039.43,M136631,34953.47,37901.55,0,0
626,CASH_OUT,628.22,C297392,1930.73,1302.5,C258823,43929.97,44558.19,0,0
393,CASH_OUT,1316.47,C653880,5578.46,4261.99,C897079,40600.61,41917.08,0,0
525,PAYMENT,118.19,C701863,415.05,296.85,M368799,10116.56,10234.75,0,0
400,PAYMENT,7719.45,C766326,8572.19,852.74,M749150,29153.81,36873.26,0,0
51,TRANSFER,1281.71,C170313,4310.81,3029.1,C489957,2009.76,3291.47,0,0
54,TRANSFER,6258.25,C711523,13055.78,6797.53,C821772,48279.97,54538.21,0,0
350,TRANSFER,4632.36,C970045,22714.36,18082.0,C322866,26056.87,30689.23,0,0
657,TRANSFER,4869.61,C368093,9755.97,4886.37,C283062,9624.52,14494.12,0,0
127,CASH_OUT,766.07,C763165,1245.44,479.37,C629525,12887.02,13653.1,0,0
560,PAYMENT,9646.06,C653663,34273.26,24627.2,M765022,26076.46,35722.53,0,0
581,CASH_OUT,1096.31,C455612,2657.35,1561.03,C554605,38013.38,39109.7,0,0
220,PAYMENT,245.54,C326507,1085.72,840.18,M406063,35331.06,35576.6,0,0
218,CASH_OUT,1587.9,C990617,4539.31,2951.42,C647337,32663.8,34251.69,0,0
100,PAYMENT,1742.84,C291232,6105.95,4363.1,M404119,25405.24,27148.09,0,0
325,CASH_OUT,10181.64,C843583,48637.78,38456.14,C291962,43426.35,53607.99,0,0
664,CASH_OUT,581.39,C990123,2467.89,1886.5,C599522,41121.65,41703.04,0,0
577,CASH_IN,8351.52,C924926,14892.13,6540.61,C365517,3933.38,12284.9,0,0
253,PAYMENT,4121.06,C738873,5294.55,1173.49,M437497,16289.29,20410.36,0,0
418,PAYMENT,2498.39,C635626,9422.82,6924.43,M231484,17742.66,20241.05,0,0
376,CASH_OUT,1259.67,C933727,2153.73,894.06,C214352,37655.43,38915.1,0,0
99,TRANSFER,5342.84,C161476,12626.28,7283.44,C406955,46572.49,51915.33,0,0
369,CASH_OUT,1052.42,C278031,2642.53,1590.11,C219180,26949.21,28001.63,0,0
699,PAYMENT,292.39,C825256,1413.47,1121.07,M159163,42433.59,42725.98,0,0
718,CASH_OUT,2477.53,C727083,3302.89,825.36,C320184,5039.36,7516.89,0,0
469,CASH_OUT,5555.91,C897606,7582.84,2026.93,C450605,24973.81,30529.71,0,0
223,PAYMENT,4775.08,C727438,15202.24,10427.16,M827627,35438.66,40213.74,0,0
9,CASH_OUT,473.13,C139081,632.3,159.17,C818216,35197.97,35671.1,0,0
634,PAYMENT,2620.56,C535564,5065.32,2444.76,M257504,29274.62,31895.18,0,0
342,DEBIT,10397.58,C266981,51405.66,41008.08,C844699,37792.22,48189.8,0,0
415,TRANSFER,4373.73,C639773,8725.14,4351.41,C930914,16847.5,21221.23,0,0
173,PAYMENT,2313.24,C506332,2834.21,520.97,M256542,6381.49,8694.73,0,0
361,CASH_OUT,1049.06,C648248,2728.5,1679.44,C920023,24146.89,25195.95,0,0
117,CASH_IN,142.8,C228148,696.8,554.0,C906991,2636.42,2779.22,0,0
213,CASH_IN,368.31,C738353,1184.29,815.97,C958158,48480.48,48848.79,0,0
233,PAYMENT,1320.94,C824226,6582.67,5261.73,M250159,34997.79,36318.73,0,0
471,PAYMENT,1254.45,C488043,6023.42,4768.97,M386103,44568.06,45822.51,0,0
668,PAYMENT,750.8,C730075,2693.43,1942.63,M787281,19719.29,20470.09,0,0
540,PAYMENT,12927.36,C992048,63923.77,50996.41,M965184,35059.0,47986.37,0,0
724,CASH_OUT,600.25,C680466,783.21,182.96,C673695,47056.33,47656.58,0,0
709,CASH_OUT,9546.56,C625303,42618.3,33071.74,C161813,2738.32,12284.89,0,0
65,TRANSFER,1754.76,C369114,7016.1,5261.33,C434618,19952.98,21707.74,0,0
689,DEBIT,2313.45,C803286,6152.12,3838.66,C374907,14033.65,16347.1,0,0
709,CASH_IN,20032.06,C897348,64537.82,44505.76,C104809,38564.88,58596.93,0,0
458,TRANSFER,903.15,C943523,1811.5,908.36,C646237,14099.22,15002.37,0,0
449,CASH_OUT,1651.97,C289089,2402.35,750.38,C686165,33742.87,35394.84,0,0
118,DEBIT,1387.47,C225917,5918.3,4530.83,C910717,48414.7,49802.17,0,0
401,PAYMENT,202.22,C585450,813.03,610.81,M415826,31205.32,31407.54,0,0
103,PAYMENT,151.28,C762301,363.43,212.15,M650222,29700.93,29852.21,0,0
435,CASH_IN,1598.36,C350875,4884.52,3286.16,C563389,39290.82,40889.18,0,0
106,CASH_IN,10551.67,C842729,16759.15,6207.48,C610736,46366.09,56917.75,0,0
508,PAYMENT,264.31,C728861,920.66,656.34,M529802,17696.96,17961.28,0,0
43,PAYMENT,376.13,C302846,570.04,193.9,M761450,6838.27,7214.4,0,0
374,CASH_OUT,4273.32,C526650,11309.97,7036.65,C431868,43778.72,48052.05,0,0
672,PAYMENT,847.43,C211195,985.96,138.53,M989513,8862.29,9709.71,0,0
534,PAYMENT,549.95,C151745,1563.56,1013.62,M470608,10713.52,11263.47,0,0
78,PAYMENT,1457.97,C274293,1996.2,538.23,M883415,24316.7,25774.67,0,0
350,PAYMENT,1757.84,C290471,1776.08,18.25,M572930,43480.9,45238.74,0,0
253,CASH_IN,2792.01,C915131,13111.73,10319.72,C173686,12187.77,14979.77,0,0
78,TRANSFER,230.81,C904462,463.86,233.06,C969270,35810.8,36041.61,0,0
363,TRANSFER,2176.0,C960120,6811.9,4635.9,C531734,12502.29,14678.29,0,0
485,PAYMENT,3005.12,C870173,13110.84,10105.72,M672203,4915.61,7920.73,0,0
537,CASH_IN,3251.4,C749324,12083.52,8832.12,C486193,39563.98,42815.37,0,0
111,CASH_OUT,2955.52,C574665,9889.58,6934.07,C462920,28440.7,31396.22,0,0
613,TRANSFER,3060.24,C365956,7419.2,4358.96,C521240,49332.5,52392.74,0,0
289,PAYMENT,993.63,C287210,2445.74,1452.11,M886237,24646.59,25640.21,0,0
350,PAYMENT,8047.63,C890756,10630.4,2582.77,M962755,26463.31,34510.94,0,0
223,CASH_IN,3103.06,C487952,14490.01,11386.95,C212221,762.35,3865.41,0,0
504,CASH_OUT,4536.15,C974668,14244.17,9708.02,C984011,24092.66,28628.81,0,0
645,PAYMENT,1468.81,C335659,3968.34,2499.54,M489678,25626.71,27095.52,0,0
1,CASH_OUT,3146.59,C609930,5089.45,1942.86,C671650,24316.44,27463.02,0,0
673,TRANSFER,2883.93,C105287,9216.14,6332.21,C357665,10485.66,13369.59,0,0
596,PAYMENT,4104.49,C704055,16585.9,12481.4,M722117,29984.12,34088.61,0,0
419,PAYMENT,9383.95,C227309,40561.9,31177.95,M429588,48268.83,57652.78,0,0
376,CASH_IN,902.95,C791519,2272.66,1369.7,C143925,46359.25,47262.2,0,0
572,DEBIT,626.95,C451005,2621.34,1994.38,C879554,10480.55,11107.51,0,0
725,PAYMENT,1040.74,C248056,3679.07,2638.32,M114060,45439.37,46480.12,0,0
42,TRANSFER,2123.96,C565317,5326.42,3202.46,C318134,23402.65,25526.61,0,0
575,TRANSFER,8144.19,C192263,20650.12,12505.93,C635590,27405.87,35550.06,0,0
198,CASH_IN,3558.27,C443054,8325.01,4766.74,C957756,7393.97,10952.24,0,0
289,TRANSFER,5538.97,C950916,8899.45,3360.49,C132154,15930.24,21469.21,0,0
289,PAYMENT,3053.0,C274944,12364.14,9311.14,M670485,43899.9,46952.9,0,0
159,TRANSFER,3341.82,C226108,10056.05,6714.23,C114382,27223.1,30564.92,0,0
324,CASH_OUT,3686.95,C486858,13921.18,10234.23,C754618,27364.86,31051.81,0,0
69,DEBIT,11286.03,C155318,26748.99,15462.96,C494030,11753.87,23039.91,0,0
346,CASH_IN,682.64,C641656,2283.39,1600.74,C770688,25541.49,26224.13,0,0
623,CASH_OUT,477.38,C415172,2231.74,1754.36,C990695,39609.19,40086.57,0,0
127,PAYMENT,3105.46,C598716,10641.97,7536.51,M275399,21494.47,24599.93,0,0
297,CASH_IN,2197.78,C232717,3193.26,995.49,C278595,49249.64,51447.41,0,0
182,DEBIT,1512.9,C430388,3397.64,1884.74,C767054,11756.08,13268.99,0,0
309,PAYMENT,5783.33,C950163,5890.48,107.15,M280760,17008.21,22791.54,0,0
602,CASH_IN,1588.12,C398512,3792.13,2204.01,C762143,37006.31,38594.43,0,0
179,PAYMENT,3116.57,C932672,5179.91,2063.34,M483152,2177.02,5293.59,0,0
285,CASH_OUT,146.13,C670451,533.99,387.86,C119816,9312.78,9458.91,0,0
689,CASH_OUT,2780.54,C626047,4832.16,2051.62,C881452,15330.0,18110.53,0,0
215,TRANSFER,1604.44,C273532,4609.44,3005.0,C714685,31436.31,33040.75,0,0
144,CASH_OUT,282658.29,C237717,282658.29,0.0,C481915,22664.44,305322.73,1,1
113,TRANSFER,690.46,C402950,1192.92,502.46,C410914,43158.39,43848.85,0,0
458,CASH_IN,2717.19,C912831,11420.35,8703.16,C752465,48957.11,51674.3,0,0
391,CASH_OUT,116591.65,C176218,116591.65,0.0,C687518,11553.74,128145.39,1,0
328,PAYMENT,5731.56,C725646,9824.93,4093.36,M572327,32810.93,38542.5,0,0
418,DEBIT,15799.26,C112175,53919.55,38120.29,C416915,40439.08,56238.34,0,0
165,PAYMENT,1925.38,C890857,4420.59,2495.21,M354726,4802.79,6728.17,0,0
673,PAYMENT,194.12,C262491,335.0,140.88,M481009,29360.56,29554.67,0,0
514,CASH_IN,3530.67,C194914,8274.01,4743.33,C989302,41342.81,44873.49,0,0
119,PAYMENT,3524.97,C492417,9297.62,5772.65,M238155,27826.34,31351.3,0,0
500,CASH_IN,5395.61,C167642,7861.15,2465.53,C190093,28505.94,33901.55,0,0
727,CASH_OUT,179.54,C862092,372.49,192.95,C986040,27310.89,27490.43,0,0
359,PAYMENT,3725.27,C880316,10009.1,6283.84,M307980,7047.67,10772.94,0,0
610,PAYMENT,164.97,C531459,768.28,603.32,M288456,6328.68,6493.65,0,0
34,CASH_OUT,6296.54,C816756,11495.49,5198.96,C151226,1044.29,7340.83,0,0
287,CASH_IN,3284.46,C436326,11173.94,7889.48,C324137,33419.32,36703.77,0,0
685,DEBIT,1913.54,C579361,7814.23,5900.69,C201371,21390.78,23304.33,0,0
363,PAYMENT,431.38,C808362,1761.75,1330.36,M613319,3878.36,4309.74,0,0
11,TRANSFER,1334.0,C516366,4356.34,3022.34,C366997,24064.49,25398.5,0,0
406,CASH_OUT,210.88,C771210,432.1,221.22,C221789,29956.36,30167.24,0,0
507,CASH_OUT,5257.77,C793264,7499.65,2241.88,C941344,4219.32,9477.1,0,0
217,CASH_OUT,2254.59,C710411,2939.38,684.79,C599883,4349.38,6603.97,0,0
435,PAYMENT,3222.56,C431770,7875.61,4653.04,M893392,5033.31,8255.88,0,0
17,CASH_IN,2167.1,C714615,3771.91,1604.81,C493554,27324.1,29491.2,0,0
661,CASH_OUT,3648.97,C875435,17961.34,14312.37,C177454,45216.51,48865.48,0,0
571,CASH_IN,10192.12,C956774,11799.49,1607.37,C469040,35425.97,45618.09,0,0
86,CASH_IN,220.87,C442703,837.04,616.17,C304615,15218.78,15439.65,0,0
498,TRANSFER,4883.61,C349321,5955.71,1072.1,C166150,23029.61,27913.22,0,0
273,CASH_OUT,2978.82,C234055,8710.82,5731.99,C590457,44307.42,47286.24,0,0
183,TRANSFER,5803.33,C369708,18301.42,12498.09,C782705,33251.93,39055.26,0,0
161,CASH_IN,3448.65,C559297,6662.23,3213.58,C225341,1707.84,5156.49,0,0
251,CASH_IN,2734.67,C664262,13006.85,10272.17,C993741,40039.77,42774.44,0,0
29,CASH_OUT,2387.91,C945038,8381.6,5993.7,C503832,43747.02,46134.92,0,0
266,PAYMENT,1535.11,C841040,4743.61,3208.5,M626338,36747.45,38282.56,0,0
429,TRANSFER,1329.95,C321888,2572.7,1242.75,C885332,2583.61,3913.56,0,0
585,PAYMENT,1839.4,C691652,2754.97,915.56,M931460,47842.58,49681.98,0,0
380,TRANSFER,10234.47,C279352,29368.88,19134.42,C910694,30863.86,41098.33,0,0
564,PAYMENT,1897.12,C426898,8254.94,6357.82,M963561,11913.18,13810.3,0,0
107,PAYMENT,971.8,C218533,1696.52,724.72,M698069,39089.43,40061.23,0,0
47,PAYMENT,2656.23,C107657,9002.22,6345.99,M577602,26489.06,29145.29,0,0
690,TRANSFER,8070.44,C395804,23029.2,14958.75,C568974,31335.4,39405.84,0,0
89,CASH_OUT,435.81,C617083,1965.44,1529.63,C591036,13647.2,14083.01,0,0
649,PAYMENT,6791.48,C928952,7753.76,962.28,M426916,16788.04,23579.52,0,0
395,PAYMENT,1937.55,C235044,4825.96,2888.41,M957263,13357.81,15295.36,0,0
602,TRANSFER,505.78,C225991,2315.42,1809.64,C502732,49578.03,50083.81,0,0
224,TRANSFER,3064.65,C884108,11181.21,8116.56,C199616,27417.06,30481.7,0,0
262,TRANSFER,1084.96,C205228,1767.79,682.83,C526346,8439.81,9524.76,0,0
557,CASH_OUT,3473.78,C148874,13932.86,10459.08,C673996,8350.95,11824.73,0,0
31,DEBIT,582.87,C595518,1364.2,781.33,C716529,37303.66,37886.53,0,0
356,CASH_OUT,1147.67,C175418,2034.28,886.61,C228232,4662.86,5810.53,0,0
17,PAYMENT,1754.52,C232079,1818.19,63.67,M302053,41024.63,42779.15,0,0
467,CASH_OUT,11638.17,C715645,27553.25,15915.07,C257732,31814.78,43452.96,0,0
278,CASH_IN,4175.35,C805552,5308.32,1132.97,C426032,15397.7,19573.05,0,0
705,PAYMENT,371.71,C215374,1639.11,1267.4,M649148,49512.34,49884.05,0,0
716,CASH_OUT,5069.67,C632101,5568.26,498.59,C131598,1595.12,6664.79,0,0
79,DEBIT,1118.61,C244097,1123.22,4.61,C332732,8367.45,9486.06,0,0
516,TRANSFER,725.37,C385555,3031.49,2306.12,C544191,34837.27,35562.64,0,0
130,CASH_OUT,592.79,C324695,2651.1,2058.3,C984315,48180.21,48773.01,0,0
21,CASH_IN,6916.01,C787556,33598.55,26682.54,C490530,38124.66,45040.67,0,0
507,TRANSFER,1014.57,C338360,1879.41,864.84,C444855,2041.14,3055.71,0,0
524,CASH_OUT,2842.54,C529660,4653.18,1810.65,C501927,10583.21,13425.75,0,0
591,TRANSFER,163.08,C931291,682.85,519.77,C938530,15061.31,15224.4,0,0
558,TRANSFER,229498.18,C658819,229498.18,0.0,C370856,30365.32,30365.32,1,1
678,PAYMENT,713.68,C856097,2573.58,1859.9,M941047,16633.31,17346.99,0,0
584,PAYMENT,2225.81,C785375,2329.27,103.46,M260081,4086.12,6311.93,0,0
366,CASH_IN,4579.06,C151195,16612.52,12033.46,C382725,37974.43,42553.49,0,0
425,PAYMENT,2392.16,C487960,3396.19,1004.04,M545485,12481.23,14873.38,0,0
672,PAYMENT,2404.64,C830023,4427.9,2023.26,M122431,17627.82,20032.46,0,0
242,PAYMENT,2652.25,C319724,3584.42,932.17,M999187,17856.03,20508.28,0,0
666,TRANSFER,3033.94,C955009,11401.11,8367.17,C821001,40129.04,43162.98,0,0
428,PAYMENT,3641.24,C860581,13931.05,10289.8,M742120,2063.51,5704.76,0,0
359,CASH_OUT,9677.67,C506845,46350.26,36672.59,C947982,31452.58,41130.25,0,0
251,TRANSFER,2918.2,C920094,9892.42,6974.22,C198818,39299.71,42217.91,0,0
127,TRANSFER,398.04,C619052,494.13,96.09,C232632,12731.61,13129.65,0,0
301,CASH_OUT,2323.28,C364500,9239.95,6916.67,C170326,43655.72,45979.0,0,0
288,TRANSFER,4545.42,C889352,8699.1,4153.69,C584410,49818.53,54363.95,0,0
643,PAYMENT,1906.97,C998254,3589.38,1682.41,M591872,21210.79,23117.76,0,0
332,PAYMENT,11435.04,C541124,30458.71,19023.67,M912395,42389.14,53824.18,0,0
382,CASH_IN,243.28,C696387,1086.98,843.71,C519065,29144.43,29387.71,0,0
117,TRANSFER,3287.16,C915858,13713.43,10426.28,C379922,32922.96,36210.12,0,0
186,CASH_IN,927.96,C971310,3240.32,2312.36,C943488,31762.23,32690.19,0,0
520,TRANSFER,3604.0,C913348,8978.98,5374.98,C688612,25874.45,29478.45,0,0
553,PAYMENT,7261.02,C540280,20194.5,12933.48,M201459,25983.46,33244.48,0,0
130,PAYMENT,3795.67,C426818,8534.92,4739.25,M244832,20252.77,24048.45,0,0
424,CASH_OUT,1046.87,C657685,2029.56,982.69,C444333,44243.63,45290.5,0,0
592,TRANSFER,6278.93,C965962,17100.99,10822.06,C516715,12811.36,19090.29,0,0
513,PAYMENT,1657.91,C282958,4173.68,2515.77,M377707,30474.14,32132.05,0,0
165,CASH_OUT,2169.4,C576410,9668.71,7499.31,C543324,28127.94,30297.34,0,0
334,PAYMENT,2751.3,C270102,13058.83,10307.53,M494274,2447.51,5198.8,0,0
198,PAYMENT,424.54,C743561,599.97,175.43,M796595,29441.2,29865.74,0,0
693,TRANSFER,161.36,C246470,369.93,208.57,C744318,48668.34,48829.7,0,0
184,TRANSFER,3947.22,C394700,6152.15,2204.94,C490479,1983.69,5930.91,0,0
375,PAYMENT,830.4,C900101,3257.91,2427.52,M734965,8230.11,9060.51,0,0
175,CASH_OUT,10227.01,C836400,38177.36,27950.35,C386233,25110.15,35337.16,0,0
648,CASH_IN,5221.41,C201376,7583.78,2362.37,C525106,39877.76,45099.17,0,0
287,CASH_OUT,3786.73,C727697,5401.28,1614.56,C599653,33063.34,36850.07,0,0
575,CASH_IN,1928.42,C622828,8645.13,6716.71,C578366,39228.08,41156.5,0,0
489,PAYMENT,3779.5,C890546,15347.65,11568.15,M136321,46320.9,50100.4,0,0
594,CASH_IN,1435.41,C338389,6424.34,4988.93,C739430,19095.78,20531.19,0,0
601,PAYMENT,3581.86,C308786,12319.18,8737.32,M659931,28390.23,31972.09,0,0
605,TRANSFER,1735.24,C860674,3312.7,1577.47,C553449,4123.2,5858.43,0,0
3,TRANSFER,6674.44,C235832,31082.51,24408.07,C394923,40781.43,47455.87,0,0
133,TRANSFER,2769.51,C312781,9503.91,6734.4,C553105,38361.72,41131.23,0,0
364,CASH_IN,164.4,C159182,293.15,128.75,C449307,874.36,1038.77,0,0
399,PAYMENT,9262.19,C358517,11495.02,2232.83,M540097,46754.58,56016.78,0,0
334,TRANSFER,1273.53,C524226,2838.91,1565.37,C621863,40249.78,41523.31,0,0
144,PAYMENT,4525.95,C855801,11765.76,7239.81,M357368,48847.9,53373.85,0,0
350,PAYMENT,4100.27,C365798,7076.05,2975.78,M582238,26495.59,30595.86,0,0
312,CASH_OUT,8843.08,C421333,23859.59,15016.52,C863264,4808.43,13651.51,0,0
172,PAYMENT,3609.82,C516885,17347.4,13737.58,M265140,30279.79,33889.61,0,0
726,CASH_OUT,3740.6,C655689,6355.63,2615.03,C618727,18358.24,22098.84,0,0
152,TRANSFER,5407.82,C762587,11352.22,5944.4,C262982,41219.41,46627.23,0,0
202,DEBIT,5193.35,C751844,8303.21,3109.86,C295246,21485.27,26678.62,0,0
561,CASH_OUT,955.02,C640302,1320.65,365.64,C192578,1670.11,2625.13,0,0
455,TRANSFER,1835.24,C642015,6199.26,4364.03,C998850,25089.96,26925.2,0,0
263,CASH_OUT,2056.38,C293510,7958.99,5902.61,C209847,34775.59,36831.97,0,0
700,DEBIT,3335.3,C794892,7834.32,4499.02,C416397,45323.48,48658.78,0,0
36,PAYMENT,7961.41,C503322,14071.56,6110.14,M334565,16506.89,24468.31,0,0
425,CASH_OUT,6340.42,C235327,23322.66,16982.24,C749991,3961.61,10302.03,0,0
230,CASH_OUT,1018.55,C498465,2879.88,1861.33,C351051,9921.08,10939.63,0,0
614,CASH_OUT,2290.56,C554179,2841.59,551.04,C142828,28333.69,30624.25,0,0
477,CASH_OUT,2786.25,C356911,3863.71,1077.46,C168619,22793.36,25579.61,0,0
657,PAYMENT,14015.42,C959414,40638.37,26622.94,M727035,19435.05,33450.47,0,0
627,PAYMENT,17217.29,C837565,81059.08,63841.79,M984884,27227.88,44445.17,0,0
84,CASH_OUT,276581.13,C700847,276581.13,0.0,C110699,6385.67,282966.8,1,1
550,PAYMENT,328.16,C622988,482.59,154.43,M224481,11754.19,12082.35,0,0
361,PAYMENT,9773.83,C138067,31424.9,21651.07,M798045,15623.45,25397.28,0,0
407,CASH_IN,7331.78,C634670,12075.86,4744.08,C826331,39420.66,46752.44,0,0
101,TRANSFER,1871.47,C291703,5911.85,4040.38,C145033,31583.53,33455.0,0,0
670,CASH_OUT,933.82,C910658,3992.03,3058.21,C893153,16465.13,17398.96,0,0
130,PAYMENT,11139.32,C960952,36672.5,25533.18,M556956,46670.17,57809.5,0,0
289,CASH_IN,2436.6,C245788,8345.39,5908.78,C738387,38358.09,40794.69,0,0
483,TRANSFER,1703.45,C772280,2167.97,464.51,C656110,1777.69,3481.14,0,0
580,PAYMENT,5347.71,C829630,7958.14,2610.43,M264685,29917.39,35265.1,0,0
532,TRANSFER,3683.82,C334555,6867.21,3183.39,C323894,31169.6,34853.43,0,0
467,TRANSFER,845.23,C543057,1561.17,715.93,C801692,24487.78,25333.01,0,0
56,PAYMENT,2069.49,C325469,3482.24,1412.75,M128141,4194.18,6263.66,0,0
263,CASH_OUT,202826.64,C123312,202826.64,0.0,C527387,49834.84,252661.48,1,1
221,CASH_OUT,2043.45,C433373,3111.85,1068.4,C199071,44386.91,46430.36,0,0
483,TRANSFER,6251.52,C293021,24596.35,18344.83,C293718,38580.59,44832.11,0,0
386,PAYMENT,1997.99,C386166,8314.34,6316.35,M730585,29316.34,31314.33,0,0
423,CASH_OUT,6391.59,C802436,22480.46,16088.88,C546636,10343.39,16734.97,0,0
672,TRANSFER,2878.94,C882518,8111.45,5232.5,C391444,42295.68,45174.62,0,0
510,PAYMENT,1473.97,C769416,5821.34,4347.37,M390524,24062.9,25536.87,0,0
436,CASH_IN,1843.8,C524127,8896.12,7052.32,C263856,7090.68,8934.48,0,0
120,PAYMENT,4178.14,C320169,11491.62,7313.48,M714641,13106.2,17284.34,0,0
232,TRANSFER,3869.19,C804590,17722.71,13853.52,C107099,32015.15,35884.34,0,0
173,PAYMENT,4780.38,C825836,14574.85,9794.47,M873319,34171.28,38951.66,0,0
505,CASH_OUT,5770.52,C247603,8202.62,2432.1,C974772,2260.76,8031.28,0,0
232,TRANSFER,1606.14,C688315,6582.96,4976.82,C551122,33237.85,34843.99,0,0
491,TRANSFER,6312.87,C521486,8047.97,1735.1,C703103,21502.7,27815.57,0,0
368,CASH_IN,1325.66,C545377,5404.57,4078.91,C589934,31420.85,32746.51,0,0
561,PAYMENT,1157.24,C972637,1477.82,320.58,M369054,48011.41,49168.66,0,0
370,PAYMENT,568.29,C854444,1646.54,1078.25,M732500,6140.85,6709.15,0,0
160,CASH_OUT,3839.77,C551495,5807.2,1967.43,C713777,17244.24,21084.01,0,0
183,PAYMENT,1750.58,C570641,5602.49,3851.91,M979381,19738.31,21488.89,0,0
414,CASH_IN,4044.35,C177794,12069.11,8024.76,C392985,1129.39,5173.74,0,0
544,PAYMENT,7499.66,C462644,15252.25,7752.59,M783404,27428.82,34928.48,0,0
661,CASH_IN,4926.81,C732543,15919.76,10992.95,C884586,9439.43,14366.24,0,0
256,TRANSFER,9797.8,C688316,11489.83,1692.03,C743534,8658.33,18456.13,0,0
436,DEBIT,940.62,C682092,2843.88,1903.26,C470965,42114.8,43055.42,0,0
683,CASH_OUT,3413.09,C129725,4859.29,1446.2,C236998,8002.68,11415.77,0,0
108,CASH_OUT,710.54,C515872,2022.35,1311.81,C155147,961.92,1672.45,0,0
261,CASH_IN,1239.58,C484865,2201.27,961.69,C865418,44050.92,45290.5,0,0
473,CASH_OUT,3449.76,C531116,6044.32,2594.56,C621608,18091.54,21541.3,0,0
500,TRANSFER,6513.25,C245016,28207.06,21693.82,C382017,1046.06,7559.31,0,0
437,TRANSFER,664.24,C969049,1476.22,811.98,C724771,43894.21,44558.45,0,0
623,TRANSFER,7706.46,C203892,25987.57,18281.1,C834005,19880.52,27586.99,0,0
405,PAYMENT,739.04,C389910,1275.05,536.01,M168099,19689.84,20428.89,0,0
221,CASH_OUT,223995.14,C586275,223995.14,0.0,C398871,28074.23,252069.37,1,1
536,CASH_OUT,1200.63,C761357,5162.94,3962.31,C417650,25163.66,26364.28,0,0
406,CASH_OUT,14154.86,C241330,26035.99,11881.13,C157775,41343.97,55498.82,0,0
685,PAYMENT,1492.24,C757011,4082.89,2590.65,M281360,4885.72,6377.96,0,0
476,CASH_OUT,9566.64,C920483,34155.42,24588.77,C411955,21351.78,30918.42,0,0
47,PAYMENT,1946.15,C507688,8483.68,6537.53,M604409,19499.73,21445.88,0,0
400,PAYMENT,3017.86,C343306,14843.61,11825.75,M193808,8682.06,11699.92,0,0
254,CASH_OUT,9388.31,C911554,38776.79,29388.48,C956985,3278.74,12667.05,0,0
581,DEBIT,820.72,C352164,3455.69,2634.98,C995331,23180.25,24000.97,0,0
582,CASH_OUT,321174.0,C889271,321174.0,0.0,C168920,45469.51,366643.51,1,1
612,CASH_OUT,3397.65,C686712,5237.19,1839.54,C407747,37693.07,41090.72,0,0
725,PAYMENT,305.61,C755522,650.58,344.96,M119675,13454.43,13760.05,0,0
270,PAYMENT,1210.85,C526188,4888.91,3678.06,M411877,22762.12,23972.97,0,0
556,PAYMENT,6812.76,C466008,8079.95,1267.19,M933731,31175.12,37987.89,0,0
690,TRANSFER,8153.22,C166707,8864.94,711.72,C351351,33357.59,41510.81,0,0
655,CASH_IN,1849.88,C778029,7975.69,6125.82,C564184,39491.79,41341.67,0,0
165,CASH_IN,1137.49,C721527,4113.97,2976.48,C651216,10305.83,11443.33,0,0
371,CASH_IN,3382.44,C631633,8111.17,4728.73,C260372,6147.74,9530.18,0,0
708,TRANSFER,255126.23,C306487,255126.23,0.0,C197852,27255.28,27255.28,1,1
573,CASH_IN,4590.74,C448688,5833.33,1242.59,C560385,35537.84,40128.57,0,0
494,TRANSFER,734.38,C430817,3512.39,2778.01,C745961,42573.78,43308.16,0,0
98,CASH_IN,2257.7,C550542,9024.34,6766.64,C321095,14884.08,17141.79,0,0
294,DEBIT,2251.73,C924255,2719.7,467.97,C863935,39420.77,41672.5,0,0
391,CASH_IN,2854.93,C630062,11515.94,8661.01,C303127,37828.33,40683.26,0,0
213,CASH_OUT,1132.62,C271033,5421.33,4288.71,C612880,28229.02,29361.64,0,0
447,CASH_OUT,153098.96,C543945,153098.96,0.0,C141971,14121.54,167220.5,1,0
227,PAYMENT,3842.84,C762212,16479.7,12636.86,M620498,19330.79,23173.63,0,0
504,PAYMENT,445.65,C419972,1081.44,635.8,M361716,37995.35,38441.0,0,0
72,CASH_OUT,8731.57,C522355,27348.3,18616.73,C971877,8318.76,17050.34,0,0
268,PAYMENT,3426.94,C757258,8404.23,4977.3,M628423,44910.72,48337.66,0,0
486,PAYMENT,889.83,C379215,1545.55,655.72,M120074,44752.49,45642.32,0,0
613,TRANSFER,405.04,C442829,1834.69,1429.65,C472598,40278.38,40683.41,0,0
16,CASH_IN,2425.0,C156481,3612.61,1187.61,C887715,36396.68,38821.68,0,0
102,CASH_IN,3836.26,C155426,5828.45,1992.19,C339968,34499.62,38335.88,0,0
196,CASH_OUT,389.58,C197756,1529.48,1139.9,C542632,9776.89,10166.47,0,0
372,CASH_IN,510.81,C842849,2062.83,1552.02,C545358,49409.25,49920.06,0,0
364,TRANSFER,2485.73,C862841,10720.97,8235.23,C956047,17092.8,19578.53,0,0
277,PAYMENT,419.26,C471233,1625.17,1205.91,M276168,21295.88,21715.13,0,0
307,TRANSFER,3785.87,C696804,13188.9,9403.02,C286987,17942.56,21728.43,0,0
651,DEBIT,1125.49,C712257,1265.57,140.08,C756449,37095.09,38220.58,0,0
483,CASH_OUT,102464.43,C653083,102464.43,0.0,C286368,42786.86,145251.29,1,0
640,CASH_OUT,2615.74,C543316,5810.19,3194.45,C472013,11025.9,13641.64,0,0
654,CASH_IN,1027.36,C811886,4345.3,3317.94,C241521,3425.15,4452.51,0,0
115,CASH_IN,3988.09,C246295,12928.46,8940.36,C565453,5993.98,9982.07,0,0
550,PAYMENT,1782.24,C564894,2700.79,918.56,M636397,20931.68,22713.91,0,0
507,TRANSFER,271971.24,C134518,271971.24,0.0,C153909,45903.83,45903.83,1,1
83,CASH_IN,6221.24,C569164,23623.66,17402.42,C803814,42053.32,48274.55,0,0
718,CASH_OUT,6289.41,C235565,13371.82,7082.41,C879383,43701.32,49990.72,0,0
437,TRANSFER,122568.15,C177175,122568.15,0.0,C688595,620.2,620.2,1,0
89,DEBIT,369.99,C853704,704.99,334.99,C302435,36647.18,37017.18,0,0
68,CASH_IN,7441.95,C163095,17277.48,9835.53,C217886,17350.09,24792.04,0,0
255,PAYMENT,1058.27,C285378,4421.8,3363.53,M952746,2216.18,3274.45,0,0
576,CASH_OUT,3863.76,C501067,7763.18,3899.42,C902720,11401.15,15264.91,0,0
201,CASH_IN,3971.85,C582604,17147.05,13175.2,C591862,44009.46,47981.3,0,0
431,PAYMENT,8554.22,C913081,24445.68,15891.46,M227795,7307.43,15861.65,0,0
605,PAYMENT,10455.09,C964434,29075.44,18620.35,M653091,39545.71,50000.8,0,0
455,PAYMENT,1033.85,C493409,4287.37,3253.52,M462455,48552.93,49586.78,0,0
162,TRANSFER,1196.5,C257584,3144.27,1947.77,C448939,44628.26,45824.76,0,0
262,PAYMENT,627.98,C306940,1323.31,695.33,M404748,48590.87,49218.85,0,0
424,TRANSFER,2350.51,C667344,7905.87,5555.36,C510925,27081.87,29432.38,0,0
190,DEBIT,6600.96,C365972,14123.62,7522.66,C216656,23411.17,30012.13,0,0
704,TRANSFER,9496.21,C628936,24576.77,15080.56,C492720,4811.09,14307.31,0,0
571,TRANSFER,2481.13,C707564,9450.71,6969.58,C414925,49644.43,52125.56,0,0
557,TRANSFER,1952.78,C303196,9042.22,7089.45,C299919,35844.62,37797.39,0,0
301,CASH_OUT,4572.84,C283965,20356.1,15783.26,C266892,604.14,5176.98,0,0
431,PAYMENT,3340.39,C313981,12514.29,9173.9,M365888,6167.14,9507.52,0,0
639,CASH_OUT,228896.46,C850704,228896.46,0.0,C988544,27479.18,256375.64,1,1
332,PAYMENT,1633.53,C972552,7786.86,6153.34,M544865,33594.35,35227.87,0,0
266,TRANSFER,530.51,C880741,857.98,327.47,C946490,9006.5,9537.0,0,0
629,CASH_IN,340.64,C349768,1068.2,727.56,C784029,7535.79,7876.43,0,0
268,PAYMENT,2429.37,C961396,8038.28,5608.92,M792797,2665.08,5094.45,0,0
49,PAYMENT,2299.74,C896948,9812.76,7513.02,M572501,3835.54,6135.28,0,0
107,TRANSFER,1227.38,C660315,2731.24,1503.86,C979979,39554.77,40782.15,0,0
451,TRANSFER,5085.46,C540991,7096.73,2011.27,C437913,44537.78,49623.23,0,0
118,CASH_OUT,1742.51,C168803,2905.53,1163.02,C532548,21811.2,23553.71,0,0
568,CASH_OUT,1553.08,C609346,4766.33,3213.25,C220234,19256.06,20809.14,0,0
479,CASH_OUT,473.66,C832847,2078.71,1605.04,C611603,26788.72,27262.39,0,0
440,CASH_IN,2217.99,C928791,8324.32,6106.33,C775159,7457.37,9675.36,0,0
443,TRANSFER,466.05,C476794,855.41,389.36,C584585,46319.05,46785.1,0,0
563,PAYMENT,5040.12,C876676,14284.16,9244.04,M233241,14817.62,19857.74,0,0
125,TRANSFER,2348.63,C643088,6521.0,4172.37,C387516,49745.47,52094.1,0,0
77,CASH_OUT,209.99,C652004,1025.38,815.39,C496452,38790.18,39000.17,0,0
489,CASH_OUT,5122.75,C474313,22205.08,17082.33,C764929,22301.85,27424.6,0,0
416,CASH_OUT,2578.53,C624426,9565.19,6986.66,C493574,12134.34,14712.87,0,0
499,PAYMENT,3161.21,C557569,15802.44,12641.23,M651050,7950.81,11112.02,0,0
435,CASH_OUT,1350.81,C184754,3111.31,1760.5,C702276,39729.81,41080.62,0,0
520,PAYMENT,2358.89,C794335,7482.64,5123.74,M232212,11773.61,14132.5,0,0
267,TRANSFER,235.53,C631972,938.2,702.68,C191088,27691.46,27926.99,0,0
184,PAYMENT,7437.08,C225074,35520.73,28083.65,M989497,7865.4,15302.48,0,0
304,PAYMENT,5017.33,C990083,14890.06,9872.73,M697093,15471.15,20488.48,0,0
587,PAYMENT,5121.23,C692632,13039.48,7918.25,M991378,25808.14,30929.36,0,0
465,CASH_IN,13923.92,C630430,36624.59,22700.68,C521614,41462.19,55386.1,0,0
365,TRANSFER,314.6,C508288,318.58,3.99,C202239,32189.82,32504.41,0,0
147,PAYMENT,1135.22,C281948,1275.04,139.81,M585662,48590.89,49726.11,0,0
720,CASH_OUT,208.59,C440093,936.19,727.6,C886708,26597.7,26806.29,0,0
204,DEBIT,1243.74,C418766,2291.99,1048.25,C389954,47893.68,49137.42,0,0
19,PAYMENT,18406.42,C428768,25018.9,6612.48,M788152,614.72,19021.14,0,0
549,CASH_OUT,5000.35,C111390,20379.9,15379.54,C731040,33097.76,38098.11,0,0
676,CASH_OUT,1882.64,C746403,7328.38,5445.73,C632893,14376.56,16259.2,0,0
358,PAYMENT,2888.02,C110207,10189.97,7301.95,M318401,29063.51,31951.53,0,0
45,CASH_IN,2687.73,C684054,5908.34,3220.61,C243521,4304.67,6992.4,0,0
380,CASH_OUT,71870.55,C634638,71870.55,0.0,C851518,20143.66,92014.21,1,0
508,CASH_IN,1895.52,C335062,4113.39,2217.87,C551610,8040.31,9935.83,0,0
630,PAYMENT,2364.84,C222258,4502.93,2138.09,M735956,32203.56,34568.41,0,0
313,CASH_OUT,4552.77,C713859,20340.58,15787.81,C220263,22970.37,27523.14,0,0
566,PAYMENT,4116.76,C207507,8100.67,3983.9,M114743,35840.66,39957.42,0,0
22,CASH_OUT,8802.43,C859710,34176.49,25374.06,C505453,20371.56,29173.99,0,0
290,PAYMENT,3575.7,C976110,4352.8,777.1,M998488,37557.94,41133.64,0,0
241,TRANSFER,132850.87,C914422,132850.87,0.0,C162551,35348.82,35348.82,1,0
390,PAYMENT,4826.95,C643296,10933.43,6106.48,M302346,5543.67,10370.62,0,0
659,CASH_OUT,3068.65,C191218,14204.17,11135.52,C233296,47177.7,50246.35,0,0
198,TRANSFER,427.36,C948800,1601.76,1174.41,C716410,24943.8,25371.15,0,0
729,CASH_OUT,100085.93,C639660,100085.93,0.0,C916228,35652.3,135738.23,1,0
536,CASH_OUT,4343.67,C467570,9522.23,5178.56,C367986,5715.56,10059.23,0,0
652,CASH_IN,487.51,C518815,1459.74,972.23,C580808,19563.45,20050.96,0,0
355,TRANSFER,1709.95,C102257,4239.4,2529.45,C389508,3091.57,4801.52,0,0
397,TRANSFER,1723.58,C134773,7720.02,5996.44,C806528,36659.57,38383.15,0,0
100,CASH_OUT,1324.95,C409521,2048.9,723.96,C254626,32756.17,34081.12,0,0
28,CASH_IN,287.64,C416480,1072.53,784.89,C436227,23673.63,23961.27,0,0
533,PAYMENT,1704.85,C549076,2101.0,396.15,M162507,6019.85,7724.7,0,0
53,CASH_OUT,8569.62,C596013,37304.08,28734.46,C394025,35614.46,44184.08,0,0
675,TRANSFER,2749.57,C983096,9294.99,6545.42,C616835,991.23,3740.8,0,0
378,TRANSFER,1408.19,C339719,5767.9,4359.71,C832763,38759.61,40167.8,0,0
698,CASH_IN,3097.76,C348552,4044.25,946.49,C486721,19437.73,22535.49,0,0
421,PAYMENT,161.98,C693849,352.02,190.04,M610470,38770.52,38932.5,0,0
638,CASH_OUT,3906.93,C284626,12476.89,8569.96,C776296,44023.13,47930.06,0,0
160,CASH_IN,5450.7,C340853,22465.1,17014.4,C878883,23170.79,28621.49,0,0
616,PAYMENT,1006.76,C658158,1999.85,993.09,M727835,24461.81,25468.58,0,0
471,CASH_OUT,16291.98,C436851,31877.47,15585.48,C309329,26771.5,43063.48,0,0
331,CASH_IN,375.16,C238731,923.9,548.75,C553830,11656.37,12031.53,0,0
362,CASH_IN,6675.06,C993388,15089.57,8414.5,C480596,14173.75,20848.81,0,0
456,CASH_OUT,4024.4,C123091,8208.25,4183.85,C881413,17587.01,21611.42,0,0
216,CASH_OUT,318.91,C902673,1199.09,880.18,C224932,34659.78,34978.69,0,0
596,CASH_OUT,604.66,C933550,2921.54,2316.89,C184703,26718.16,27322.81,0,0
573,CASH_IN,11574.28,C581725,40320.56,28746.28,C925553,46468.68,58042.96,0,0
590,TRANSFER,257.12,C963659,427.6,170.47,C848778,22554.31,22811.44,0,0
620,DEBIT,14007.25,C245051,58446.27,44439.01,C865419,42762.35,56769.61,0,0
582,PAYMENT,3642.29,C697690,10901.16,7258.88,M901881,20630.37,24272.65,0,0
446,CASH_OUT,2110.64,C223765,7121.81,5011.17,C487025,4117.54,6228.18,0,0
154,PAYMENT,6289.35,C396208,24707.64,18418.29,M850186,18074.53,24363.88,0,0
245,CASH_IN,12044.96,C700541,30969.7,18924.74,C398335,42783.98,54828.94,0,0
495,PAYMENT,2245.23,C749969,9262.45,7017.23,M712181,48028.31,50273.53,0,0
93,TRANSFER,52711.54,C824479,52711.54,0.0,C792137,17851.47,17851.47,1,0
255,CASH_OUT,1458.42,C892154,6405.65,4947.22,C782773,36578.64,38037.07,0,0
613,PAYMENT,1904.05,C168323,8717.84,6813.79,M385960,521.92,2425.97,0,0
438,TRANSFER,17596.35,C710032,20757.45,3161.1,C914914,38169.89,55766.24,0,0
404,CASH_OUT,10650.68,C939953,35237.66,24586.98,C145740,18177.5,28828.17,0,0
116,TRANSFER,1980.12,C780089,8690.9,6710.79,C212492,45160.7,47140.82,0,0
404,PAYMENT,2567.97,C658969,4836.55,2268.57,M191328,2427.03,4995.0,0,0
401,PAYMENT,4083.1,C811935,7756.1,3673.0,M489770,21853.34,25936.44,0,0
661,TRANSFER,1261.92,C819174,3044.0,1782.08,C728889,44757.67,46019.59,0,0
552,TRANSFER,6163.8,C594700,28079.5,21915.7,C382844,27453.04,33616.84,0,0
553,PAYMENT,3253.21,C514170,3680.15,426.95,M786915,31984.1,35237.31,0,0
271,CASH_IN,2256.67,C245342,3114.68,858.01,C786268,41423.97,43680.63,0,0
164,CASH_OUT,3821.2,C237686,6138.29,2317.1,C107415,43856.21,47677.41,0,0
628,TRANSFER,88360.04,C149976,88360.04,0.0,C525468,38277.34,38277.34,1,0
700,TRANSFER,341923.45,C447220,341923.45,0.0,C924834,11306.27,11306.27,1,1
384,PAYMENT,4674.18,C982174,22751.04,18076.85,M145475,11602.53,16276.71,0,0
169,DEBIT,2022.45,C649999,4473.09,2450.65,C654394,16602.11,18624.56,0,0
206,PAYMENT,1538.24,C226479,7688.42,6150.17,M520343,20584.68,22122.93,0,0
22,TRANSFER,3886.29,C496489,5105.9,1219.61,C802495,27452.6,31338.89,0,0
443,PAYMENT,2651.41,C864629,5502.7,2851.29,M913560,31607.49,34258.89,0,0
560,PAYMENT,4486.37,C884192,18107.07,13620.7,M535928,5574.54,10060.91,0,0
563,TRANSFER,6250.88,C298522,23683.57,17432.69,C320357,35859.17,42110.05,0,0
1,PAYMENT,567.86,C513089,2499.66,1931.8,M899482,17557.9,18125.76,0,0
681,PAYMENT,1582.75,C494754,3707.49,2124.75,M403664,48937.01,50519.76,0,0
76,CASH_OUT,2889.41,C447235,6495.21,3605.8,C412863,24383.77,27273.18,0,0
128,CASH_IN,156.67,C890605,646.85,490.18,C471513,6656.95,6813.62,0,0
270,DEBIT,459.11,C694821,1485.64,1026.53,C287256,25303.85,25762.96,0,0
168,PAYMENT,2559.75,C342188,9915.99,7356.24,M476047,43200.7,45760.45,0,0
483,CASH_IN,999.93,C746238,4517.06,3517.13,C225355,40535.1,41535.04,0,0
151,PAYMENT,6032.69,C611181,18134.64,12101.95,M607831,4009.13,10041.82,0,0
375,CASH_OUT,8378.85,C434971,8786.29,407.44,C730752,33863.99,42242.84,0,0
113,PAYMENT,1833.95,C872997,3238.23,1404.28,M381696,20876.95,22710.9,0,0
517,CASH_OUT,347.81,C742927,1438.19,1090.38,C706226,14645.04,14992.84,0,0
726,PAYMENT,303.87,C670508,758.37,454.5,M932595,47250.2,47554.08,0,0
694,CASH_OUT,5415.33,C647219,22425.28,17009.95,C189116,30254.58,35669.91,0,0
338,CASH_IN,8716.81,C329577,9117.11,400.3,C810672,22780.77,31497.58,0,0
322,CASH_IN,520.88,C996473,1361.8,840.92,C752755,37025.31,37546.19,0,0
425,PAYMENT,2666.74,C909057,3456.54,789.8,M656376,30471.39,33138.13,0,0
208,CASH_OUT,4196.64,C719164,6612.94,2416.29,C130949,29970.3,34166.95,0,0
20,PAYMENT,438.05,C389134,1487.68,1049.64,M771553,31370.61,31808.66,0,0
414,CASH_OUT,1735.28,C877567,5647.72,3912.43,C719055,22808.98,24544.26,0,0
326,PAYMENT,1206.75,C961248,4091.69,2884.94,M626930,43371.73,44578.48,0,0
154,TRANSFER,938.72,C461719,4464.78,3526.06,C888245,830.77,1769.49,0,0
610,TRANSFER,238245.97,C838096,238245.97,0.0,C353091,19280.68,19280.68,1,1
83,CASH_IN,1882.27,C517567,8205.19,6322.92,C393125,9832.76,11715.03,0,0
176,CASH_OUT,4852.99,C412660,11201.58,6348.58,C359480,44557.82,49410.82,0,0
367,PAYMENT,2094.56,C523159,8155.78,6061.22,M821755,948.18,3042.74,0,0
43,CASH_OUT,4481.82,C223030,6120.22,1638.4,C949375,10363.88,14845.7,0,0
436,PAYMENT,1099.32,C105039,2042.12,942.8,M252353,13904.91,15004.23,0,0
296,TRANSFER,948.79,C658685,3214.85,2266.07,C420815,29942.76,30891.55,0,0
503,DEBIT,5823.27,C377068,24993.08,19169.82,C737431,46669.17,52492.44,0,0
686,TRANSFER,1122.59,C182409,5557.53,4434.94,C123248,14929.04,16051.63,0,0
73,PAYMENT,5728.11,C453973,13371.87,7643.75,M979140,43327.07,49055.19,0,0
649,PAYMENT,5518.76,C163610,14599.1,9080.34,M695131,43749.28,49268.05,0,0
742,TRANSFER,3767.61,C255489,17877.76,14110.15,C444126,3668.31,7435.92,0,0
662,CASH_OUT,885.81,C285194,2977.15,2091.34,C653781,20677.83,21563.64,0,0
88,CASH_IN,489.8,C720273,1987.49,1497.69,C468760,20778.72,21268.52,0,0
385,CASH_IN,515.27,C737787,1579.67,1064.4,C773812,39432.86,39948.13,0,0
242,CASH_IN,5989.4,C636644,22403.56,16414.16,C752416,5966.38,11955.77,0,0
196,CASH_IN,2150.09,C526044,6909.36,4759.27,C226270,13116.67,15266.76,0,0
52,CASH_IN,6263.29,C453827,11676.28,5412.99,C686349,40561.56,46824.85,0,0
177,TRANSFER,7415.19,C737938,10457.43,3042.24,C159500,19940.17,27355.36,0,0
547,PAYMENT,2680.57,C335595,11199.28,8518.71,M622710,44276.64,46957.21,0,0
414,TRANSFER,711.76,C537805,2629.65,1917.89,C263187,9373.04,10084.8,0,0
495,TRANSFER,4823.2,C639243,21472.34,16649.14,C275121,26828.51,31651.71,0,0
606,PAYMENT,405.38,C403602,436.4,31.02,M451181,8704.53,9109.92,0,0
634,TRANSFER,980.23,C886086,3016.06,2035.83,C593814,30583.76,31563.98,0,0
559,TRANSFER,967.61,C894760,4682.72,3715.11,C115534,31006.87,31974.49,0,0
289,TRANSFER,4272.5,C584273,16272.17,11999.67,C785409,8998.85,13271.35,0,0
499,TRANSFER,178.37,C522132,852.67,674.3,C170463,34983.05,35161.42,0,0
317,PAYMENT,639.47,C158692,2409.69,1770.23,M755129,10709.48,11348.95,0,0
305,CASH_OUT,10687.49,C663370,43882.37,33194.88,C951480,30761.16,41448.65,0,0
251,TRANSFER,3565.03,C595413,13385.0,9819.97,C336187,13036.98,16602.01,0,0
73,TRANSFER,6128.9,C668242,26803.53,20674.63,C565525,24512.19,30641.08,0,0
199,TRANSFER,6857.95,C169300,31068.15,24210.2,C406093,23582.33,30440.28,0,0
542,CASH_OUT,134264.59,C757941,134264.59,0.0,C151717,10397.82,144662.41,1,0
716,PAYMENT,4856.49,C176848,21328.29,16471.81,M661836,27506.47,32362.95,0,0
82,TRANSFER,2088.8,C603516,10420.47,8331.67,C520162,28173.43,30262.24,0,0
3,TRANSFER,349.16,C450067,865.32,516.16,C758250,23479.81,23828.97,0,0
122,PAYMENT,9372.01,C273311,23588.47,14216.46,M540880,41652.7,51024.71,0,0
348,CASH_OUT,81103.57,C978499,81103.57,0.0,C776999,2432.88,83536.46,1,0
201,CASH_OUT,4976.57,C906608,20961.37,15984.8,C163972,26141.4,31117.97,0,0
211,CASH_OUT,751.65,C208944,1337.87,586.21,C848943,44575.27,45326.92,0,0
727,CASH_OUT,5309.96,C184811,23418.74,18108.77,C290121,27311.5,32621.46,0,0
445,CASH_OUT,890.88,C395866,2009.2,1118.33,C897057,12454.28,13345.16,0,0
606,CASH_IN,4610.11,C939385,18362.13,13752.02,C577697,28117.41,32727.52,0,0
178,TRANSFER,3870.8,C307352,16199.17,12328.37,C726926,13961.33,17832.13,0,0
195,CASH_IN,3640.71,C137019,8366.51,4725.81,C361497,13840.84,17481.54,0,0
622,PAYMENT,3266.16,C592750,6723.52,3457.36,M929827,33267.46,36533.62,0,0
480,CASH_OUT,423.88,C915495,1608.97,1185.08,C715168,18733.19,19157.07,0,0
677,PAYMENT,219.9,C994468,993.22,773.32,M774619,12548.14,12768.03,0,0
120,CASH_IN,5459.98,C275607,14828.98,9369.0,C509319,10452.73,15912.71,0,0
455,CASH_IN,6208.72,C281429,27190.98,20982.26,C317980,12825.93,19034.65,0,0
550,PAYMENT,23920.13,C204927,55173.14,31253.01,M901340,37535.1,61455.23,0,0
458,PAYMENT,2294.62,C949776,7537.01,5242.39,M998035,15549.5,17844.11,0,0
459,TRANSFER,3022.95,C463298,6804.99,3782.04,C606453,32889.93,35912.87,0,0
166,PAYMENT,8794.51,C427350,33635.79,24841.28,M982894,15793.32,24587.83,0,0
235,PAYMENT,9855.61,C700600,26208.63,16353.02,M961756,20415.58,30271.19,0,0
541,CASH_OUT,4401.28,C839538,11253.74,6852.46,C111094,11829.34,16230.62,0,0
651,CASH_IN,1564.42,C210130,4866.46,3302.04,C908596,10975.98,12540.4,0,0
562,CASH_OUT,4494.66,C849450,15158.84,10664.18,C393052,3140.73,7635.39,0,0
155,CASH_OUT,10047.06,C591006,16772.84,6725.78,C643576,25267.79,35314.85,0,0
182,PAYMENT,694.47,C773422,2461.02,1766.56,M379143,30165.45,30859.92,0,0
406,TRANSFER,6456.91,C314127,10840.59,4383.68,C374336,1447.67,7904.58,0,0
375,PAYMENT,2215.28,C343877,6245.96,4030.68,M299298,34442.18,36657.46,0,0
156,TRANSFER,684.05,C808387,2250.81,1566.76,C910421,14212.12,14896.17,0,0
538,CASH_OUT,228224.83,C621244,228224.83,0.0,C451193,35132.01,263356.84,1,1
721,CASH_OUT,7606.99,C975564,27660.39,20053.4,C584282,10955.98,18562.96,0,0
239,CASH_OUT,5734.32,C587602,26024.25,20289.93,C798148,6698.42,12432.74,0,0
234,CASH_OUT,3477.27,C131085,16562.55,13085.28,C417715,38907.62,42384.89,0,0
380,PAYMENT,13059.45,C715324,55736.37,42676.92,M712242,42701.1,55760.55,0,0
494,TRANSFER,113237.93,C585651,113237.93,0.0,C300753,11468.29,11468.29,1,0
358,CASH_IN,372.19,C943556,1024.94,652.75,C165149,26729.12,27101.31,0,0
584,TRANSFER,5703.29,C461309,13146.17,7442.88,C155863,15319.48,21022.77,0,0
60,DEBIT,1692.74,C235203,4087.61,2394.87,C347908,15472.71,17165.45,0,0
86,CASH_IN,5348.96,C640023,6985.31,1636.35,C934325,49343.09,54692.05,0,0
642,DEBIT,4392.67,C669829,15237.61,10844.94,C265129,8221.05,12613.72,0,0
424,PAYMENT,1407.3,C793590,1424.99,17.68,M512736,9125.05,10532.35,0,0
247,CASH_IN,1862.94,C272257,7192.35,5329.4,C870824,14454.99,16317.93,0,0
89,CASH_OUT,5352.82,C877022,23813.67,18460.86,C683158,16036.84,21389.65,0,0
679,CASH_OUT,9971.48,C805356,10602.6,631.12,C900463,26376.63,36348.1,0,0
201,TRANSFER,6475.54,C385713,15836.67,9361.14,C897583,43059.84,49535.37,0,0
439,CASH_OUT,2624.34,C953220,12106.58,9482.24,C695333,44549.24,47173.58,0,0
589,CASH_OUT,3722.22,C542136,7144.08,3421.86,C733676,27856.78,31579.0,0,0
672,PAYMENT,594.08,C154722,2625.11,2031.04,M975931,8682.46,9276.54,0,0
643,PAYMENT,6214.64,C958823,13316.92,7102.28,M839574,46392.63,52607.27,0,0
72,TRANSFER,1119.97,C434923,5326.11,4206.14,C719696,44752.27,45872.24,0,0
349,CASH_OUT,4009.76,C307609,7546.44,3536.68,C775302,11301.27,15311.04,0,0
383,PAYMENT,102.29,C665523,458.52,356.23,M381075,39733.44,39835.73,0,0
717,PAYMENT,1179.36,C116279,3794.41,2615.05,M299737,10375.51,11554.87,0,0
328,CASH_IN,243.09,C570489,526.5,283.41,C822030,10773.28,11016.37,0,0
699,CASH_OUT,281754.89,C182806,281754.89,0.0,C979617,35124.42,316879.3,1,1
722,TRANSFER,9676.07,C537585,24221.32,14545.26,C332204,35552.03,45228.1,0,0
171,PAYMENT,900.52,C696595,2126.71,1226.19,M575278,25773.75,26674.27,0,0
201,TRANSFER,560.97,C953816,1966.36,1405.39,C917459,14284.3,14845.27,0,0
649,DEBIT,713.07,C846760,784.3,71.23,C398783,22727.42,23440.49,0,0
140,CASH_OUT,3380.58,C584672,7181.03,3800.45,C851722,9088.05,12468.64,0,0
232,PAYMENT,299.94,C478336,981.97,682.02,M602175,32750.03,33049.97,0,0
506,CASH_OUT,9364.91,C583236,23873.86,14508.95,C780428,3775.18,13140.08,0,0
192,TRANSFER,134840.34,C254455,134840.34,0.0,C420304,20929.11,20929.11,1,0
149,CASH_IN,3957.78,C681904,18731.46,14773.68,C371365,13642.07,17599.85,0,0
147,PAYMENT,1326.7,C328931,4614.89,3288.18,M406901,30181.56,31508.27,0,0
218,CASH_IN,1553.09,C326256,4383.55,2830.46,C922376,34066.63,35619.72,0,0
228,CASH_OUT,1408.27,C835226,3323.36,1915.09,C825787,4407.5,5815.77,0,0
210,CASH_IN,2825.49,C860177,13956.18,11130.69,C803363,46980.32,49805.81,0,0
492,PAYMENT,1060.48,C601110,4072.81,3012.33,M352557,14011.02,15071.5,0,0
537,CASH_IN,834.9,C961465,851.69,16.79,C338483,3474.77,4309.68,0,0
360,CASH_OUT,6051.75,C280494,24377.62,18325.87,C292971,3252.47,9304.22,0,0
105,CASH_OUT,1901.95,C746275,8631.73,6729.78,C775926,44830.36,46732.32,0,0
688,CASH_OUT,840.16,C211576,1460.64,620.48,C522739,17434.33,18274.49,0,0
433,DEBIT,766.28,C204188,2255.37,1489.09,C717614,6287.72,7053.99,0,0
250,PAYMENT,4733.37,C378404,16703.83,11970.47,M749285,29388.45,34121.82,0,0
625,PAYMENT,960.24,C702772,1018.54,58.29,M874107,29280.15,30240.39,0,0
739,CASH_OUT,8103.02,C395920,21052.27,12949.24,C680086,16676.34,24779.36,0,0
203,DEBIT,486.13,C343767,1607.83,1121.71,C645210,23467.09,23953.22,0,0
237,CASH_OUT,8011.63,C102866,33120.06,25108.44,C212669,35135.41,43147.03,0,0
108,PAYMENT,762.81,C457820,2495.84,1733.03,M746012,15169.7,15932.51,0,0
438,TRANSFER,213.03,C194881,879.43,666.4,C342934,12383.5,12596.53,0,0
543,PAYMENT,4221.92,C962318,11955.28,7733.36,M841184,11712.82,15934.74,0,0
191,CASH_OUT,4885.19,C147111,6378.88,1493.69,C532829,44846.27,49731.45,0,0
687,PAYMENT,2952.1,C874639,4794.64,1842.54,M952557,41812.25,44764.36,0,0
429,DEBIT,975.18,C689621,2461.31,1486.14,C808092,40516.08,41491.26,0,0
269,TRANSFER,9537.54,C222672,14063.82,4526.28,C559158,46720.6,56258.14,0,0
217,CASH_OUT,1407.88,C522641,2814.47,1406.59,C974641,32880.93,34288.8,0,0
388,CASH_OUT,348.17,C112306,929.85,581.68,C678110,6259.75,6607.92,0,0
491,PAYMENT,4237.0,C961858,15223.3,10986.3,M665151,11958.26,16195.26,0,0
122,DEBIT,5999.68,C999434,20682.84,14683.16,C543441,18986.17,24985.85,0,0
65,TRANSFER,2754.97,C784494,8681.27,5926.3,C802461,14265.93,17020.9,0,0
187,PAYMENT,8422.43,C872332,13687.58,5265.15,M760673,11394.39,19816.82,0,0
287,PAYMENT,1437.97,C365702,7009.69,5571.71,M412257,13485.98,14923.95,0,0
583,CASH_IN,8786.85,C677506,31120.02,22333.17,C381373,31676.12,40462.97,0,0
458,PAYMENT,254.02,C341249,1047.56,793.53,M137034,20212.28,20466.3,0,0
382,PAYMENT,6362.69,C741517,20113.65,13750.96,M925963,42310.96,48673.65,0,0
4,CASH_OUT,2090.65,C609668,4177.14,2086.49,C289651,27599.84,29690.48,0,0
6,PAYMENT,240.21,C457776,501.57,261.35,M795391,815.76,1055.98,0,0
388,PAYMENT,1032.53,C590999,1903.52,870.99,M143461,42930.99,43963.52,0,0
291,CASH_IN,1889.13,C520602,7808.13,5919.0,C787081,13663.46,15552.59,0,0
515,CASH_IN,842.42,C311194,2391.29,1548.87,C328584,21833.7,22676.12,0,0
714,CASH_OUT,1384.63,C397883,4411.21,3026.58,C659073,21151.07,22535.71,0,0
237,CASH_OUT,5684.56,C735254,22152.35,16467.78,C237854,34675.08,40359.65,0,0
25,CASH_OUT,722.84,C140149,1398.88,676.04,C448844,1673.53,2396.37,0,0
503,PAYMENT,1249.24,C780913,2637.0,1387.75,M466645,2278.54,3527.79,0,0
331,TRANSFER,307386.53,C409509,307386.53,0.0,C621144,36557.87,36557.87,1,1
364,PAYMENT,1096.98,C327203,4158.49,3061.51,M819846,18523.58,19620.56,0,0
642,PAYMENT,2782.78,C655710,9083.8,6301.02,M374349,37696.92,40479.7,0,0
575,PAYMENT,2043.68,C948124,8848.02,6804.34,M837744,40379.62,42423.3,0,0
376,PAYMENT,420.84,C194837,572.2,151.36,M323068,10065.85,10486.68,0,0
175,CASH_IN,405.27,C204428,747.52,342.25,C222035,37747.18,38152.45,0,0
124,CASH_OUT,2418.42,C899180,9130.09,6711.66,C496308,27861.74,30280.16,0,0
64,PAYMENT,8559.16,C629214,27300.82,18741.65,M103969,36828.32,45387.48,0,0
224,CASH_OUT,60401.81,C710774,60401.81,0.0,C601793,19595.53,79997.34,1,0
653,PAYMENT,13158.73,C719886,31308.17,18149.44,M821827,17196.89,30355.62,0,0
743,PAYMENT,3755.48,C838591,16901.43,13145.95,M665635,39630.77,43386.24,0,0
50,TRANSFER,4787.28,C684668,11690.06,6902.77,C144331,33727.91,38515.19,0,0
589,CASH_IN,694.45,C602237,3440.06,2745.62,C964418,48875.36,49569.8,0,0
441,TRANSFER,14839.94,C756521,60428.54,45588.61,C614241,22000.89,36840.83,0,0
316,CASH_OUT,3723.36,C656119,4073.84,350.48,C233248,21766.33,25489.7,0,0
341,CASH_OUT,295514.13,C189312,295514.13,0.0,C292458,2006.94,297521.07,1,1
348,PAYMENT,3795.37,C851209,15650.89,11855.51,M460215,39677.45,43472.82,0,0
108,PAYMENT,1288.04,C402274,1768.59,480.55,M575147,48209.25,49497.29,0,0
195,CASH_OUT,3334.69,C560829,12438.83,9104.14,C834803,28980.28,32314.97,0,0
678,PAYMENT,164.95,C482688,471.14,306.19,M469484,47181.56,47346.51,0,0
361,CASH_OUT,3778.63,C421898,6987.96,3209.33,C785338,6539.37,10318.0,0,0
553,CASH_IN,809.35,C811752,2732.81,1923.46,C121067,20863.04,21672.39,0,0
201,CASH_OUT,6558.41,C312603,19221.74,12663.33,C673091,38984.05,45542.45,0,0
408,TRANSFER,5831.1,C656371,15111.5,9280.41,C954140,40395.96,46227.05,0,0
280,TRANSFER,6510.11,C514027,9829.89,3319.78,C326453,40110.21,46620.32,0,0
454,CASH_OUT,2709.01,C954744,10270.75,7561.74,C207615,45063.07,47772.08,0,0
164,CASH_OUT,1123.89,C700724,4524.05,3400.16,C815879,4542.53,5666.42,0,0
462,TRANSFER,255387.86,C550134,255387.86,0.0,C881453,45135.28,45135.28,1,1
317,PAYMENT,605.88,C893070,834.7,228.82,M923851,41660.16,42266.03,0,0
610,PAYMENT,7963.87,C954221,28507.57,20543.7,M334318,14768.45,22732.32,0,0
43,PAYMENT,4458.45,C968277,10817.91,6359.46,M347997,13096.83,17555.27,0,0
251,DEBIT,8116.88,C140542,26075.05,17958.17,C513461,40706.78,48823.66,0,0
508,PAYMENT,1829.46,C697578,5342.38,3512.91,M671302,7331.77,9161.23,0,0
566,TRANSFER,7339.58,C972318,36567.79,29228.22,C257753,29344.37,36683.94,0,0
437,PAYMENT,1903.7,C331452,7024.7,5121.0,M416527,34268.49,36172.19,0,0
673,CASH_OUT,3123.71,C332520,11787.92,8664.2,C703814,35180.27,38303.98,0,0
243,TRANSFER,3478.93,C604917,6076.16,2597.23,C773243,1771.64,5250.57,0,0
52,TRANSFER,1026.35,C641529,1954.3,927.95,C677263,27777.02,28803.37,0,0
627,TRANSFER,2828.32,C163014,3801.63,973.31,C663634,3322.83,6151.16,0,0
207,TRANSFER,3654.21,C456778,15640.99,11986.78,C349106,2558.16,6212.36,0,0
448,TRANSFER,3804.0,C505831,6146.04,2342.04,C625754,48863.07,52667.07,0,0
52,CASH_OUT,3685.18,C435513,10557.03,6871.85,C888325,9901.84,13587.02,0,0
652,TRANSFER,174.05,C829688,393.88,219.84,C944156,3315.63,3489.68,0,0
118,PAYMENT,11991.7,C442022,42120.59,30128.89,M452621,46566.8,58558.5,0,0
634,TRANSFER,1110.99,C458766,1646.26,535.26,C813016,29434.88,30545.88,0,0
538,DEBIT,2300.53,C398530,3006.55,706.01,C715197,8719.6,11020.13,0,0
348,CASH_IN,2203.52,C769774,5330.12,3126.6,C882957,20334.86,22538.37,0,0
217,TRANSFER,3872.65,C817221,10720.0,6847.36,C361439,32587.56,36460.2,0,0
87,TRANSFER,609.03,C183384,1090.5,481.47,C100390,9435.65,10044.68,0,0
496,CASH_OUT,1544.16,C371265,2327.51,783.35,C101539,19891.25,21435.41,0,0
644,PAYMENT,311.23,C473192,998.87,687.64,M982876,29963.87,30275.1,0,0
291,PAYMENT,1126.83,C826826,2458.6,1331.77,M859066,26733.53,27860.36,0,0
544,CASH_IN,1866.45,C436430,4078.75,2212.3,C378266,7601.74,9468.18,0,0
187,TRANSFER,2695.71,C312456,6136.76,3441.05,C398627,23760.81,26456.52,0,0
542,PAYMENT,2367.53,C195761,8334.59,5967.06,M475897,41518.32,43885.85,0,0
693,PAYMENT,4071.56,C105209,9333.63,5262.07,M750988,49393.6,53465.16,0,0
390,CASH_OUT,171626.85,C438526,171626.85,0.0,C239005,25814.16,197441.01,1,0
357,PAYMENT,7990.46,C150013,12757.27,4766.81,M501562,39403.3,47393.76,0,0
423,CASH_IN,415.24,C527709,1767.91,1352.67,C780206,14376.57,14791.81,0,0
692,PAYMENT,533.36,C542065,804.51,271.15,M781707,9869.54,10402.9,0,0
422,PAYMENT,2145.51,C825571,2560.56,415.05,M928282,41114.14,43259.65,0,0
722,PAYMENT,2550.93,C423966,3245.9,694.97,M577317,11299.63,13850.56,0,0
426,CASH_OUT,1971.37,C568379,9525.22,7553.85,C468863,27285.13,29256.5,0,0
220,PAYMENT,2377.56,C730212,2577.47,199.92,M577910,41070.67,43448.23,0,0
197,CASH_OUT,1000.14,C887356,3666.59,2666.45,C675610,4465.23,5465.37,0,0
387,PAYMENT,891.05,C479502,2269.36,1378.31,M398277,3031.94,3922.99,0,0
589,CASH_IN,7626.47,C399182,15881.97,8255.5,C450083,10111.06,17737.53,0,0
691,PAYMENT,358.35,C545935,1180.93,822.58,M880296,28517.91,28876.26,0,0
334,CASH_IN,274.72,C855477,382.42,107.7,C144439,2681.26,2955.98,0,0
113,CASH_OUT,333791.27,C742416,333791.27,0.0,C267896,42108.27,375899.54,1,1
306,PAYMENT,575.15,C354371,858.77,283.62,M202166,26168.8,26743.95,0,0
171,CASH_OUT,268.39,C150971,1264.72,996.33,C520497,5011.46,5279.85,0,0
315,PAYMENT,3984.93,C710414,14215.35,10230.42,M548648,20834.05,24818.97,0,0
232,CASH_OUT,178.64,C225849,885.02,706.38,C355493,2550.69,2729.33,0,0
432,PAYMENT,2459.51,C518641,4127.1,1667.59,M747534,3023.26,5482.77,0,0
66,CASH_OUT,1512.06,C357134,6239.58,4727.51,C462232,22134.05,23646.11,0,0
439,CASH_OUT,1063.62,C306251,4783.34,3719.72,C634231,41615.83,42679.44,0,0
233,CASH_OUT,3416.11,C810731,3643.98,227.87,C776278,10141.29,13557.4,0,0
732,TRANSFER,6356.04,C301904,26801.27,20445.23,C811716,43387.95,49743.99,0,0
410,CASH_IN,3797.2,C967965,10778.66,6981.46,C445430,33950.18,37747.39,0,0
310,PAYMENT,3606.5,C496103,14698.92,11092.43,M294795,49707.04,53313.54,0,0
439,CASH_IN,7509.32,C372448,34754.39,27245.07,C654629,49580.87,57090.19,0,0
663,PAYMENT,4694.09,C908524,17851.16,13157.07,M231562,29656.49,34350.58,0,0
658,CASH_OUT,2333.58,C728177,7499.87,5166.29,C365303,28729.2,31062.79,0,0
303,PAYMENT,1633.86,C856357,6732.87,5099.02,M653608,28412.7,30046.55,0,0
245,CASH_OUT,4748.42,C638966,16336.62,11588.2,C816435,24664.79,29413.22,0,0
101,CASH_IN,320.02,C947929,1208.43,888.41,C601233,9546.18,9866.21,0,0
297,TRANSFER,4742.92,C392007,5197.22,454.3,C866722,29448.98,34191.9,0,0
503,CASH_OUT,59279.26,C421395,59279.26,0.0,C696860,35720.71,94999.97,1,0
344,TRANSFER,864.83,C971905,942.89,78.06,C243704,43152.41,44017.24,0,0
738,CASH_OUT,3410.44,C221897,7444.95,4034.51,C620082,13159.31,16569.75,0,0
481,PAYMENT,875.08,C968220,1739.15,864.08,M337612,15667.56,16542.64,0,0
646,CASH_OUT,299462.24,C835518,299462.24,0.0,C952969,8866.33,308328.56,1,1
10,TRANSFER,1265.77,C917166,3292.58,2026.81,C100515,40687.37,41953.14,0,0
191,CASH_IN,1392.65,C173870,3027.82,1635.17,C237080,13666.89,15059.54,0,0
69,TRANSFER,3907.14,C629321,14519.96,10612.82,C435468,46621.15,50528.29,0,0
330,PAYMENT,599.22,C825512,2129.59,1530.37,M866941,16327.29,16926.5,0,0
117,PAYMENT,8273.73,C112940,9088.46,814.73,M480171,10868.06,19141.79,0,0
549,PAYMENT,5066.45,C263639,20468.55,15402.11,M346331,15973.6,21040.05,0,0
615,CASH_IN,3730.68,C755538,17676.6,13945.93,C348004,15517.58,19248.26,0,0
735,CASH_OUT,1850.5,C365228,2818.06,967.57,C982297,33749.59,35600.08,0,0
732,PAYMENT,2557.35,C954901,5750.86,3193.51,M246259,21659.59,24216.94,0,0
192,CASH_OUT,123.93,C383007,383.4,259.47,C413559,46114.91,46238.85,0,0
361,TRANSFER,8055.43,C869565,35319.02,27263.58,C655474,9549.26,17604.69,0,0
305,PAYMENT,2430.54,C306555,3490.39,1059.85,M591087,12802.72,15233.27,0,0
500,TRANSFER,9222.63,C172227,41365.92,32143.29,C948389,39361.64,48584.28,0,0
215,CASH_IN,1492.07,C438250,1813.0,320.93,C410809,33633.17,35125.24,0,0
383,PAYMENT,1409.21,C499437,5932.18,4522.97,M516690,43140.19,44549.4,0,0
602,PAYMENT,4117.15,C778066,7997.54,3880.38,M929203,47206.92,51324.07,0,0
112,PAYMENT,6944.25,C247646,10602.12,3657.87,M867175,35399.52,42343.78,0,0
312,CASH_OUT,3659.78,C675194,8156.12,4496.34,C886895,43054.14,46713.92,0,0
230,PAYMENT,857.17,C362048,3670.6,2813.43,M880862,33993.91,34851.08,0,0
484,CASH_OUT,2369.95,C597666,9888.02,7518.07,C788499,49071.46,51441.41,0,0
687,PAYMENT,6489.05,C915518,23906.01,17416.95,M738046,35002.7,41491.75,0,0
24,PAYMENT,3413.7,C594670,7596.18,4182.48,M901818,16642.34,20056.04,0,0
271,CASH_IN,1028.77,C973420,3889.53,2860.76,C859144,31666.6,32695.38,0,0
488,TRANSFER,137.71,C202478,437.5,299.79,C162699,48801.05,48938.76,0,0
334,PAYMENT,2672.86,C742974,7384.2,4711.34,M365919,44055.77,46728.63,0,0
550,PAYMENT,1869.01,C247032,5412.71,3543.69,M750807,22837.7,24706.71,0,0
94,TRANSFER,5480.95,C381209,9771.72,4290.77,C987935,41102.54,46583.49,0,0
625,PAYMENT,1234.58,C761414,1462.06,227.47,M330881,46575.79,47810.37,0,0
390,PAYMENT,6639.94,C934354,13534.95,6895.0,M294152,581.37,7221.31,0,0
165,PAYMENT,1998.68,C987395,3754.6,1755.92,M271349,511.24,2509.92,0,0
726,CASH_OUT,548.86,C516704,697.29,148.42,C752158,36339.44,36888.31,0,0
97,CASH_OUT,1070.56,C372544,1383.18,312.62,C634633,37329.41,38399.97,0,0
105,CASH_OUT,500.13,C497783,965.52,465.39,C699095,37637.91,38138.03,0,0
625,TRANSFER,1560.91,C550985,4334.23,2773.32,C146032,33941.55,35502.45,0,0
79,CASH_OUT,212.83,C986854,668.25,455.42,C434071,2366.04,2578.87,0,0
146,CASH_IN,5016.59,C925837,10005.19,4988.6,C980432,27150.55,32167.14,0,0
52,CASH_IN,1187.49,C949326,3727.11,2539.62,C789995,43008.69,44196.18,0,0
298,PAYMENT,6079.88,C570949,14283.59,8203.71,M915943,41462.42,47542.3,0,0
65,CASH_IN,615.78,C858741,1939.91,1324.13,C656862,9653.55,10269.33,0,0
697,PAYMENT,1990.86,C209779,4992.01,3001.16,M118557,43857.29,45848.15,0,0
413,CASH_OUT,6513.99,C665369,15355.36,8841.38,C854981,35590.51,42104.49,0,0
398,CASH_OUT,8761.28,C573656,33921.3,25160.03,C126081,14538.59,23299.87,0,0
114,PAYMENT,6126.19,C640850,19472.23,13346.04,M993824,4353.9,10480.09,0,0
219,CASH_OUT,2129.81,C443003,6243.33,4113.52,C767712,11008.14,13137.95,0,0
612,CASH_IN,8496.92,C104011,36354.06,27857.14,C119782,44465.47,52962.39,0,0
108,PAYMENT,1756.53,C874751,4520.06,2763.52,M463154,27455.49,29212.02,0,0
2,PAYMENT,1400.29,C406024,4219.6,2819.31,M214003,39923.81,41324.1,0,0
129,PAYMENT,2871.87,C900812,3876.41,1004.54,M832256,19179.48,22051.35,0,0
279,CASH_IN,924.57,C484096,1889.53,964.95,C664174,48495.99,49420.56,0,0
548,PAYMENT,1842.79,C478422,8829.0,6986.22,M310809,7489.35,9332.14,0,0
609,TRANSFER,2373.58,C737506,6913.37,4539.79,C622070,38514.51,40888.09,0,0
413,PAYMENT,9835.8,C913087,45938.96,36103.16,M221118,44429.71,54265.51,0,0
594,CASH_IN,6108.1,C266405,19835.79,13727.69,C103174,33734.6,39842.7,0,0
10,PAYMENT,3276.24,C910192,13948.71,10672.47,M765673,19415.11,22691.35,0,0
627,PAYMENT,1347.85,C250056,4813.42,3465.57,M974527,30246.8,31594.65,0,0
527,CASH_OUT,851.2,C317726,2455.92,1604.72,C974609,23889.51,24740.72,0,0
199,TRANSFER,1960.78,C696682,2527.66,566.88,C429801,29001.4,30962.18,0,0
537,CASH_OUT,1811.77,C639767,2395.74,583.97,C219392,7784.58,9596.35,0,0
657,PAYMENT,6714.9,C402039,17385.45,10670.55,M365864,12654.76,19369.66,0,0
337,PAYMENT,3057.23,C299316,10169.13,7111.9,M820785,35877.44,38934.67,0,0
695,PAYMENT,395.47,C931187,1782.15,1386.68,M133324,36579.06,36974.52,0,0
82,PAYMENT,7833.0,C336538,11433.24,3600.25,M678963,689.94,8522.94,0,0
376,CASH_OUT,278.07,C838276,564.01,285.93,C389014,23519.3,23797.37,0,0
531,PAYMENT,2438.8,C221169,9183.71,6744.91,M269439,13456.68,15895.48,0,0
693,PAYMENT,8820.52,C934123,28351.2,19530.69,M268112,15311.98,24132.5,0,0
696,PAYMENT,2090.17,C205315,9183.99,7093.82,M419348,18481.14,20571.31,0,0
630,CASH_OUT,5823.39,C115896,25507.38,19683.99,C189353,20055.14,25878.53,0,0
118,CASH_OUT,4937.54,C703471,11988.01,7050.47,C455398,31919.83,36857.38,0,0
233,PAYMENT,519.07,C152344,1757.42,1238.36,M870348,24492.13,25011.2,0,0
724,PAYMENT,12068.25,C542765,46589.47,34521.23,M882955,47878.17,59946.42,0,0
286,PAYMENT,11555.01,C135709,36312.05,24757.05,M930049,31105.39,42660.4,0,0
282,TRANSFER,293.49,C807788,319.42,25.93,C892879,18219.08,18512.57,0,0
380,CASH_OUT,9872.75,C453791,29316.63,19443.88,C394499,35192.85,45065.6,0,0
78,CASH_OUT,3759.06,C103089,4788.15,1029.09,C985259,44921.17,48680.22,0,0
180,DEBIT,3283.58,C337103,8453.71,5170.13,C869042,23935.07,27218.64,0,0
84,CASH_IN,422.92,C860330,1737.01,1314.09,C935726,42453.61,42876.53,0,0
192,DEBIT,4812.98,C814114,20003.18,15190.2,C950012,6395.77,11208.75,0,0
529,TRANSFER,6438.96,C501954,24579.71,18140.75,C596246,46465.55,52904.5,0,0
526,PAYMENT,4269.76,C496456,7563.81,3294.05,M565417,5089.38,9359.15,0,0
634,PAYMENT,5593.93,C879110,23753.45,18159.51,M225865,24372.56,29966.49,0,0
397,CASH_OUT,8101.95,C430763,26985.53,18883.58,C121584,6643.31,14745.27,0,0
330,CASH_OUT,3945.34,C270824,13783.13,9837.78,C850593,30322.22,34267.57,0,0
520,PAYMENT,613.14,C764687,2398.63,1785.49,M123331,40750.81,41363.95,0,0
477,TRANSFER,6882.82,C642955,27530.02,20647.19,C437201,40353.28,47236.11,0,0
478,CASH_IN,9057.73,C408645,27259.13,18201.4,C494485,16730.26,25787.99,0,0
701,TRANSFER,8963.57,C894865,9393.93,430.36,C607173,27864.34,36827.91,0,0
563,PAYMENT,12672.58,C261149,38930.7,26258.12,M339654,30902.22,43574.8,0,0
443,CASH_OUT,2236.09,C222989,9800.03,7563.94,C510616,6154.74,8390.83,0,0
180,TRANSFER,2297.42,C739207,9575.05,7277.63,C871965,20414.2,22711.62,0,0
343,PAYMENT,261.71,C964785,720.12,458.41,M451136,42277.68,42539.39,0,0
229,PAYMENT,2186.57,C749837,7238.54,5051.97,M533917,28759.9,30946.47,0,0
88,CASH_OUT,1020.95,C739169,2671.8,1650.85,C545625,49666.63,50687.58,0,0
218,CASH_IN,3313.96,C766514,12604.51,9290.55,C597873,14617.69,17931.64,0,0
741,PAYMENT,887.41,C880427,1828.81,941.4,M448951,8903.08,9790.49,0,0
546,PAYMENT,2426.87,C187453,11287.88,8861.01,M783189,30712.97,33139.84,0,0
13,PAYMENT,971.05,C365470,2972.59,2001.54,M782954,5567.17,6538.22,0,0
108,CASH_IN,1756.15,C137860,5993.49,4237.34,C302630,4445.9,6202.05,0,0
282,CASH_IN,1585.51,C255976,1808.85,223.34,C815295,37435.89,39021.4,0,0
397,CASH_OUT,3518.98,C678921,5366.98,1848.0,C117143,15829.74,19348.72,0,0
639,CASH_OUT,1338.41,C946533,4687.0,3348.59,C258272,8165.45,9503.86,0,0
11,CASH_OUT,19021.41,C969360,53281.02,34259.61,C251770,13000.25,32021.67,0,0
487,PAYMENT,588.84,C156116,1068.23,479.4,M244233,38568.53,39157.36,0,0
409,PAYMENT,1785.19,C241835,3940.33,2155.14,M955876,2351.15,4136.34,0,0
694,CASH_OUT,13297.67,C445452,23240.69,9943.01,C544783,22541.06,35838.74,0,0
570,TRANSFER,1228.28,C871271,2860.28,1632.0,C447236,35190.02,36418.3,0,0
307,PAYMENT,5698.17,C169202,22531.62,16833.45,M399189,3657.83,9356.0,0,0
307,PAYMENT,10919.29,C915907,51037.73,40118.43,M336824,2826.13,13745.42,0,0
215,TRANSFER,2095.35,C857666,9383.26,7287.91,C498845,9442.55,11537.9,0,0
63,CASH_OUT,3246.78,C583761,9600.43,6353.65,C883566,7100.55,10347.33,0,0
28,PAYMENT,310.83,C320326,683.73,372.9,M823807,23978.28,24289.11,0,0
730,PAYMENT,10872.73,C665158,48517.23,37644.5,M353017,29072.2,39944.93,0,0
561,PAYMENT,5657.9,C494051,7411.46,1753.56,M380790,14474.53,20132.43,0,0
561,CASH_OUT,237.05,C453330,586.23,349.18,C466378,48962.08,49199.13,0,0
610,CASH_IN,2301.52,C433260,5613.13,3311.61,C565806,27039.69,29341.21,0,0
539,TRANSFER,1807.45,C596753,8796.55,6989.1,C815768,35009.73,36817.18,0,0
503,TRANSFER,208.11,C140633,813.18,605.08,C308726,43763.68,43971.78,0,0
246,CASH_OUT,341553.59,C552558,341553.59,0.0,C377648,25630.76,367184.35,1,1
37,CASH_IN,1372.96,C133635,2431.12,1058.15,C310387,6889.03,8261.99,0,0
19,TRANSFER,736.1,C139236,1715.8,979.69,C366294,47026.26,47762.36,0,0
42,PAYMENT,288.68,C435834,808.58,519.9,M396379,13110.06,13398.74,0,0
128,PAYMENT,455.93,C337268,1769.84,1313.91,M579280,14450.34,14906.27,0,0
145,CASH_OUT,2307.05,C130270,7898.4,5591.35,C332931,21703.41,24010.47,0,0
306,PAYMENT,5122.58,C710224,23426.66,18304.09,M595395,21925.58,27048.15,0,0
378,PAYMENT,2594.27,C536442,12025.65,9431.37,M441524,39366.9,41961.17,0,0
92,CASH_IN,11550.98,C657749,35066.9,23515.91,C358072,22914.83,34465.81,0,0
156,PAYMENT,2336.95,C784050,5368.72,3031.77,M887839,47631.12,49968.08,0,0
193,CASH_OUT,1843.07,C481164,5142.54,3299.48,C985733,36635.09,38478.15,0,0
55,PAYMENT,529.02,C646774,2369.34,1840.32,M473957,23875.21,24404.23,0,0
371,PAYMENT,1592.65,C700338,6652.08,5059.43,M647026,31448.2,33040.85,0,0
504,PAYMENT,716.27,C256688,3468.9,2752.63,M595898,27108.24,27824.51,0,0
258,TRANSFER,4723.88,C676250,23532.87,18808.99,C714342,14731.8,19455.68,0,0
81,CASH_IN,457.03,C632125,558.87,101.84,C280427,6896.58,7353.61,0,0
196,CASH_OUT,2846.78,C318168,10760.51,7913.72,C248178,26000.77,28847.55,0,0
210,TRANSFER,754.1,C815003,1913.96,1159.86,C717736,17674.47,18428.57,0,0
271,PAYMENT,1532.33,C490508,4681.99,3149.65,M805611,39933.92,41466.25,0,0
660,PAYMENT,989.34,C331226,2985.83,1996.49,M555775,13412.04,14401.38,0,0
103,TRANSFER,12036.03,C297286,39535.91,27499.88,C982608,43239.86,55275.89,0,0
82,CASH_IN,3162.23,C805937,12244.33,9082.1,C378011,18916.16,22078.39,0,0
38,PAYMENT,3146.4,C659650,12184.96,9038.56,M350449,6658.88,9805.28,0,0
389,TRANSFER,6458.68,C840045,14803.04,8344.35,C207669,44506.1,50964.79,0,0
159,PAYMENT,4767.6,C345847,5752.73,985.13,M327544,2940.08,7707.68,0,0
1,CASH_OUT,334556.1,C979401,334556.1,0.0,C715781,35558.0,370114.1,1,1
380,CASH_IN,1953.33,C900889,5428.0,3474.68,C954032,29038.98,30992.3,0,0
196,TRANSFER,304983.95,C929414,304983.95,0.0,C591638,19044.52,19044.52,1,1
674,PAYMENT,3273.43,C397515,12957.29,9683.86,M865710,10943.01,14216.44,0,0
78,DEBIT,1990.84,C714229,4456.85,2466.0,C882409,46922.38,48913.22,0,0
563,PAYMENT,877.04,C629783,2097.25,1220.21,M128481,31201.63,32078.66,0,0
4,PAYMENT,4497.91,C847465,9376.2,4878.29,M390696,38136.25,42634.15,0,0
731,TRANSFER,7140.64,C356323,32035.36,24894.72,C975512,21208.12,28348.76,0,0
168,CASH_OUT,1190.92,C190925,3249.93,2059.01,C690669,5028.63,6219.55,0,0
141,TRANSFER,1413.13,C365976,1757.4,344.27,C656620,35227.48,36640.61,0,0
180,PAYMENT,777.65,C486154,3472.16,2694.51,M544854,22487.11,23264.76,0,0
227,DEBIT,14552.66,C461484,67509.42,52956.76,C372168,42663.62,57216.28,0,0
693,CASH_OUT,2243.47,C985375,5804.22,3560.75,C132940,21844.92,24088.39,0,0
547,TRANSFER,3130.54,C661001,14262.73,11132.19,C547603,28680.6,31811.13,0,0
162,TRANSFER,184780.45,C985829,184780.45,0.0,C628168,14822.24,14822.24,1,0
447,TRANSFER,1144.93,C148784,3269.85,2124.92,C213034,7097.57,8242.5,0,0
326,CASH_OUT,5334.46,C943352,22574.55,17240.08,C840686,38504.35,43838.81,0,0
369,DEBIT,3114.27,C713614,11166.6,8052.34,C519972,23188.99,26303.26,0,0
166,PAYMENT,7139.51,C596297,21395.28,14255.78,M640282,15178.61,22318.12,0,0
688,CASH_IN,971.08,C173313,1372.01,400.93,C849211,29459.24,30430.32,0,0
514,TRANSFER,494.96,C361420,1780.98,1286.02,C577843,43465.98,43960.94,0,0
189,PAYMENT,517.31,C801865,619.34,102.03,M264404,13245.22,13762.53,0,0
187,TRANSFER,3399.01,C952318,14751.33,11352.33,C746290,35662.4,39061.41,0,0
576,PAYMENT,3667.12,C631458,8668.51,5001.39,M244375,49884.78,53551.89,0,0
64,CASH_OUT,22219.71,C877766,28882.07,6662.36,C418174,11538.99,33758.7,0,0
102,CASH_IN,336.27,C638304,1441.7,1105.43,C387166,32492.34,32828.61,0,0
611,TRANSFER,5211.7,C176478,20884.2,15672.51,C505377,29624.1,34835.8,0,0
210,PAYMENT,3243.68,C232283,13948.3,10704.62,M493445,42987.36,46231.04,0,0
189,CASH_IN,1226.36,C513166,3178.54,1952.18,C770533,46608.21,47834.57,0,0
689,CASH_IN,3894.52,C406521,16620.12,12725.59,C298910,37602.51,41497.03,0,0
236,PAYMENT,1570.53,C955695,5760.28,4189.76,M212036,5575.2,7145.72,0,0
259,CASH_IN,7852.04,C378676,21955.49,14103.45,C575573,23235.53,31087.57,0,0
155,DEBIT,1082.03,C818730,2905.48,1823.45,C628839,42022.55,43104.58,0,0
609,CASH_OUT,476.08,C207967,2211.13,1735.05,C194455,41115.12,41591.2,0,0
264,DEBIT,2117.16,C291758,5016.78,2899.62,C935165,27550.58,29667.74,0,0
666,CASH_OUT,7230.46,C281062,12709.52,5479.05,C752694,20356.82,27587.29,0,0
425,DEBIT,161.79,C786093,193.5,31.71,C219156,28852.13,29013.91,0,0
225,TRANSFER,18490.02,C740816,89976.8,71486.78,C794186,22316.58,40806.6,0,0
220,CASH_OUT,7925.97,C166617,29783.15,21857.18,C741857,14548.0,22473.96,0,0
537,CASH_OUT,382.0,C965404,1165.62,783.62,C558818,17493.4,17875.4,0,0
6,CASH_OUT,5422.79,C364395,20677.67,15254.89,C985540,41805.68,47228.47,0,0
404,CASH_IN,1279.72,C990752,4558.08,3278.36,C327444,16051.02,17330.74,0,0
628,CASH_IN,924.67,C957303,3842.64,2917.97,C236149,38841.32,39765.98,0,0
492,PAYMENT,2412.89,C150711,2554.25,141.37,M663739,46096.62,48509.51,0,0
484,CASH_IN,654.9,C195119,2346.99,1692.08,C953262,12027.52,12682.42,0,0
705,CASH_OUT,2179.55,C154225,5714.52,3534.98,C289921,49212.43,51391.97,0,0
103,CASH_IN,299.65,C841067,1298.11,998.46,C360102,23161.34,23460.99,0,0
49,CASH_IN,482.3,C307302,1748.95,1266.65,C898623,45395.78,45878.09,0,0
644,TRANSFER,838.51,C203535,2585.58,1747.07,C927165,23718.46,24556.97,0,0
310,PAYMENT,3091.39,C291812,9456.99,6365.6,M212255,25906.39,28997.79,0,0
307,PAYMENT,3709.28,C531779,6634.9,2925.62,M585443,5331.7,9040.97,0,0
292,PAYMENT,730.86,C724705,1095.16,364.3,M625332,18612.02,19342.87,0,0
612,CASH_OUT,1182.85,C549871,1367.4,184.55,C195419,23050.56,24233.4,0,0
671,PAYMENT,2035.53,C120655,4818.09,2782.56,M550400,9579.47,11615.0,0,0
99,PAYMENT,594.69,C880498,2704.77,2110.07,M801562,14113.73,14708.42,0,0
229,DEBIT,2181.92,C858795,6451.85,4269.93,C392706,11278.56,13460.48,0,0
389,CASH_OUT,9991.01,C644392,16975.98,6984.97,C486480,43799.81,53790.82,0,0
100,CASH_IN,1208.35,C776760,1226.25,17.9,C410414,8546.78,9755.13,0,0
390,CASH_OUT,162596.4,C531544,162596.4,0.0,C530000,31337.67,193934.07,1,0
172,CASH_IN,9689.74,C670217,47665.9,37976.16,C223199,43493.37,53183.1,0,0
102,PAYMENT,8510.91,C455288,17690.1,9179.19,M426968,41074.01,49584.92,0,0
461,PAYMENT,3905.4,C915915,18987.24,15081.84,M107265,45832.81,49738.21,0,0
236,CASH_OUT,1577.22,C121058,1966.88,389.65,C346301,36850.33,38427.55,0,0
114,PAYMENT,6024.03,C892473,15139.96,9115.93,M178209,4875.65,10899.68,0,0
62,TRANSFER,4420.08,C739446,20440.24,16020.16,C101468,7317.84,11737.92,0,0
172,PAYMENT,3142.66,C838925,14817.82,11675.16,M468697,25088.8,28231.46,0,0
106,CASH_OUT,768.91,C701158,1879.88,1110.97,C642462,32046.46,32815.36,0,0
454,CASH_OUT,222.53,C285541,787.7,565.17,C117194,43017.15,43239.68,0,0
188,CASH_OUT,1952.31,C729721,6671.47,4719.16,C610609,31685.92,33638.24,0,0
597,CASH_OUT,243115.94,C447761,243115.94,0.0,C313482,13857.22,256973.16,1,1
255,PAYMENT,3504.84,C992018,15869.55,12364.72,M181171,47974.67,51479.51,0,0
488,CASH_IN,1927.63,C418166,7805.82,5878.2,C883258,7621.87,9549.5,0,0
552,CASH_OUT,2706.68,C451931,4868.0,2161.32,C317256,37651.94,40358.61,0,0
229,CASH_OUT,5970.92,C736548,20024.83,14053.91,C532859,10932.77,16903.7,0,0
689,TRANSFER,7161.23,C560522,26332.36,19171.13,C765329,22680.23,29841.46,0,0
117,CASH_OUT,19127.65,C864325,55866.78,36739.13,C134160,24551.34,43678.99,0,0
646,DEBIT,2199.63,C871143,8523.11,6323.48,C506491,29518.66,31718.29,0,0
446,PAYMENT,8721.37,C513606,20422.2,11700.83,M437547,47637.07,56358.44,0,0
99,CASH_OUT,2234.1,C997748,3569.52,1335.42,C515976,46531.81,48765.91,0,0
394,CASH_OUT,729.31,C883077,1914.69,1185.38,C755337,46365.98,47095.29,0,0
632,CASH_IN,1655.21,C775025,5833.72,4178.52,C170246,35887.47,37542.68,0,0
329,PAYMENT,3754.74,C907040,7441.2,3686.47,M443130,36019.29,39774.02,0,0
604,CASH_OUT,386.62,C551989,898.36,511.75,C919555,12790.23,13176.85,0,0
139,CASH_OUT,1055.92,C934089,2243.97,1188.05,C167560,20850.8,21906.72,0,0
299,TRANSFER,4342.08,C850401,9543.16,5201.08,C421701,13808.42,18150.5,0,0
543,DEBIT,654.88,C442808,1073.13,418.25,C181199,39609.12,40264.0,0,0
437,CASH_OUT,1710.05,C923578,6975.16,5265.11,C664585,40641.29,42351.34,0,0
379,TRANSFER,2414.94,C162119,11084.87,8669.94,C790681,45434.18,47849.12,0,0
76,DEBIT,956.64,C732900,3030.74,2074.1,C477224,48426.34,49382.98,0,0
85,CASH_IN,279.01,C567616,446.32,167.31,C548934,27110.27,27389.28,0,0
606,TRANSFER,2791.1,C923271,8402.66,5611.56,C993544,13260.04,16051.13,0,0
539,CASH_IN,3937.6,C199244,16894.77,12957.17,C591860,1157.42,5095.02,0,0
20,TRANSFER,255330.61,C152127,255330.61,0.0,C886885,25161.02,25161.02,1,1
681,PAYMENT,3756.99,C439851,6347.61,2590.62,M582863,43683.53,47440.52,0,0
371,CASH_OUT,3177.59,C375381,6561.48,3383.89,C938018,2051.46,5229.05,0,0
468,TRANSFER,5001.03,C551067,7650.99,2649.96,C417455,27572.32,32573.35,0,0
498,PAYMENT,1332.87,C376735,1336.22,3.35,M721535,48173.16,49506.03,0,0
728,PAYMENT,2176.57,C490732,3063.67,887.1,M684379,1288.05,3464.63,0,0
507,CASH_IN,4276.25,C259912,5929.28,1653.04,C713655,14071.12,18347.37,0,0
305,TRANSFER,259.35,C270457,559.31,299.96,C755313,22838.62,23097.97,0,0
541,CASH_OUT,2569.26,C487128,10941.19,8371.93,C782986,46840.07,49409.33,0,0
186,TRANSFER,6698.24,C435510,19906.71,13208.47,C552333,23859.17,30557.42,0,0
743,CASH_OUT,9642.12,C718821,37645.2,28003.08,C141954,45929.75,55571.87,0,0
632,TRANSFER,495.39,C821754,968.67,473.28,C564271,47489.42,47984.81,0,0
218,PAYMENT,2175.61,C583042,4007.12,1831.51,M801433,34634.36,36809.97,0,0
16,CASH_OUT,2175.31,C830896,10576.5,8401.19,C568255,19178.75,21354.06,0,0
134,TRANSFER,907.3,C192115,3481.47,2574.18,C964358,1546.92,2454.22,0,0
567,CASH_OUT,4841.72,C951853,5854.21,1012.48,C660309,42700.86,47542.58,0,0
711,TRANSFER,1445.83,C327600,6685.02,5239.19,C804397,6768.54,8214.37,0,0
232,PAYMENT,561.63,C701946,839.5,277.87,M265912,29372.17,29933.8,0,0
187,CASH_IN,2854.75,C974722,5934.95,3080.19,C579551,35268.74,38123.49,0,0
182,CASH_OUT,84093.81,C929374,84093.81,0.0,C116138,195.92,84289.73,1,0
433,CASH_OUT,1348.7,C225604,2164.74,816.04,C987246,14591.4,15940.1,0,0
541,TRANSFER,55408.7,C522275,55408.7,0.0,C812917,5116.61,5116.61,1,0
166,CASH_OUT,2298.21,C961596,5622.96,3324.74,C469802,5865.82,8164.03,0,0
229,CASH_OUT,58241.17,C829992,58241.17,0.0,C709762,20181.29,78422.46,1,0
395,CASH_OUT,280.72,C100294,351.35,70.64,C911028,9773.67,10054.38,0,0
171,CASH_IN,3934.49,C948689,11700.86,7766.37,C903990,46197.11,50131.6,0,0
141,CASH_IN,322.8,C580674,903.94,581.13,C177924,10633.61,10956.42,0,0
661,PAYMENT,289.95,C159946,1015.81,725.86,M598782,3198.21,3488.16,0,0
226,CASH_IN,135.21,C593377,612.47,477.25,C773166,28798.1,28933.32,0,0
407,TRANSFER,508.43,C404543,1300.59,792.16,C930445,12432.69,12941.11,0,0
326,PAYMENT,610.13,C257541,965.53,355.41,M232385,35022.87,35632.99,0,0
680,CASH_IN,4220.97,C755915,6852.35,2631.38,C645611,12550.41,16771.38,0,0
313,CASH_IN,3403.95,C566389,3421.22,17.27,C473410,44753.36,48157.31,0,0
116,CASH_IN,1147.05,C954295,2694.25,1547.2,C722215,20411.89,21558.94,0,0
618,CASH_IN,4227.64,C526976,8345.84,4118.2,C924624,46617.13,50844.77,0,0
354,PAYMENT,1698.02,C588161,4233.86,2535.84,M250534,7994.82,9692.83,0,0
639,TRANSFER,1769.08,C497797,2103.26,334.18,C505123,9233.77,11002.85,0,0
490,CASH_OUT,3124.31,C882046,14513.54,11389.24,C277129,27927.91,31052.22,0,0
250,DEBIT,3716.98,C848294,13391.9,9674.92,C354870,43407.66,47124.64,0,0
701,PAYMENT,974.43,C600850,3816.68,2842.25,M214897,25264.38,26238.81,0,0
41,PAYMENT,5688.18,C902194,22072.68,16384.49,M217798,4763.72,10451.9,0,0
119,PAYMENT,1489.92,C582450,2178.9,688.97,M949662,19737.23,21227.15,0,0
284,CASH_OUT,949.31,C609698,1406.82,457.5,C728580,42651.09,43600.4,0,0
105,TRANSFER,282.67,C523915,1259.09,976.41,C275324,17376.92,17659.59,0,0
379,TRANSFER,337.58,C702294,1079.45,741.87,C870759,29747.88,30085.46,0,0
444,CASH_OUT,2827.02,C909216,11917.14,9090.12,C778387,25689.82,28516.84,0,0
289,TRANSFER,478.48,C991255,1503.33,1024.84,C230466,4714.61,5193.09,0,0
199,CASH_OUT,4294.57,C135757,9341.45,5046.88,C927543,33766.6,38061.17,0,0
302,PAYMENT,4351.44,C281549,4729.14,377.71,M267973,31743.81,36095.25,0,0
136,TRANSFER,1702.38,C942000,5283.82,3581.44,C464206,40535.57,42237.95,0,0
308,CASH_OUT,1565.92,C576857,2783.97,1218.06,C164340,28316.43,29882.35,0,0
197,PAYMENT,3469.11,C309720,10539.29,7070.18,M221070,27514.61,30983.72,0,0
302,TRANSFER,1426.31,C878928,5320.69,3894.38,C786296,43638.68,45064.99,0,0
11,TRANSFER,2015.68,C647200,2776.78,761.1,C180771,6722.44,8738.12,0,0
253,PAYMENT,1095.07,C332682,3921.38,2826.32,M528886,32723.1,33818.17,0,0
708,DEBIT,7192.73,C890073,19107.66,11914.94,C187132,35044.29,42237.01,0,0
192,PAYMENT,2655.83,C600585,3054.51,398.68,M127197,28676.9,31332.73,0,0
240,TRANSFER,8924.11,C501752,20032.66,11108.55,C741687,10848.38,19772.49,0,0
428,PAYMENT,2320.78,C448058,6548.93,4228.15,M281902,29316.17,31636.95,0,0
223,TRANSFER,324780.49,C375478,324780.49,0.0,C894335,30772.57,30772.57,1,1
270,PAYMENT,240.75,C491407,954.65,713.89,M907274,41466.71,41707.46,0,0
389,PAYMENT,4201.07,C469061,15049.85,10848.78,M334975,44656.91,48857.99,0,0
579,CASH_IN,1182.88,C329767,5125.13,3942.25,C492144,21626.12,22809.0,0,0
52,CASH_OUT,16450.61,C893327,34736.52,18285.91,C281383,25160.37,41610.98,0,0
407,CASH_IN,2131.7,C357137,6811.05,4679.35,C401075,39916.14,42047.85,0,0
528,PAYMENT,7781.18,C639828,18023.5,10242.32,M856572,16072.09,23853.26,0,0
617,CASH_OUT,903.92,C872783,1589.15,685.24,C333867,6717.97,7621.89,0,0
608,CASH_IN,5123.23,C914506,15474.53,10351.3,C513811,49424.34,54547.57,0,0
163,PAYMENT,3192.94,C267567,4507.22,1314.28,M113703,36641.44,39834.39,0,0
96,TRANSFER,4744.94,C502932,9530.58,4785.64,C919781,24795.11,29540.05,0,0
133,TRANSFER,7354.85,C978087,28182.06,20827.2,C885786,35825.78,43180.63,0,0
691,PAYMENT,644.21,C442176,3219.68,2575.47,M636350,31307.61,31951.82,0,0
635,CASH_OUT,20260.44,C783565,55136.21,34875.77,C188887,16354.79,36615.23,0,0
647,PAYMENT,4570.72,C992016,8783.0,4212.28,M494283,34417.47,38988.19,0,0
128,CASH_OUT,1192.14,C250635,5061.65,3869.52,C802682,3240.31,4432.45,0,0
443,PAYMENT,10354.71,C567210,40437.37,30082.66,M352773,11374.27,21728.98,0,0
379,TRANSFER,5005.19,C540523,17458.28,12453.09,C803700,27233.93,32239.11,0,0
552,CASH_OUT,3510.35,C613223,3651.42,141.07,C934799,10144.6,13654.95,0,0
692,TRANSFER,4489.7,C838157,15333.1,10843.4,C840150,15296.84,19786.55,0,0
129,TRANSFER,7867.52,C722825,20812.12,12944.6,C949104,7688.64,15556.16,0,0
605,PAYMENT,392.08,C311979,1136.17,744.09,M943810,993.48,1385.55,0,0
447,PAYMENT,2970.39,C413572,6289.44,3319.05,M472646,17769.09,20739.47,0,0
344,CASH_OUT,5717.01,C594476,17344.92,11627.91,C812222,12028.64,17745.65,0,0
359,CASH_IN,692.34,C354657,1317.28,624.94,C387740,10984.01,11676.34,0,0
16,CASH_OUT,4679.69,C484903,18446.67,13766.97,C369388,4460.9,9140.6,0,0
229,CASH_OUT,9222.06,C592134,9557.67,335.62,C300658,4232.9,13454.96,0,0
326,TRANSFER,264368.7,C510949,264368.7,0.0,C251152,31170.59,31170.59,1,1
165,PAYMENT,2661.77,C534368,13088.04,10426.28,M520466,34969.94,37631.71,0,0
530,CASH_OUT,1435.89,C787810,4214.14,2778.24,C184433,15082.86,16518.76,0,0
718,PAYMENT,2925.79,C369209,2944.53,18.74,M793044,14519.34,17445.14,0,0
657,PAYMENT,810.89,C715429,2682.22,1871.33,M346476,8164.65,8975.54,0,0
118,TRANSFER,2990.26,C763779,3060.41,70.15,C541168,4386.24,7376.5,0,0
149,CASH_IN,6212.48,C297127,7703.68,1491.2,C416759,19123.35,25335.84,0,0
387,CASH_IN,10059.9,C996977,39819.63,29759.73,C728373,4787.68,14847.58,0,0
558,PAYMENT,4543.14,C309272,9758.43,5215.29,M535583,12869.44,17412.58,0,0
152,CASH_OUT,2408.17,C405163,6168.06,3759.89,C293691,45498.6,47906.77,0,0
684,CASH_IN,3149.52,C364019,9870.34,6720.82,C612447,30021.48,33171.0,0,0
203,TRANSFER,1146.27,C934507,4899.6,3753.33,C110794,45030.23,46176.5,0,0
23,PAYMENT,3354.98,C747601,4121.19,766.21,M907784,33804.88,37159.87,0,0
600,CASH_OUT,884.84,C154213,1966.83,1081.99,C899458,26462.78,27347.62,0,0
106,CASH_OUT,1278.28,C660113,1641.87,363.6,C379078,17610.02,18888.29,0,0
455,TRANSFER,3935.69,C564535,12195.48,8259.79,C592232,32149.05,36084.74,0,0
128,CASH_OUT,1929.42,C850378,7159.54,5230.12,C882533,11723.34,13652.76,0,0
323,PAYMENT,2508.76,C539717,5148.78,2640.02,M812494,36357.12,38865.89,0,0
57,CASH_IN,425.37,C567543,1897.15,1471.78,C993441,16370.69,16796.06,0,0
84,TRANSFER,1452.74,C178113,2237.1,784.36,C589847,15160.75,16613.49,0,0
467,PAYMENT,4902.71,C196651,22425.19,17522.48,M346549,37961.07,42863.78,0,0
404,PAYMENT,588.7,C144484,1402.57,813.88,M701802,40481.27,41069.96,0,0
24,DEBIT,3064.76,C991317,10511.79,7447.03,C615609,26396.32,29461.08,0,0
706,TRANSFER,1029.3,C271172,4588.2,3558.9,C236016,15813.74,16843.04,0,0
698,TRANSFER,4106.94,C351881,7520.47,3413.53,C131629,40047.95,44154.89,0,0
716,CASH_OUT,2988.39,C362199,11844.6,8856.2,C873372,33262.09,36250.48,0,0
634,TRANSFER,188.11,C771253,191.05,2.95,C604609,11746.78,11934.89,0,0
110,DEBIT,9403.5,C948039,29906.27,20502.77,C641228,33242.58,42646.08,0,0
452,TRANSFER,961.87,C764197,1463.79,501.91,C246479,1122.6,2084.48,0,0
638,PAYMENT,2312.85,C886918,7783.22,5470.37,M910194,44398.62,46711.48,0,0
165,PAYMENT,3095.41,C632860,12834.61,9739.2,M606528,1355.76,4451.17,0,0
578,DEBIT,2254.27,C590391,4270.52,2016.24,C511267,46706.03,48960.3,0,0
37,CASH_OUT,113.43,C905408,221.48,108.04,C492761,46953.16,47066.59,0,0
467,CASH_OUT,6821.73,C315432,26942.37,20120.64,C530779,44169.18,50990.92,0,0
623,CASH_IN,1934.25,C565448,4157.87,2223.63,C914294,28115.02,30049.26,0,0
71,PAYMENT,11628.69,C650049,19795.75,8167.05,M889694,9289.12,20917.81,0,0
9,PAYMENT,1251.98,C230334,2051.99,800.01,M574081,8621.15,9873.12,0,0
169,TRANSFER,2669.73,C666819,9191.7,6521.97,C304335,13582.84,16252.57,0,0
597,CASH_IN,3638.12,C737031,6035.36,2397.24,C868741,21776.65,25414.77,0,0
426,PAYMENT,1412.51,C516512,4735.56,3323.04,M423860,7345.02,8757.53,0,0
65,CASH_OUT,1888.06,C374541,7766.28,5878.21,C420032,47090.13,48978.19,0,0
354,TRANSFER,567.19,C223662,808.92,241.74,C869776,34573.7,35140.89,0,0
540,CASH_IN,1413.18,C922922,1967.4,554.22,C865723,26577.45,27990.63,0,0
99,TRANSFER,6065.12,C719212,29304.55,23239.42,C368602,41301.27,47366.39,0,0
709,PAYMENT,296.19,C697121,1085.86,789.67,M193476,40473.04,40769.23,0,0
132,TRANSFER,3286.2,C100801,13925.94,10639.75,C730826,40107.56,43393.75,0,0
586,CASH_IN,948.45,C781065,4025.62,3077.17,C815663,10263.51,11211.96,0,0
716,CASH_IN,1298.35,C942667,5728.01,4429.66,C376999,19687.42,20985.76,0,0
330,CASH_IN,695.81,C190410,1716.24,1020.43,C119731,31146.51,31842.31,0,0
178,PAYMENT,412.47,C208073,1912.95,1500.48,M319894,10084.38,10496.85,0,0
68,TRANSFER,6860.47,C642994,18713.12,11852.65,C274588,19611.91,26472.38,0,0
179,PAYMENT,1486.07,C799495,5218.83,3732.76,M531231,14121.92,15607.99,0,0
711,PAYMENT,8489.35,C674120,41012.62,32523.27,M927363,4346.76,12836.11,0,0
23,CASH_OUT,1380.5,C174408,2221.45,840.95,C748140,13566.79,14947.29,0,0
85,PAYMENT,1494.39,C905983,3197.47,1703.08,M250453,24175.04,25669.43,0,0
680,CASH_OUT,52933.81,C166691,52933.81,0.0,C765442,3756.15,56689.96,1,0
382,CASH_IN,9495.07,C910658,17352.12,7857.05,C863210,18231.84,27726.91,0,0
253,TRANSFER,6404.2,C373438,25767.6,19363.4,C388569,24428.41,30832.61,0,0
104,PAYMENT,1450.13,C566962,3896.63,2446.5,M954727,11870.96,13321.08,0,0
732,CASH_OUT,5172.63,C695597,12543.85,7371.23,C833682,14067.12,19239.74,0,0
521,TRANSFER,13435.3,C611662,24213.88,10778.58,C979725,11160.28,24595.58,0,0
715,CASH_OUT,2751.53,C342223,3839.75,1088.21,C634255,40702.89,43454.42,0,0
213,CASH_IN,7458.69,C775331,23850.77,16392.08,C329192,32980.86,40439.55,0,0
77,CASH_OUT,3815.39,C589170,11623.07,7807.68,C680464,8366.78,12182.17,0,0
77,PAYMENT,3048.48,C959705,7715.46,4666.97,M998760,37980.86,41029.35,0,0
737,TRANSFER,71716.82,C765751,71716.82,0.0,C222013,14518.41,14518.41,1,0
446,PAYMENT,7594.46,C703359,8205.72,611.25,M796362,37759.99,45354.46,0,0
264,PAYMENT,2309.83,C402138,10510.09,8200.27,M334484,32242.65,34552.48,0,0
177,CASH_OUT,2752.57,C187566,7153.6,4401.03,C383473,47708.33,50460.9,0,0
255,TRANSFER,8259.5,C449454,36356.0,28096.49,C956051,21009.19,29268.69,0,0
558,CASH_OUT,6736.25,C527709,14618.07,7881.82,C289400,8789.79,15526.04,0,0
564,CASH_OUT,108238.63,C132583,108238.63,0.0,C753080,26830.38,135069.01,1,0
558,PAYMENT,2339.13,C724135,10548.59,8209.46,M722863,2493.92,4833.05,0,0
246,PAYMENT,10374.72,C645893,20364.01,9989.3,M997333,12377.47,22752.19,0,0
292,CASH_OUT,8589.68,C121274,20464.74,11875.06,C754282,31264.61,39854.29,0,0
625,TRANSFER,1813.91,C967190,4325.16,2511.24,C243435,41876.48,43690.39,0,0
158,PAYMENT,1109.14,C594209,4684.6,3575.46,M713398,14343.86,15453.0,0,0
279,PAYMENT,229.87,C697823,1059.73,829.87,M500435,4128.64,4358.51,0,0
209,CASH_OUT,11330.56,C862476,47255.79,35925.24,C660846,30388.25,41718.81,0,0
300,CASH_IN,1792.83,C566441,2884.51,1091.68,C625667,33502.09,35294.92,0,0
148,CASH_OUT,7068.21,C614031,32993.32,25925.11,C505732,49841.98,56910.2,0,0
575,CASH_OUT,1857.73,C232797,6658.45,4800.72,C967838,7955.24,9812.97,0,0
89,CASH_OUT,5651.53,C457188,8714.53,3063.0,C768036,22654.71,28306.24,0,0
617,CASH_IN,2414.39,C812992,7150.94,4736.55,C298017,6427.47,8841.86,0,0
14,CASH_OUT,2257.41,C350319,2394.43,137.02,C939949,14545.4,16802.81,0,0
221,PAYMENT,3315.4,C347066,3770.25,454.85,M863977,25129.52,28444.92,0,0
355,TRANSFER,55833.88,C165908,55833.88,0.0,C227337,48648.08,48648.08,1,0
93,PAYMENT,3086.4,C161264,10955.55,7869.15,M787318,28057.11,31143.51,0,0
192,CASH_OUT,2417.02,C897271,8682.93,6265.91,C859994,1408.74,3825.76,0,0
726,PAYMENT,413.95,C402107,564.52,150.57,M811232,46199.58,46613.52,0,0
17,PAYMENT,1396.7,C861262,3185.09,1788.39,M361413,41998.47,43395.17,0,0
743,CASH_IN,132.23,C617961,238.75,106.52,C307925,47971.7,48103.92,0,0
276,PAYMENT,2429.66,C972700,8883.83,6454.16,M710598,26638.35,29068.01,0,0
668,CASH_OUT,1935.11,C635607,3415.68,1480.57,C106475,26097.34,28032.45,0,0
393,PAYMENT,4325.72,C824135,6285.62,1959.89,M531915,38757.59,43083.31,0,0
435,TRANSFER,355.73,C332298,751.51,395.78,C692337,16563.08,16918.81,0,0
602,CASH_OUT,5153.19,C886796,5257.87,104.69,C265640,45929.05,51082.24,0,0
269,CASH_OUT,2333.07,C874008,7667.67,5334.6,C621998,2796.94,5130.02,0,0
96,PAYMENT,2148.42,C957312,7457.7,5309.28,M104507,38613.69,40762.11,0,0
735,PAYMENT,6110.93,C497693,20393.87,14282.94,M686510,25672.11,31783.03,0,0
390,PAYMENT,3144.33,C395515,12324.39,9180.06,M335132,20841.18,23985.51,0,0
73,CASH_OUT,595.61,C859036,2397.31,1801.69,C546476,14158.45,14754.07,0,0
299,CASH_IN,1763.81,C160653,7053.3,5289.49,C847895,5292.53,7056.34,0,0
82,PAYMENT,2536.12,C335068,4906.12,2370.0,M562970,20773.27,23309.39,0,0
349,TRANSFER,2331.11,C653669,3970.19,1639.09,C489913,7674.16,10005.27,0,0
712,CASH_OUT,2560.72,C152726,4367.68,1806.96,C515427,40730.28,43290.99,0,0
677,CASH_OUT,10401.45,C482601,25754.72,15353.27,C359405,7208.09,17609.53,0,0
689,CASH_IN,809.89,C563134,1628.74,818.85,C818515,20628.51,21438.4,0,0
743,TRANSFER,1188.14,C458243,3607.72,2419.58,C415594,7798.97,8987.1,0,0
325,CASH_OUT,8616.6,C231436,41224.44,32607.84,C943353,12613.42,21230.03,0,0
342,PAYMENT,6943.36,C771223,22118.5,15175.14,M178097,28689.09,35632.45,0,0
555,PAYMENT,2144.36,C852158,2539.51,395.16,M851259,27421.96,29566.31,0,0
60,PAYMENT,4266.18,C506529,7074.67,2808.48,M494775,37807.19,42073.37,0,0
718,CASH_IN,546.46,C899717,1709.19,1162.73,C504189,14583.34,15129.8,0,0
91,TRANSFER,748.47,C967050,1713.83,965.37,C737233,22290.98,23039.44,0,0
395,PAYMENT,2913.01,C780175,3501.52,588.51,M839860,2672.11,5585.12,0,0
141,CASH_OUT,6043.95,C735861,15926.85,9882.9,C375236,16675.27,22719.22,0,0
687,PAYMENT,2179.43,C858201,6064.39,3884.96,M309699,44834.39,47013.82,0,0
288,CASH_OUT,179052.77,C901693,179052.77,0.0,C906804,43750.43,222803.21,1,0
60,CASH_OUT,3865.91,C721531,4646.14,780.23,C753668,5675.86,9541.77,0,0
383,DEBIT,6897.71,C693975,32493.04,25595.33,C868576,47516.55,54414.26,0,0
268,CASH_OUT,81839.01,C395583,81839.01,0.0,C264329,24639.07,106478.07,1,0
643,PAYMENT,2439.37,C659031,5992.28,3552.91,M299824,32149.63,34589.0,0,0
366,PAYMENT,7754.64,C244938,9013.55,1258.91,M990936,45729.51,53484.15,0,0
562,CASH_OUT,340059.67,C350703,340059.67,0.0,C515882,26329.75,366389.41,1,1
247,PAYMENT,3964.5,C309633,19388.4,15423.9,M568032,30537.91,34502.41,0,0
88,CASH_IN,1088.27,C443822,3404.48,2316.21,C697597,24376.63,25464.9,0,0
539,CASH_OUT,1043.7,C326280,1452.23,408.53,C755354,29019.89,30063.59,0,0
237,PAYMENT,394.53,C583075,1961.25,1566.72,M914042,39287.4,39681.93,0,0
473,TRANSFER,1866.24,C637068,7045.91,5179.66,C148458,24721.48,26587.72,0,0
739,TRANSFER,4392.27,C994576,20918.46,16526.19,C484546,16801.4,21193.67,0,0
644,PAYMENT,14779.14,C345840,19271.61,4492.47,M812345,34100.02,48879.15,0,0
662,CASH_OUT,1199.74,C763440,4341.94,3142.21,C789317,19809.26,21008.99,0,0
597,TRANSFER,833.54,C984807,3837.31,3003.77,C662602,33872.25,34705.79,0,0
638,CASH_OUT,386.88,C904114,1202.92,816.03,C464550,20437.88,20824.77,0,0
566,PAYMENT,15326.87,C834750,49729.58,34402.71,M153024,34528.12,49855.0,0,0
462,CASH_IN,1280.32,C267932,3450.77,2170.45,C375119,32668.26,33948.59,0,0
126,CASH_OUT,4800.36,C402553,20403.7,15603.33,C896266,6864.69,11665.05,0,0
562,CASH_OUT,2315.74,C863043,6988.21,4672.47,C466338,29461.35,31777.09,0,0
216,PAYMENT,3281.88,C192416,8850.37,5568.5,M889012,22611.09,25892.97,0,0
533,CASH_OUT,1342.68,C285151,2379.15,1036.47,C913287,6250.94,7593.62,0,0
68,TRANSFER,2316.65,C364130,5724.05,3407.4,C864489,5480.69,7797.34,0,0
687,CASH_IN,4348.98,C184153,8108.7,3759.71,C817278,9578.56,13927.55,0,0
571,PAYMENT,8046.99,C359488,14829.21,6782.22,M178947,11762.93,19809.92,0,0
189,CASH_IN,5325.96,C413760,14927.73,9601.77,C362037,37803.7,43129.66,0,0
176,CASH_OUT,1135.1,C243572,4090.12,2955.02,C242617,6255.55,7390.65,0,0
41,TRANSFER,2506.75,C483426,3449.2,942.45,C808032,14890.75,17397.51,0,0
61,PAYMENT,19694.96,C467482,86307.33,66612.38,M664365,30742.5,50437.45,0,0
44,TRANSFER,6440.87,C781376,23207.45,16766.58,C767296,30901.36,37342.23,0,0
325,PAYMENT,7262.3,C516460,22157.28,14894.98,M556243,20213.39,27475.69,0,0
650,PAYMENT,2849.82,C153811,2941.11,91.29,M366145,5207.14,8056.96,0,0
433,TRANSFER,1909.23,C385815,7092.09,5182.86,C771810,21334.38,23243.61,0,0
573,DEBIT,505.34,C729021,1308.4,803.06,C226865,17173.96,17679.3,0,0
608,PAYMENT,363.7,C323687,1600.75,1237.05,M420974,11036.08,11399.78,0,0
132,DEBIT,567.72,C484793,862.43,294.72,C373280,28062.51,28630.22,0,0
39,PAYMENT,3366.04,C625204,15893.77,12527.72,M945484,41927.93,45293.97,0,0
503,CASH_IN,5238.42,C942793,15470.32,10231.89,C947883,17217.1,22455.52,0,0
643,PAYMENT,4569.9,C882065,16594.02,12024.12,M569837,47976.06,52545.96,0,0
387,CASH_OUT,6647.02,C647860,18013.58,11366.56,C662834,13975.91,20622.93,0,0
601,PAYMENT,2527.4,C913439,11023.94,8496.54,M725107,35214.02,37741.42,0,0
72,TRANSFER,845.63,C971913,1052.69,207.07,C595336,29750.35,30595.97,0,0
490,CASH_IN,2249.98,C440354,4395.81,2145.83,C274166,47119.92,49369.9,0,0
307,CASH_OUT,6872.82,C559384,21462.31,14589.49,C768640,13134.01,20006.82,0,0
411,TRANSFER,5923.7,C554623,23351.72,17428.02,C775616,33357.69,39281.39,0,0
31,TRANSFER,8934.41,C528373,10905.57,1971.17,C382081,41121.76,50056.17,0,0
19,CASH_IN,3507.95,C709981,13424.47,9916.52,C725219,15252.95,18760.89,0,0
475,CASH_IN,2443.72,C153010,8606.28,6162.56,C332084,36846.47,39290.19,0,0
278,PAYMENT,548.05,C780143,1719.9,1171.85,M802076,33918.93,34466.98,0,0
123,CASH_OUT,10188.16,C203088,12137.71,1949.56,C639473,42583.51,52771.67,0,0
339,DEBIT,1741.13,C666966,3352.12,1610.99,C317767,36875.1,38616.23,0,0
338,CASH_OUT,8704.95,C466590,37975.62,29270.67,C269807,42458.2,51163.15,0,0
495,PAYMENT,930.39,C360440,2095.91,1165.52,M217919,9352.63,10283.02,0,0
550,TRANSFER,241563.12,C144772,241563.12,0.0,C222431,2529.84,2529.84,1,1
345,PAYMENT,4048.75,C614080,5543.05,1494.3,M129048,36611.09,40659.84,0,0
214,CASH_OUT,2132.08,C441603,9817.62,7685.54,C873292,37658.12,39790.2,0,0
17,TRANSFER,6467.82,C253329,29306.51,22838.69,C200588,46141.42,52609.24,0,0
566,CASH_IN,12921.17,C115588,15312.2,2391.03,C817116,18110.82,31031.98,0,0
598,CASH_OUT,881.68,C992791,2008.78,1127.1,C242513,29794.49,30676.17,0,0
123,PAYMENT,5955.51,C171939,23879.43,17923.92,M377876,37788.99,43744.5,0,0
95,TRANSFER,236.91,C590576,825.83,588.92,C923837,39004.95,39241.85,0,0
585,CASH_OUT,267949.02,C634820,267949.02,0.0,C310126,41789.15,309738.18,1,1
333,CASH_OUT,7604.65,C906409,23659.95,16055.3,C305214,26122.68,33727.32,0,0
353,CASH_IN,367.43,C488550,445.97,78.53,C283011,46908.74,47276.18,0,0
163,CASH_OUT,2520.72,C473221,5266.14,2745.42,C937056,8885.13,11405.85,0,0
413,PAYMENT,7553.31,C972590,15307.88,7754.58,M679552,29852.75,37406.05,0,0
627,DEBIT,8074.75,C665764,16622.66,8547.91,C348292,35707.66,43782.41,0,0
590,CASH_OUT,276.44,C399907,310.78,34.34,C216189,27931.97,28208.41,0,0
723,PAYMENT,437.73,C841165,1009.73,572.0,M131541,22140.02,22577.74,0,0
624,PAYMENT,646.57,C644444,2444.7,1798.13,M841196,7535.97,8182.54,0,0
306,TRANSFER,506.44,C527557,1655.11,1148.67,C867023,46452.62,46959.06,0,0
695,TRANSFER,2836.06,C345191,8819.64,5983.59,C756520,7485.74,10321.8,0,0
336,CASH_IN,3004.33,C101095,9210.6,6206.27,C466349,36485.41,39489.74,0,0
24,CASH_OUT,4760.71,C380488,10497.0,5736.29,C855137,23437.85,28198.56,0,0
492,PAYMENT,9002.7,C826179,13634.56,4631.86,M161160,22566.05,31568.75,0,0
255,TRANSFER,4929.36,C740337,10096.01,5166.66,C753939,44145.01,49074.36,0,0
592,CASH_OUT,167461.13,C774502,167461.13,0.0,C911536,35666.09,203127.22,1,0
434,PAYMENT,1761.99,C133205,2487.56,725.56,M209084,36091.63,37853.62,0,0
22,PAYMENT,1472.74,C908036,3441.58,1968.85,M451814,1774.25,3246.99,0,0
675,TRANSFER,3603.35,C936014,7758.67,4155.32,C830151,32103.53,35706.87,0,0
519,TRANSFER,9129.65,C548402,10020.38,890.72,C863260,29280.53,38410.18,0,0
444,CASH_IN,3338.49,C811451,15810.46,12471.97,C468709,10568.94,13907.44,0,0
454,PAYMENT,1031.09,C122551,2117.75,1086.66,M148068,2372.1,3403.19,0,0
425,CASH_OUT,1780.08,C566961,8834.25,7054.17,C599755,12757.05,14537.12,0,0
155,PAYMENT,983.51,C579456,1205.84,222.33,M227192,5618.05,6601.56,0,0
568,TRANSFER,3527.05,C850782,12743.8,9216.75,C855679,3983.22,7510.27,0,0
530,TRANSFER,4651.43,C112834,13054.49,8403.06,C692138,42908.13,47559.56,0,0
317,TRANSFER,1918.44,C622741,2881.69,963.24,C510789,40773.98,42692.42,0,0
703,CASH_OUT,8370.04,C169224,36444.79,28074.76,C975837,23818.64,32188.68,0,0
250,CASH_OUT,4090.62,C594735,17875.31,13784.69,C615729,11809.34,15899.96,0,0
391,CASH_IN,540.91,C643803,1938.1,1397.19,C523207,12879.08,13419.99,0,0
467,TRANSFER,1949.82,C767242,3754.17,1804.35,C999574,7250.37,9200.19,0,0
735,PAYMENT,132.35,C100799,464.43,332.08,M417803,16160.58,16292.93,0,0
202,TRANSFER,1337.15,C677158,4544.73,3207.58,C791495,38936.1,40273.25,0,0
3,CASH_OUT,154.49,C978584,423.75,269.26,C489363,11601.53,11756.02,0,0
166,CASH_OUT,203775.17,C172908,203775.17,0.0,C693397,28209.74,231984.91,1,1
400,TRANSFER,2400.9,C484922,7886.62,5485.72,C653718,41363.78,43764.68,0,0
163,TRANSFER,6711.28,C646702,25665.5,18954.22,C769204,24777.49,31488.77,0,0
163,CASH_OUT,1197.27,C739218,5043.54,3846.27,C386543,2685.21,3882.48,0,0
409,DEBIT,420.78,C184106,1776.81,1356.03,C702306,33624.59,34045.37,0,0
527,PAYMENT,108.23,C835062,214.2,105.97,M827468,34188.86,34297.09,0,0
235,CASH_OUT,2105.97,C472598,10293.57,8187.6,C722672,2358.84,4464.81,0,0
36,CASH_OUT,3566.14,C770051,4921.84,1355.71,C991588,5200.21,8766.34,0,0
471,CASH_OUT,1165.75,C339644,1734.12,568.37,C854108,25732.97,26898.73,0,0
719,TRANSFER,3685.57,C362640,16972.2,13286.63,C461911,8614.05,12299.63,0,0
685,CASH_OUT,9504.38,C229926,20106.39,10602.02,C629049,47535.45,57039.83,0,0
463,CASH_OUT,6229.59,C804989,28999.1,22769.51,C819530,44056.51,50286.1,0,0
190,CASH_IN,1423.84,C793852,2158.42,734.58,C519627,23688.83,25112.67,0,0
133,PAYMENT,4180.34,C609220,14282.24,10101.9,M784765,46822.87,51003.22,0,0
115,PAYMENT,166.88,C511512,190.84,23.96,M806376,45785.46,45952.34,0,0
501,PAYMENT,1203.99,C608898,5079.52,3875.53,M360186,30966.8,32170.79,0,0
411,PAYMENT,2121.07,C687426,8755.8,6634.73,M384732,39305.65,41426.72,0,0
438,CASH_OUT,4163.94,C275793,19375.64,15211.7,C550472,30624.87,34788.81,0,0
194,PAYMENT,922.9,C465208,2603.79,1680.89,M327997,45467.66,46390.56,0,0
466,CASH_OUT,326771.72,C959575,326771.72,0.0,C923219,28423.61,355195.33,1,1
276,PAYMENT,4238.99,C842147,4912.34,673.34,M183184,42050.7,46289.69,0,0
653,TRANSFER,1896.89,C228501,4176.88,2279.98,C216361,40261.54,42158.43,0,0
492,CASH_IN,2511.13,C548540,10966.7,8455.57,C429064,40166.93,42678.06,0,0
308,CASH_OUT,137.55,C761386,564.83,427.27,C984735,41171.64,41309.2,0,0
466,TRANSFER,7361.69,C139767,32421.0,25059.31,C653838,38971.61,46333.3,0,0
522,TRANSFER,187081.65,C804537,187081.65,0.0,C352411,47107.9,47107.9,1,0
545,PAYMENT,4402.79,C429205,4951.82,549.03,M592280,43574.74,47977.53,0,0
595,PAYMENT,11389.45,C847520,42968.72,31579.27,M994386,40167.89,51557.34,0,0
136,PAYMENT,2393.11,C265043,7675.45,5282.34,M589987,31772.85,34165.96,0,0
638,TRANSFER,681.75,C995503,708.6,26.85,C739120,12285.22,12966.97,0,0
340,CASH_OUT,1975.59,C183030,7765.82,5790.23,C220360,34450.88,36426.46,0,0
698,CASH_OUT,1715.67,C497243,5051.32,3335.65,C865192,16032.22,17747.88,0,0
626,PAYMENT,4121.76,C899838,15015.18,10893.43,M250853,47555.02,51676.77,0,0
74,PAYMENT,1059.19,C117669,2637.83,1578.64,M434154,11901.97,12961.16,0,0
344,CASH_IN,403.42,C271840,711.71,308.29,C125395,22317.37,22720.78,0,0
332,TRANSFER,290351.45,C342802,290351.45,0.0,C874456,30219.04,30219.04,1,1
228,CASH_OUT,2523.35,C239728,5603.99,3080.65,C367885,48700.26,51223.6,0,0
278,PAYMENT,4818.84,C309304,10847.42,6028.58,M925455,41426.95,46245.79,0,0
274,CASH_IN,4078.83,C122462,20148.59,16069.77,C904253,1927.4,6006.22,0,0
429,PAYMENT,6489.79,C843681,7328.88,839.09,M598149,26249.06,32738.85,0,0
517,TRANSFER,601.7,C243452,1349.2,747.5,C798005,30978.44,31580.14,0,0
411,PAYMENT,548.49,C784677,2092.02,1543.53,M597981,32420.37,32968.87,0,0
113,CASH_OUT,1375.63,C733018,5674.52,4298.89,C274898,18613.01,19988.64,0,0
132,PAYMENT,10127.74,C503273,42336.89,32209.15,M342721,9471.89,19599.62,0,0
582,TRANSFER,11618.63,C491342,17504.91,5886.27,C904061,21321.2,32939.83,0,0
615,PAYMENT,5834.32,C991712,8358.7,2524.38,M596195,49341.49,55175.81,0,0
540,DEBIT,2432.03,C384293,5335.39,2903.36,C821927,32085.59,34517.62,0,0
563,PAYMENT,303.19,C542602,1356.23,1053.04,M711410,15088.38,15391.58,0,0
93,CASH_IN,1292.85,C488348,2064.78,771.93,C536156,12429.31,13722.17,0,0
122,PAYMENT,169.73,C674673,261.51,91.78,M130653,34912.22,35081.95,0,0
730,TRANSFER,4058.66,C645669,8759.92,4701.27,C772634,29071.39,33130.04,0,0
547,CASH_IN,511.49,C839280,1342.66,831.17,C445535,38666.4,39177.89,0,0
513,PAYMENT,1375.54,C173527,2243.01,867.47,M246511,9113.52,10489.05,0,0
677,CASH_IN,4703.53,C823666,11608.27,6904.74,C680985,5753.21,10456.73,0,0
268,CASH_OUT,5809.19,C395182,9599.44,3790.26,C280160,12835.59,18644.77,0,0
474,CASH_OUT,570.57,C584046,1915.59,1345.02,C287223,26494.47,27065.04,0,0
149,TRANSFER,511.94,C326301,1418.62,906.68,C924765,13036.01,13547.96,0,0
388,PAYMENT,118.65,C912353,274.35,155.7,M643628,33189.15,33307.8,0,0
318,PAYMENT,3974.09,C615518,7409.86,3435.77,M649666,29748.16,33722.25,0,0
692,CASH_OUT,4507.57,C557519,8190.05,3682.48,C554055,12736.65,17244.22,0,0
273,CASH_IN,3429.07,C565054,14313.43,10884.37,C918746,4737.18,8166.24,0,0
570,CASH_IN,223.75,C381035,510.05,286.29,C545331,30034.57,30258.32,0,0
357,CASH_OUT,1567.45,C395625,2244.36,676.91,C975612,3947.47,5514.93,0,0
688,PAYMENT,219.8,C516673,343.87,124.06,M563788,30635.5,30855.3,0,0
265,PAYMENT,4592.21,C644380,19477.65,14885.44,M581995,39943.98,44536.19,0,0
573,PAYMENT,371.01,C505041,1128.46,757.45,M584003,48487.25,48858.26,0,0
92,PAYMENT,2675.27,C435740,11625.49,8950.22,M684359,41594.53,44269.8,0,0
566,PAYMENT,6271.72,C875807,26047.08,19775.36,M221173,13322.24,19593.96,0,0
559,PAYMENT,3188.37,C107887,12935.3,9746.93,M853266,49661.13,52849.5,0,0
707,CASH_OUT,3675.36,C834459,16322.3,12646.95,C478710,47316.34,50991.7,0,0
311,PAYMENT,760.06,C447608,940.12,180.05,M858141,5717.15,6477.21,0,0
280,PAYMENT,2137.06,C994287,2692.7,555.64,M776503,41352.77,43489.82,0,0
492,CASH_OUT,511.78,C116116,874.37,362.59,C806412,21718.91,22230.69,0,0
170,CASH_OUT,10003.73,C786136,29465.88,19462.15,C536441,23399.65,33403.39,0,0
619,PAYMENT,567.04,C837696,627.55,60.51,M342718,1115.07,1682.11,0,0
368,DEBIT,216.82,C953389,622.58,405.76,C721839,32507.75,32724.56,0,0
683,DEBIT,2454.68,C643634,9942.13,7487.46,C921482,41752.19,44206.87,0,0
553,TRANSFER,97560.85,C253048,97560.85,0.0,C949295,40634.65,40634.65,1,0
592,TRANSFER,5147.96,C882733,14359.36,9211.4,C534758,39598.3,44746.26,0,0
726,PAYMENT,2362.32,C319601,8875.16,6512.85,M833282,30581.64,32943.95,0,0
242,TRANSFER,1000.43,C250033,3303.42,2302.99,C120044,21460.22,22460.65,0,0
45,CASH_OUT,298900.6,C840373,298900.6,0.0,C896843,28118.92,327019.52,1,1
604,PAYMENT,3263.94,C238117,4441.51,1177.57,M419767,30497.74,33761.68,0,0
19,CASH_OUT,333.49,C388988,1104.08,770.59,C452559,18211.76,18545.25,0,0
703,TRANSFER,6739.63,C354451,29554.29,22814.66,C927013,18140.15,24879.78,0,0
391,TRANSFER,50475.39,C449379,50475.39,0.0,C870802,26164.62,26164.62,1,0
300,TRANSFER,601.59,C643487,716.99,115.4,C988015,38882.77,39484.36,0,0
131,TRANSFER,3583.65,C588633,16597.63,13013.98,C899203,21244.84,24828.49,0,0
680,PAYMENT,15005.23,C562590,33529.65,18524.42,M560725,6951.04,21956.27,0,0
11,PAYMENT,1183.53,C897676,3537.36,2353.82,M718882,21286.96,22470.5,0,0
228,PAYMENT,3682.69,C314772,9780.14,6097.45,M389324,13867.89,17550.59,0,0
617,TRANSFER,3200.93,C778063,6546.91,3345.98,C290093,49255.42,52456.35,0,0
449,CASH_OUT,527.63,C789608,1994.06,1466.43,C131159,22356.59,22884.22,0,0
56,CASH_OUT,6588.62,C341324,11959.02,5370.41,C609662,37273.49,43862.11,0,0
552,PAYMENT,5795.57,C141190,28875.94,23080.37,M140318,13006.82,18802.39,0,0
155,CASH_OUT,451.59,C785459,492.33,40.73,C976332,3259.61,3711.2,0,0
704,CASH_IN,4371.68,C495252,5861.55,1489.88,C660102,32679.58,37051.25,0,0
303,TRANSFER,509.48,C880634,1364.41,854.93,C694091,16166.84,16676.32,0,0
327,CASH_OUT,330275.99,C812252,330275.99,0.0,C221831,4321.23,334597.22,1,1
424,CASH_IN,7173.5,C237559,15424.46,8250.96,C947124,16987.81,24161.31,0,0
673,PAYMENT,1429.83,C606805,3857.63,2427.81,M365161,15811.55,17241.38,0,0
246,PAYMENT,4726.07,C836661,4733.83,7.76,M917559,30011.04,34737.12,0,0
125,CASH_IN,7641.85,C340678,21461.02,13819.17,C443275,42931.05,50572.9,0,0
560,TRANSFER,1170.5,C616939,2839.51,1669.02,C411869,8557.42,9727.91,0,0
119,PAYMENT,2045.42,C191080,6442.39,4396.97,M573050,1613.96,3659.38,0,0
516,TRANSFER,12217.63,C579786,16855.83,4638.2,C370628,19805.8,32023.42,0,0
185,PAYMENT,780.28,C896747,1670.92,890.65,M410112,47815.57,48595.85,0,0
709,PAYMENT,6964.76,C879215,23536.21,16571.46,M387795,17098.79,24063.54,0,0
655,TRANSFER,452.04,C167965,2105.76,1653.72,C566196,5006.3,5458.34,0,0
271,TRANSFER,343.08,C476924,1157.82,814.75,C487688,38715.57,39058.65,0,0
309,TRANSFER,4130.31,C464404,17215.86,13085.55,C499273,14990.71,19121.01,0,0
260,CASH_IN,2180.75,C396437,4574.44,2393.7,C735869,19961.94,22142.68,0,0
255,PAYMENT,7008.07,C737547,8966.46,1958.39,M200804,34041.75,41049.82,0,0
393,PAYMENT,1201.36,C493471,4893.97,3692.61,M494718,44308.26,45509.62,0,0
561,DEBIT,619.32,C433838,2541.65,1922.32,C499022,39978.35,40597.68,0,0
259,DEBIT,133.55,C437850,348.76,215.22,C633292,45408.54,45542.08,0,0
331,TRANSFER,2672.69,C279614,9679.23,7006.54,C630201,21208.97,23881.66,0,0
30,PAYMENT,2202.29,C579336,5796.6,3594.31,M104791,34529.51,36731.8,0,0
330,CASH_IN,1995.29,C679897,9266.24,7270.96,C291634,49661.61,51656.89,0,0
462,CASH_IN,11222.71,C844700,15608.88,4386.16,C800800,1242.43,12465.14,0,0
60,PAYMENT,2543.89,C968447,11177.03,8633.14,M830076,1509.88,4053.77,0,0
89,CASH_IN,1266.63,C349109,4746.09,3479.46,C386172,33873.87,35140.5,0,0
417,TRANSFER,5912.89,C387374,19056.17,13143.28,C716842,47378.49,53291.38,0,0
111,TRANSFER,1995.28,C362128,6357.97,4362.69,C845569,27897.77,29893.05,0,0
120,TRANSFER,265581.12,C857130,265581.12,0.0,C720587,10686.83,10686.83,1,1
698,PAYMENT,3168.55,C357471,7876.56,4708.0,M192019,22721.13,25889.68,0,0
474,PAYMENT,7533.25,C674388,20602.65,13069.4,M845459,20898.63,28431.88,0,0
243,CASH_OUT,4396.91,C888525,7518.4,3121.49,C668786,12985.05,17381.96,0,0
540,PAYMENT,2614.2,C964310,8322.58,5708.38,M374383,2195.93,4810.12,0,0
543,PAYMENT,4431.75,C994995,13893.11,9461.36,M615340,7619.81,12051.56,0,0
333,CASH_IN,7570.11,C479346,19520.58,11950.48,C484533,34485.43,42055.53,0,0
101,CASH_OUT,186.75,C903995,777.39,590.65,C695017,1088.94,1275.69,0,0
342,CASH_OUT,3216.08,C814075,9277.39,6061.31,C138665,28883.38,32099.46,0,0
598,PAYMENT,1047.91,C756986,2148.77,1100.86,M190815,25468.84,26516.75,0,0
335,CASH_OUT,3653.52,C821455,11049.45,7395.93,C435988,36002.35,39655.87,0,0
739,CASH_IN,6630.25,C310084,20565.24,13934.99,C234511,34729.52,41359.78,0,0
292,PAYMENT,5003.74,C119659,9408.35,4404.61,M786763,19732.29,24736.03,0,0
524,CASH_OUT,941.64,C657658,3417.46,2475.83,C825191,21521.61,22463.25,0,0
586,PAYMENT,2219.05,C737816,5644.02,3424.97,M847562,49112.83,51331.88,0,0
520,TRANSFER,711.57,C902364,1514.67,803.1,C912146,12045.96,12757.53,0,0
460,TRANSFER,483.72,C482465,722.82,239.1,C619339,5500.9,5984.62,0,0
502,CASH_OUT,1668.94,C555358,3093.3,1424.36,C856120,19560.01,21228.95,0,0
304,CASH_OUT,5839.85,C310154,11754.63,5914.78,C762165,12821.98,18661.84,0,0
405,CASH_OUT,1879.5,C368774,3158.7,1279.2,C461013,13108.66,14988.16,0,0
342,TRANSFER,572.84,C825223,2803.94,2231.1,C548781,11916.61,12489.46,0,0
447,PAYMENT,6929.02,C260786,15489.43,8560.41,M641486,33113.34,40042.36,0,0
392,PAYMENT,535.68,C358308,931.93,396.25,M199855,6122.57,6658.26,0,0
273,TRANSFER,1642.3,C484467,3767.35,2125.05,C865550,1645.77,3288.06,0,0
210,PAYMENT,2366.07,C414731,9593.14,7227.07,M874758,13284.09,15650.16,0,0
562,CASH_OUT,1259.5,C400065,2361.78,1102.28,C565787,26335.78,27595.28,0,0
208,PAYMENT,1899.29,C444352,8324.57,6425.27,M548032,17640.17,19539.46,0,0
420,PAYMENT,2254.06,C114551,4389.22,2135.16,M455431,31552.2,33806.25,0,0
727,CASH_IN,1357.55,C515941,4888.78,3531.24,C674679,16785.78,18143.33,0,0
481,CASH_OUT,246624.71,C852913,246624.71,0.0,C984094,413.26,247037.97,1,1
365,PAYMENT,2547.56,C470480,8500.95,5953.39,M131912,46049.75,48597.31,0,0
628,PAYMENT,2972.04,C929027,3071.49,99.45,M240689,4592.02,7564.06,0,0
517,CASH_IN,3847.1,C924356,10603.07,6755.97,C910672,2721.61,6568.71,0,0
342,TRANSFER,8951.99,C746052,24734.89,15782.9,C261298,49730.68,58682.66,0,0
447,CASH_OUT,2566.44,C726549,10954.63,8388.19,C982171,43119.94,45686.38,0,0
558,CASH_OUT,884.63,C896561,2484.2,1599.57,C556610,34746.42,35631.05,0,0
511,PAYMENT,3996.39,C956634,4066.08,69.69,M174442,46270.23,50266.62,0,0
315,CASH_OUT,750.31,C654840,3203.58,2453.26,C503552,46694.64,47444.95,0,0
16,TRANSFER,68273.67,C770979,68273.67,0.0,C334295,21441.95,21441.95,1,0
320,PAYMENT,6338.8,C868230,31198.83,24860.03,M854547,24945.43,31284.23,0,0
521,TRANSFER,332670.12,C557291,332670.12,0.0,C501336,26361.3,26361.3,1,1
653,PAYMENT,172.54,C272109,423.45,250.91,M373949,26808.55,26981.09,0,0
285,CASH_OUT,15145.51,C737197,59509.16,44363.65,C457509,38958.85,54104.35,0,0
640,PAYMENT,2408.28,C873360,7360.48,4952.2,M614060,41544.5,43952.78,0,0
147,PAYMENT,7034.4,C433304,30647.24,23612.85,M228165,32823.14,39857.54,0,0
87,CASH_OUT,1645.09,C330502,2357.68,712.58,C881537,21333.42,22978.52,0,0
575,PAYMENT,658.75,C370855,2758.71,2099.96,M556295,3613.18,4271.93,0,0
737,PAYMENT,2271.99,C365237,5816.9,3544.91,M387062,43247.06,45519.05,0,0
40,PAYMENT,947.79,C335603,4076.92,3129.13,M660591,49360.58,50308.37,0,0
343,PAYMENT,3011.98,C662345,7098.67,4086.69,M813348,16472.84,19484.82,0,0
448,CASH_OUT,1175.68,C831385,3618.75,2443.07,C836664,22801.56,23977.24,0,0
601,CASH_OUT,4765.03,C944355,15654.84,10889.81,C267644,3804.14,8569.17,0,0
321,TRANSFER,744.7,C600812,2811.53,2066.83,C334907,32447.23,33191.94,0,0
173,CASH_OUT,3651.03,C284286,11733.36,8082.33,C380141,1063.79,4714.82,0,0
435,CASH_IN,6062.83,C547154,20315.19,14252.36,C629983,12983.01,19045.84,0,0
509,CASH_OUT,455.52,C738119,2189.72,1734.2,C161836,39643.27,40098.79,0,0
180,CASH_IN,8669.8,C156440,26888.87,18219.07,C516462,36383.06,45052.85,0,0
546,CASH_OUT,1901.39,C880448,3130.43,1229.04,C269573,6358.53,8259.92,0,0
718,TRANSFER,8705.6,C605349,11843.58,3137.97,C891392,38638.83,47344.43,0,0
350,PAYMENT,3864.97,C654070,8078.68,4213.71,M418531,43641.51,47506.48,0,0
596,PAYMENT,7310.77,C811741,22155.63,14844.86,M805798,40494.3,47805.07,0,0
112,TRANSFER,4435.09,C826547,10890.81,6455.71,C369417,41747.08,46182.17,0,0
464,CASH_OUT,3618.81,C312628,17871.75,14252.95,C211889,7344.13,10962.94,0,0
706,TRANSFER,2455.53,C101049,7537.8,5082.28,C677569,21901.62,24357.15,0,0
264,DEBIT,2872.51,C572694,3341.13,468.62,C651566,16092.91,18965.42,0,0
81,TRANSFER,4446.22,C691758,9704.11,5257.89,C645844,29261.8,33708.02,0,0
704,CASH_OUT,786.14,C919819,3379.39,2593.26,C692890,14167.87,14954.01,0,0
447,CASH_IN,4975.63,C640479,13391.77,8416.14,C708919,26098.94,31074.57,0,0
290,CASH_OUT,4588.18,C610559,8341.39,3753.21,C112204,17229.51,21817.69,0,0
370,CASH_OUT,4729.93,C320511,16555.28,11825.34,C592274,42773.81,47503.74,0,0
533,TRANSFER,80622.48,C282631,80622.48,0.0,C256270,30070.54,30070.54,1,0
469,CASH_IN,1293.48,C196707,1739.73,446.25,C473921,46860.0,48153.48,0,0
120,TRANSFER,566.3,C569655,993.0,426.7,C870448,17870.64,18436.95,0,0
365,DEBIT,981.52,C891644,3798.11,2816.59,C234411,47193.27,48174.79,0,0
615,PAYMENT,249.52,C235467,872.23,622.7,M751666,28344.35,28593.87,0,0
648,CASH_OUT,1874.67,C651872,5084.95,3210.28,C869189,44072.28,45946.94,0,0
205,CASH_OUT,4190.81,C995043,19933.34,15742.53,C259876,12874.94,17065.75,0,0
700,TRANSFER,5345.88,C732049,17154.33,11808.45,C465871,33218.2,38564.08,0,0
285,TRANSFER,2771.96,C542900,9379.72,6607.77,C244535,2052.4,4824.35,0,0
102,TRANSFER,1929.93,C155152,5088.82,3158.89,C320073,27436.92,29366.85,0,0
236,CASH_OUT,3684.09,C153806,8258.24,4574.14,C700280,32977.5,36661.6,0,0
124,TRANSFER,3655.72,C318811,14903.19,11247.47,C739068,18743.84,22399.56,0,0
42,CASH_IN,761.42,C775462,1586.68,825.27,C990861,14638.52,15399.94,0,0
24,PAYMENT,377.03,C830841,790.13,413.1,M493522,10393.71,10770.74,0,0
432,CASH_OUT,178796.83,C854805,178796.83,0.0,C280889,20394.25,199191.08,1,0
209,CASH_OUT,16903.67,C571808,32244.49,15340.82,C843470,15886.09,32789.76,0,0
740,CASH_OUT,2395.35,C850909,4369.34,1973.99,C958547,41508.0,43903.35,0,0
176,CASH_OUT,10291.78,C185615,28526.22,18234.44,C117101,30165.03,40456.81,0,0
643,TRANSFER,4323.46,C658005,20351.51,16028.05,C870569,19081.18,23404.64,0,0
489,CASH_OUT,239413.23,C258693,239413.23,0.0,C112823,29825.8,269239.03,1,1
291,CASH_IN,6660.43,C770050,10057.24,3396.81,C925539,5105.0,11765.43,0,0
545,PAYMENT,6155.41,C429738,17269.81,11114.4,M812261,25321.65,31477.06,0,0
256,TRANSFER,2361.54,C137570,3519.48,1157.94,C581193,46432.74,48794.28,0,0
472,TRANSFER,80159.11,C198580,80159.11,0.0,C848779,24810.97,24810.97,1,0
13,DEBIT,2621.8,C885339,4081.2,1459.4,C738588,12230.53,14852.33,0,0
110,PAYMENT,2775.39,C866230,12018.65,9243.26,M102526,20391.06,23166.46,0,0
111,PAYMENT,5256.28,C582898,12136.15,6879.87,M177338,12488.7,17744.98,0,0
729,PAYMENT,1129.37,C941847,4618.05,3488.68,M846447,22015.54,23144.91,0,0
128,CASH_OUT,11138.56,C769764,25314.09,14175.53,C563238,11371.14,22509.71,0,0
383,PAYMENT,378.97,C705743,1607.6,1228.63,M840599,48836.85,49215.81,0,0
273,PAYMENT,391.03,C427407,1044.79,653.76,M730077,47174.18,47565.21,0,0
633,CASH_IN,6534.3,C409815,23358.28,16823.98,C345289,30660.53,37194.84,0,0
255,PAYMENT,2611.21,C668596,8343.77,5732.56,M235669,27147.16,29758.36,0,0
441,CASH_OUT,212348.47,C170560,212348.47,0.0,C879680,4424.34,216772.81,1,1
159,PAYMENT,1557.78,C626657,1957.1,399.32,M472107,9385.26,10943.04,0,0
278,PAYMENT,1615.05,C409642,3326.14,1711.09,M417952,17818.15,19433.2,0,0
180,CASH_OUT,5492.19,C616915,26308.31,20816.13,C908593,18114.37,23606.56,0,0
91,CASH_IN,3451.94,C796912,9371.67,5919.73,C418415,9525.59,12977.53,0,0
582,DEBIT,787.12,C782286,3635.24,2848.12,C784143,17363.01,18150.12,0,0
417,TRANSFER,1809.98,C889620,3339.5,1529.52,C715493,31817.51,33627.49,0,0
70,TRANSFER,2829.33,C923513,12374.67,9545.34,C880975,38206.26,41035.59,0,0
171,CASH_OUT,1473.89,C191594,3809.93,2336.04,C450425,20627.96,22101.86,0,0
616,CASH_IN,888.25,C258651,1166.25,277.99,C977242,39511.89,40400.14,0,0
662,CASH_IN,4162.84,C356805,12822.91,8660.08,C394740,41597.38,45760.22,0,0
664,PAYMENT,351.72,C905428,1481.0,1129.28,M499263,40547.12,40898.84,0,0
106,CASH_OUT,845.2,C594087,1014.45,169.26,C568942,43744.87,44590.07,0,0
282,CASH_OUT,9056.74,C268050,11111.53,2054.79,C609082,1959.08,11015.82,0,0
649,CASH_OUT,2779.05,C550626,12523.51,9744.46,C121996,45668.01,48447.07,0,0
650,PAYMENT,355.9,C108888,1181.64,825.74,M844026,36124.88,36480.78,0,0
248,TRANSFER,52775.76,C330487,52775.76,0.0,C753974,23028.3,23028.3,1,0
176,TRANSFER,6547.35,C717904,6836.18,288.83,C921717,15950.35,22497.7,0,0
350,PAYMENT,2778.51,C752632,4988.31,2209.79,M329685,25666.1,28444.61,0,0
20,CASH_OUT,2307.59,C100015,2961.76,654.17,C936189,30110.03,32417.62,0,0
358,DEBIT,128.63,C109759,238.25,109.62,C279504,30996.57,31125.2,0,0
269,CASH_IN,5354.96,C200153,11468.3,6113.34,C900019,42288.37,47643.34,0,0
389,DEBIT,832.65,C655728,3167.85,2335.21,C659471,14886.83,15719.47,0,0
342,CASH_OUT,103.17,C547166,398.34,295.17,C842319,8973.64,9076.82,0,0
279,CASH_IN,150.33,C934289,511.91,361.58,C941908,28350.31,28500.64,0,0
526,PAYMENT,2183.17,C998138,7651.96,5468.79,M162583,7745.47,9928.63,0,0
253,PAYMENT,1774.23,C783550,7957.56,6183.33,M821393,33325.82,35100.04,0,0
474,PAYMENT,4756.59,C305320,14022.72,9266.14,M131346,40752.52,45509.1,0,0
301,CASH_IN,2612.26,C953575,6375.4,3763.14,C744911,23519.25,26131.51,0,0
446,PAYMENT,1428.25,C597926,4821.03,3392.79,M636114,32452.82,33881.06,0,0
65,PAYMENT,492.0,C830377,712.89,220.89,M620140,14915.55,15407.55,0,0
163,PAYMENT,400.78,C486868,405.11,4.33,M285639,21913.77,22314.55,0,0
511,PAYMENT,4437.69,C404893,7443.46,3005.77,M791652,41683.51,46121.2,0,0
433,TRANSFER,11034.05,C862449,20511.64,9477.59,C508117,26074.88,37108.93,0,0
12,TRANSFER,792.21,C573026,872.77,80.55,C756228,2450.77,3242.98,0,0
683,TRANSFER,259464.64,C325226,259464.64,0.0,C308467,31188.61,31188.61,1,1
522,CASH_OUT,958.18,C252110,1932.37,974.19,C717830,24787.05,25745.23,0,0
91,PAYMENT,1680.5,C216737,4802.95,3122.45,M556036,48957.02,50637.52,0,0
569,CASH_OUT,692.26,C873408,1321.89,629.63,C878610,11671.89,12364.15,0,0
587,CASH_OUT,220.31,C109695,743.01,522.7,C148582,9743.28,9963.59,0,0
375,CASH_OUT,257.83,C247049,664.15,406.32,C538055,21111.41,21369.24,0,0
531,PAYMENT,10332.88,C160481,40643.84,30310.96,M862372,32056.19,42389.08,0,0
93,CASH_OUT,2576.38,C418675,10679.55,8103.17,C126119,44145.26,46721.65,0,0
159,PAYMENT,3888.55,C106553,14930.57,11042.01,M642169,1029.25,4917.81,0,0
356,TRANSFER,1900.49,C378494,2678.89,778.4,C600395,3544.53,5445.03,0,0
272,TRANSFER,700.68,C226525,1407.72,707.04,C494836,8254.05,8954.73,0,0
464,TRANSFER,603.31,C416405,2880.89,2277.58,C879331,40308.04,40911.35,0,0
408,CASH_OUT,578.78,C144397,2289.63,1710.85,C963517,20145.95,20724.73,0,0
378,PAYMENT,298.14,C258502,521.56,223.42,M525751,45518.31,45816.45,0,0
630,PAYMENT,3811.56,C533714,15611.18,11799.62,M917715,40784.54,44596.1,0,0
634,PAYMENT,6961.18,C185366,19979.81,13018.63,M630026,20508.89,27470.07,0,0
27,CASH_IN,6987.6,C715032,26214.63,19227.03,C301495,46968.12,53955.72,0,0
551,TRANSFER,2328.16,C705599,10875.74,8547.58,C705069,19659.83,21987.99,0,0
688,CASH_IN,270.63,C279300,687.92,417.29,C707553,8332.92,8603.55,0,0
66,CASH_OUT,876.27,C242290,4158.24,3281.98,C433735,1416.97,2293.23,0,0
178,CASH_OUT,3958.37,C641889,5438.3,1479.92,C717620,25638.58,29596.96,0,0
375,CASH_OUT,3219.18,C230439,5802.46,2583.28,C339691,14722.85,17942.03,0,0
494,TRANSFER,9019.22,C418457,22489.55,13470.33,C617953,45155.05,54174.27,0,0
518,CASH_OUT,1165.95,C626761,1349.02,183.07,C763468,15619.49,16785.44,0,0
44,PAYMENT,4387.38,C427660,18122.55,13735.17,M788722,23038.26,27425.64,0,0
333,CASH_OUT,2036.82,C189882,3183.78,1146.96,C400102,25905.31,27942.13,0,0
404,PAYMENT,2584.69,C288691,2832.56,247.88,M682523,15994.76,18579.44,0,0
13,CASH_IN,2271.95,C363552,6022.22,3750.27,C621817,13193.98,15465.93,0,0
241,PAYMENT,3873.99,C654393,8818.36,4944.37,M169634,38475.38,42349.37,0,0
691,PAYMENT,4862.23,C791572,15208.82,10346.59,M194835,40547.21,45409.44,0,0
52,CASH_OUT,2541.18,C410509,12358.67,9817.49,C691881,47110.93,49652.11,0,0
664,CASH_OUT,6973.04,C105004,14162.4,7189.35,C408068,11708.27,18681.31,0,0
6,PAYMENT,1210.42,C398509,2032.08,821.66,M424332,36063.78,37274.2,0,0
285,TRANSFER,1156.87,C150151,1910.76,753.89,C691672,17172.55,18329.41,0,0
538,PAYMENT,570.01,C838027,885.51,315.51,M523359,37534.01,38104.01,0,0
741,CASH_OUT,4158.36,C644893,4463.68,305.32,C702878,15932.99,20091.35,0,0
584,TRANSFER,2652.01,C268767,11476.02,8824.01,C759789,33139.26,35791.26,0,0
511,CASH_OUT,6545.16,C252185,23495.73,16950.57,C775371,17404.6,23949.76,0,0
451,PAYMENT,1199.04,C693167,2363.15,1164.1,M691880,49587.82,50786.86,0,0
201,PAYMENT,4628.27,C876522,16792.58,12164.3,M963498,36749.06,41377.33,0,0
520,CASH_OUT,15047.43,C865034,25907.09,10859.66,C610241,38418.28,53465.71,0,0
629,TRANSFER,2288.23,C888212,7208.13,4919.9,C584859,49760.39,52048.62,0,0
209,CASH_IN,247.44,C464593,674.67,427.23,C483891,3086.16,3333.59,0,0
105,PAYMENT,930.16,C827688,2798.42,1868.26,M355315,1490.58,2420.74,0,0
301,CASH_OUT,196429.1,C335835,196429.1,0.0,C952987,35601.47,232030.57,1,0
261,TRANSFER,5478.01,C230509,9860.61,4382.6,C862072,6976.7,12454.7,0,0
196,TRANSFER,1137.29,C232152,3838.37,2701.08,C394819,1278.93,2416.23,0,0
504,DEBIT,1115.55,C178038,4584.02,3468.47,C456043,47876.8,48992.35,0,0
665,TRANSFER,1623.96,C315933,5757.73,4133.77,C419733,37688.02,39311.98,0,0
272,CASH_IN,13789.65,C345752,62448.73,48659.08,C701103,28956.04,42745.69,0,0
56,PAYMENT,4540.51,C346509,15503.72,10963.2,M113580,45862.9,50403.41,0,0
400,PAYMENT,4678.78,C697689,19857.01,15178.23,M313165,43019.83,47698.6,0,0
618,CASH_OUT,1927.84,C232850,8466.84,6539.01,C932184,18699.07,20626.91,0,0
732,CASH_OUT,300.72,C879685,991.13,690.41,C778797,43219.92,43520.65,0,0
130,CASH_OUT,689.22,C834184,3029.92,2340.7,C565139,26319.18,27008.4,0,0
474,CASH_OUT,178347.04,C758764,178347.04,0.0,C268332,9874.31,188221.35,1,0
296,CASH_OUT,4459.07,C745115,14800.18,10341.11,C367724,9006.92,13465.98,0,0
215,PAYMENT,1729.62,C206960,6715.52,4985.9,M139015,27962.93,29692.55,0,0
34,CASH_OUT,957.18,C776894,3691.39,2734.21,C846355,18812.23,19769.42,0,0
63,CASH_OUT,882.54,C591599,4379.26,3496.73,C595283,40186.5,41069.03,0,0
77,CASH_OUT,6320.89,C977742,7372.59,1051.69,C876653,1643.98,7964.87,0,0
307,TRANSFER,1573.08,C744467,7635.64,6062.56,C347439,45558.45,47131.54,0,0
596,TRANSFER,88286.96,C549181,88286.96,0.0,C443288,37711.57,37711.57,1,0
698,CASH_IN,557.45,C518161,1030.23,472.78,C926671,1962.33,2519.78,0,0
672,TRANSFER,206562.53,C848378,206562.53,0.0,C329602,31847.1,31847.1,1,1
528,TRANSFER,6411.2,C161600,29323.79,22912.58,C674310,41249.7,47660.91,0,0
128,CASH_IN,10776.8,C206968,27422.06,16645.26,C639180,39452.94,50229.74,0,0
80,CASH_IN,4941.09,C564151,23491.62,18550.53,C981779,3167.97,8109.05,0,0
269,PAYMENT,1123.26,C984507,2609.96,1486.69,M396753,13854.9,14978.17,0,0
386,CASH_OUT,2744.54,C567667,6626.32,3881.78,C572650,39959.18,42703.72,0,0
202,CASH_OUT,1033.13,C681253,3463.42,2430.29,C372201,28749.14,29782.27,0,0
66,PAYMENT,1675.33,C451169,6618.23,4942.91,M589788,30186.09,31861.42,0,0
626,PAYMENT,13165.6,C693572,63563.06,50397.47,M860006,3491.61,16657.2,0,0
354,TRANSFER,10628.15,C332275,37591.88,26963.73,C502854,18018.33,28646.48,0,0
348,TRANSFER,3379.63,C578766,6353.7,2974.07,C713311,24221.2,27600.84,0,0
686,PAYMENT,3165.0,C543333,15165.04,12000.04,M540187,24511.06,27676.06,0,0
14,CASH_IN,10361.89,C553814,26836.79,16474.9,C737475,11248.45,21610.34,0,0
37,CASH_IN,4968.13,C641285,23516.65,18548.52,C396784,16195.12,21163.25,0,0
83,CASH_OUT,7702.72,C688730,30164.89,22462.17,C885313,46426.6,54129.32,0,0
267,CASH_OUT,2975.1,C550953,8084.19,5109.09,C277561,48319.78,51294.88,0,0
648,CASH_IN,3234.27,C916015,3390.33,156.05,C616456,2197.44,5431.71,0,0
599,CASH_OUT,1202.68,C355745,3630.37,2427.69,C472332,48790.69,49993.37,0,0
220,PAYMENT,1404.78,C889285,5731.47,4326.69,M446300,43404.82,44809.6,0,0
81,PAYMENT,991.66,C735181,3205.57,2213.91,M960359,38322.6,39314.26,0,0
419,PAYMENT,3702.58,C450386,16924.38,13221.8,M971044,44301.27,48003.85,0,0
741,TRANSFER,1559.7,C972402,2730.9,1171.2,C386608,41149.41,42709.11,0,0
389,PAYMENT,234.67,C893294,782.12,547.44,M664396,11883.09,12117.76,0,0
653,PAYMENT,7445.17,C285846,29569.5,22124.33,M372530,45042.94,52488.11,0,0
429,DEBIT,3633.2,C876934,8047.11,4413.91,C186755,49155.77,52788.97,0,0
674,TRANSFER,343548.34,C389176,343548.34,0.0,C585179,29421.68,29421.68,1,1
24,TRANSFER,233693.39,C104369,233693.39,0.0,C556979,35808.69,35808.69,1,1
465,CASH_OUT,1597.15,C573267,4707.16,3110.01,C150272,48939.63,50536.78,0,0
191,CASH_OUT,1066.09,C639745,1783.11,717.01,C142311,48618.75,49684.84,0,0
407,PAYMENT,4349.45,C887560,8222.27,3872.82,M703810,13429.41,17778.86,0,0
579,CASH_OUT,2942.17,C183576,6294.55,3352.38,C120557,1699.89,4642.06,0,0
322,PAYMENT,478.63,C666695,1651.46,1172.83,M220283,5163.41,5642.05,0,0
27,CASH_IN,4121.19,C741774,14729.53,10608.34,C448684,1253.05,5374.24,0,0
382,TRANSFER,3313.5,C777823,12350.5,9037.01,C699223,49678.33,52991.82,0,0
425,TRANSFER,2432.4,C884429,8515.53,6083.12,C204887,41455.52,43887.92,0,0
671,CASH_OUT,190790.9,C662347,190790.9,0.0,C231980,46231.14,237022.04,1,0
590,CASH_IN,7768.34,C226228,34328.17,26559.83,C191665,42331.54,50099.88,0,0
295,PAYMENT,1250.82,C370804,1516.59,265.78,M480815,39881.3,41132.12,0,0
547,CASH_IN,6383.43,C978219,20517.13,14133.7,C902386,30997.48,37380.91,0,0
560,TRANSFER,252329.77,C809441,252329.77,0.0,C546015,20230.29,20230.29,1,1
8,TRANSFER,627.55,C122222,1915.64,1288.09,C179794,12499.73,13127.28,0,0
437,TRANSFER,2317.61,C241295,6393.41,4075.8,C279238,22591.19,24908.8,0,0
458,TRANSFER,3676.25,C917187,10952.21,7275.96,C745214,42532.05,46208.3,0,0
361,PAYMENT,176.6,C347795,543.94,367.34,M504271,34158.94,34335.54,0,0
555,CASH_OUT,3950.65,C224714,7819.74,3869.1,C655623,35969.41,39920.05,0,0
372,CASH_IN,2051.51,C237039,9945.56,7894.05,C974726,36283.6,38335.11,0,0
239,PAYMENT,3573.79,C114407,17525.61,13951.82,M213926,16895.08,20468.87,0,0
222,CASH_IN,5464.67,C667456,19072.05,13607.38,C350396,16095.3,21559.97,0,0
626,PAYMENT,1264.12,C291239,2469.02,1204.9,M726517,43818.54,45082.66,0,0
2,CASH_OUT,853.72,C247748,1747.57,893.85,C194791,25873.25,26726.97,0,0
175,TRANSFER,3141.42,C605920,12855.83,9714.4,C424888,16967.31,20108.73,0,0
391,TRANSFER,2358.76,C908094,5360.76,3002.0,C630696,13701.82,16060.58,0,0
468,CASH_OUT,301714.75,C871668,301714.75,0.0,C603575,46571.11,348285.86,1,1
245,CASH_OUT,3940.98,C886157,7655.66,3714.68,C500074,44778.9,48719.88,0,0
593,CASH_OUT,3970.58,C201611,18937.02,14966.44,C682334,41242.83,45213.41,0,0
613,TRANSFER,2200.95,C159332,5583.31,3382.36,C268377,21900.53,24101.47,0,0
645,TRANSFER,225280.46,C578720,225280.46,0.0,C606357,2428.33,2428.33,1,1
348,CASH_OUT,2229.96,C461799,8909.39,6679.43,C680420,33527.06,35757.02,0,0
23,CASH_IN,3956.82,C369578,4895.99,939.16,C916460,33049.63,37006.45,0,0
450,DEBIT,5439.64,C142597,17280.26,11840.62,C818598,8140.91,13580.55,0,0
271,CASH_IN,6114.02,C268769,9243.17,3129.15,C456668,49896.8,56010.81,0,0
590,PAYMENT,266.81,C747659,271.44,4.64,M507435,32443.32,32710.13,0,0
594,PAYMENT,10834.23,C652810,13154.69,2320.46,M549303,35608.96,46443.2,0,0
738,CASH_OUT,287049.92,C407248,287049.92,0.0,C682093,21137.94,308187.85,1,1
590,TRANSFER,12857.39,C752664,15923.9,3066.51,C693358,40716.58,53573.97,0,0
661,PAYMENT,3426.69,C514546,8276.18,4849.49,M763662,17013.94,20440.63,0,0
620,CASH_OUT,1988.78,C441925,4776.81,2788.03,C106457,43011.29,45000.07,0,0
606,CASH_IN,2227.42,C882351,9618.2,7390.78,C336887,48765.91,50993.33,0,0
78,CASH_IN,2676.13,C189142,7895.63,5219.5,C127603,29127.29,31803.42,0,0
379,CASH_OUT,1436.23,C566727,5013.15,3576.93,C210373,32811.61,34247.83,0,0
422,CASH_OUT,7754.7,C906560,37460.29,29705.58,C351981,43451.42,51206.12,0,0
38,TRANSFER,1545.22,C705950,6539.87,4994.64,C860416,6663.01,8208.23,0,0
6,TRANSFER,21089.42,C658236,62719.97,41630.55,C452131,9330.71,30420.14,0,0
666,CASH_OUT,306526.6,C516981,306526.6,0.0,C201096,32908.12,339434.72,1,1
683,CASH_IN,855.51,C786779,1301.94,446.43,C165195,48792.45,49647.96,0,0
5,TRANSFER,2325.63,C234962,11153.5,8827.87,C980808,42451.28,44776.91,0,0
152,CASH_OUT,12286.43,C430657,42200.66,29914.23,C707050,20270.38,32556.81,0,0
351,DEBIT,3036.37,C116040,3546.12,509.75,C169806,9249.46,12285.83,0,0
532,CASH_IN,363.13,C655564,791.99,428.87,C285217,10080.4,10443.52,0,0
540,PAYMENT,1996.09,C250434,6461.74,4465.66,M940931,9776.86,11772.94,0,0
202,PAYMENT,5414.51,C246474,23617.0,18202.49,M361745,16518.67,21933.18,0,0
517,PAYMENT,7807.9,C854849,39019.68,31211.78,M332661,33682.51,41490.41,0,0
376,PAYMENT,2531.16,C691759,7147.46,4616.3,M747801,17549.19,20080.35,0,0
230,CASH_OUT,685.39,C110712,1412.34,726.95,C443671,13142.82,13828.21,0,0
430,TRANSFER,4668.46,C396280,22455.15,17786.69,C537513,41830.99,46499.46,0,0
734,PAYMENT,1199.14,C103052,1893.94,694.8,M389416,29285.76,30484.9,0,0
191,TRANSFER,12878.01,C116375,59828.87,46950.86,C649998,8504.78,21382.79,0,0
673,PAYMENT,287.23,C185687,788.2,500.97,M218968,31345.79,31633.02,0,0
339,PAYMENT,2268.14,C938418,10527.33,8259.19,M911802,16673.68,18941.83,0,0
432,TRANSFER,4252.29,C662781,17340.58,13088.29,C445968,12617.08,16869.37,0,0
186,DEBIT,5997.47,C909010,18798.58,12801.11,C434192,7487.72,13485.19,0,0
724,CASH_OUT,1367.45,C791349,4154.22,2786.77,C916615,37485.12,38852.57,0,0
279,PAYMENT,232.88,C695350,257.42,24.54,M589838,37086.67,37319.55,0,0
60,CASH_OUT,7571.24,C122838,26940.34,19369.1,C402872,3826.28,11397.51,0,0
538,PAYMENT,4296.22,C236772,17704.89,13408.67,M794199,16840.53,21136.76,0,0
9,TRANSFER,4383.86,C204997,13751.11,9367.25,C160611,34105.7,38489.56,0,0
203,PAYMENT,6233.38,C976122,27794.8,21561.42,M195220,22550.21,28783.59,0,0
30,PAYMENT,4929.65,C870227,19892.01,14962.36,M690620,47679.0,52608.65,0,0
112,CASH_OUT,111.13,C881627,537.67,426.54,C367429,29810.1,29921.23,0,0
652,CASH_OUT,5202.69,C924254,24044.2,18841.51,C469556,20768.8,25971.49,0,0
23,TRANSFER,1784.34,C509174,5664.17,3879.83,C676730,23665.28,25449.62,0,0
475,CASH_OUT,487.57,C555519,2161.46,1673.9,C307537,15833.35,16320.91,0,0
148,PAYMENT,839.18,C773832,3997.67,3158.49,M250408,26296.87,27136.05,0,0
393,TRANSFER,1398.93,C676762,2806.5,1407.58,C827333,17499.32,18898.25,0,0
610,TRANSFER,8192.93,C850639,40193.97,32001.03,C196453,45141.0,53333.93,0,0
84,PAYMENT,1766.63,C676563,8086.78,6320.16,M569284,988.11,2754.73,0,0
465,PAYMENT,991.9,C555235,4474.77,3482.88,M590674,24352.73,25344.63,0,0
357,TRANSFER,6974.62,C931219,26508.81,19534.19,C107425,27613.13,34587.75,0,0
570,TRANSFER,917.87,C925294,3345.85,2427.98,C292543,45607.18,46525.05,0,0
610,TRANSFER,185.64,C818398,413.11,227.47,C348850,33476.55,33662.19,0,0
347,CASH_IN,3255.95,C195259,13688.14,10432.19,C224451,20161.76,23417.72,0,0
372,PAYMENT,763.94,C206759,1856.8,1092.86,M228471,14891.82,15655.76,0,0
208,PAYMENT,1869.92,C781845,4139.03,2269.11,M422111,35860.24,37730.16,0,0
524,TRANSFER,4848.0,C159263,9111.97,4263.97,C774035,18731.36,23579.36,0,0
348,CASH_OUT,4521.34,C555473,18349.75,13828.41,C167804,8811.21,13332.55,0,0
513,TRANSFER,944.84,C207154,1225.11,280.27,C386552,44626.97,45571.8,0,0
690,CASH_IN,1844.09,C313766,4516.52,2672.43,C709019,16270.92,18115.01,0,0
357,CASH_OUT,2825.03,C137869,5928.58,3103.56,C297977,36666.53,39491.56,0,0
378,PAYMENT,7581.18,C218728,21057.29,13476.11,M623846,29652.71,37233.89,0,0
688,PAYMENT,353.08,C355560,937.04,583.96,M868026,23358.02,23711.1,0,0
81,PAYMENT,149.28,C740083,610.15,460.86,M542667,43814.21,43963.49,0,0
296,PAYMENT,2361.43,C961525,11375.93,9014.5,M414096,12743.89,15105.33,0,0
465,PAYMENT,1816.9,C692127,3460.1,1643.2,M934363,42412.74,44229.64,0,0
706,PAYMENT,5932.99,C561531,26781.94,20848.95,M839126,4036.84,9969.84,0,0
412,PAYMENT,599.5,C115376,653.14,53.64,M576870,2965.49,3564.99,0,0
48,TRANSFER,1482.5,C939665,5798.56,4316.06,C473166,5148.54,6631.04,0,0
489,CASH_IN,5125.25,C572803,25062.77,19937.52,C586275,2359.03,7484.28,0,0
82,CASH_OUT,2589.61,C520129,11786.04,9196.42,C157788,34841.02,37430.63,0,0
552,TRANSFER,2916.86,C326710,3208.72,291.86,C794058,30391.96,33308.82,0,0
370,TRANSFER,5338.76,C556356,15726.03,10387.28,C724652,11625.13,16963.88,0,0
702,CASH_OUT,275636.85,C190450,275636.85,0.0,C729957,3956.46,279593.32,1,1
300,DEBIT,772.03,C366441,2363.94,1591.91,C733801,13443.9,14215.93,0,0
244,CASH_OUT,3739.9,C691444,6472.29,2732.39,C867248,37650.94,41390.84,0,0
430,PAYMENT,1934.04,C619826,7388.31,5454.27,M183323,11730.09,13664.13,0,0
81,CASH_OUT,2405.28,C405525,8152.46,5747.17,C914980,23886.87,26292.16,0,0
204,CASH_IN,1201.5,C466099,4411.59,3210.1,C644043,40414.59,41616.08,0,0
426,TRANSFER,2400.58,C708725,5449.76,3049.18,C455113,18357.01,20757.59,0,0
506,PAYMENT,130.99,C234974,506.21,375.22,M723944,17549.7,17680.68,0,0
573,TRANSFER,3998.03,C400646,7135.38,3137.35,C115675,33737.17,37735.21,0,0
625,CASH_OUT,2710.6,C826262,12980.19,10269.59,C912897,29962.41,32673.01,0,0
543,PAYMENT,1730.49,C437540,7104.63,5374.14,M941610,29998.38,31728.86,0,0
506,TRANSFER,1128.46,C699262,5411.5,4283.03,C576908,31955.13,33083.59,0,0
117,PAYMENT,2065.85,C304739,6148.33,4082.48,M387251,3233.27,5299.13,0,0
122,DEBIT,3826.48,C819148,11589.72,7763.23,C229576,17479.27,21305.75,0,0
550,TRANSFER,553.88,C526925,1358.98,805.1,C211119,13143.7,13697.58,0,0
398,PAYMENT,3029.12,C510439,7854.03,4824.91,M595521,38712.24,41741.36,0,0
360,TRANSFER,1306.5,C155046,1979.67,673.18,C857553,42838.07,44144.56,0,0
386,CASH_IN,4456.21,C676231,13248.2,8791.99,C431012,42937.73,47393.94,0,0
704,PAYMENT,486.84,C650162,1973.67,1486.83,M755295,25784.21,26271.05,0,0
278,CASH_IN,1551.81,C604283,2223.09,671.29,C603294,25571.81,27123.62,0,0
210,PAYMENT,5001.43,C823001,15506.49,10505.06,M732337,18746.72,23748.15,0,0
208,CASH_IN,16312.33,C358946,64879.79,48567.46,C178930,37109.53,53421.86,0,0
621,TRANSFER,9517.2,C461395,23775.34,14258.14,C645061,4498.57,14015.77,0,0
148,TRANSFER,299.79,C356445,641.0,341.21,C365721,41051.91,41351.7,0,0
189,PAYMENT,4206.69,C709003,18388.07,14181.38,M336576,24336.2,28542.89,0,0
361,PAYMENT,951.44,C118510,1438.01,486.58,M685896,15964.09,16915.53,0,0
180,CASH_OUT,1957.3,C636932,5666.85,3709.54,C332380,21018.78,22976.08,0,0
439,PAYMENT,3787.6,C785521,6854.99,3067.38,M500498,44560.7,48348.3,0,0
236,PAYMENT,2492.38,C103599,8566.03,6073.65,M228513,14107.96,16600.34,0,0
670,CASH_OUT,194305.63,C204817,194305.63,0.0,C104642,20722.4,215028.03,1,0
535,TRANSFER,7321.08,C738471,32611.67,25290.6,C741447,18890.22,26211.29,0,0
315,TRANSFER,302.0,C220355,1016.44,714.45,C170047,42986.32,43288.32,0,0
557,CASH_OUT,1404.01,C421546,3201.21,1797.2,C221649,17304.95,18708.96,0,0
507,CASH_IN,980.95,C366651,4903.45,3922.5,C277375,8990.37,9971.32,0,0
153,PAYMENT,216.09,C341348,1033.62,817.53,M115305,46324.16,46540.25,0,0
554,CASH_OUT,1424.46,C727326,4408.27,2983.81,C670954,24525.93,25950.4,0,0
574,TRANSFER,8639.99,C600181,11838.7,3198.71,C497046,36223.58,44863.56,0,0
534,TRANSFER,9059.37,C272922,9156.06,96.69,C462803,44743.52,53802.9,0,0
334,CASH_OUT,3239.34,C448125,14624.94,11385.6,C922366,18165.99,21405.33,0,0
296,CASH_IN,590.34,C541157,1939.54,1349.2,C667044,13059.6,13649.94,0,0
627,CASH_OUT,2390.54,C932494,10713.55,8323.01,C156690,18292.53,20683.07,0,0
677,PAYMENT,3006.08,C866441,9415.4,6409.32,M556082,7325.99,10332.07,0,0
639,PAYMENT,2854.46,C575197,4459.64,1605.18,M231458,43549.66,46404.13,0,0
146,TRANSFER,4041.81,C341300,19566.42,15524.62,C123798,13056.64,17098.44,0,0
254,CASH_OUT,1875.54,C158334,9025.2,7149.67,C434467,35287.75,37163.29,0,0
372,PAYMENT,4387.15,C631022,4983.3,596.15,M838360,42201.66,46588.81,0,0
97,DEBIT,154.61,C890124,323.4,168.79,C226745,621.5,776.11,0,0
684,PAYMENT,446.16,C638795,923.25,477.09,M425075,31707.69,32153.85,0,0
166,CASH_OUT,9134.18,C690888,35162.71,26028.53,C666136,18734.54,27868.71,0,0
677,TRANSFER,738.85,C445632,807.07,68.23,C613796,7102.37,7841.22,0,0
210,PAYMENT,3267.68,C613959,9140.92,5873.24,M312996,21403.46,24671.14,0,0
34,CASH_OUT,426.15,C958468,1894.23,1468.08,C397486,40748.7,41174.85,0,0
498,PAYMENT,1526.54,C480703,4636.34,3109.8,M953268,26851.21,28377.75,0,0
452,CASH_IN,11691.31,C464833,32441.76,20750.45,C180291,39856.83,51548.14,0,0
339,PAYMENT,592.74,C943660,2534.97,1942.22,M949102,49809.19,50401.93,0,0
686,TRANSFER,2129.2,C174258,6134.1,4004.9,C936507,38587.11,40716.32,0,0
23,CASH_OUT,5638.97,C468066,6541.51,902.53,C133550,16949.34,22588.31,0,0
307,CASH_IN,3208.03,C905955,3349.79,141.76,C472429,3455.69,6663.72,0,0
408,CASH_OUT,4736.55,C546850,6708.39,1971.84,C899131,39572.01,44308.55,0,0
370,CASH_OUT,922.75,C855640,1034.95,112.2,C434123,21964.32,22887.07,0,0
13,DEBIT,1906.96,C456215,9043.15,7136.19,C147252,47520.0,49426.96,0,0
716,TRANSFER,164.14,C428779,638.47,474.33,C909657,41859.01,42023.14,0,0
590,CASH_IN,5330.99,C818525,11475.48,6144.49,C875173,16536.82,21867.81,0,0
6,TRANSFER,1134.93,C816537,4134.08,2999.15,C443190,18544.83,19679.76,0,0
625,PAYMENT,408.2,C318216,1420.6,1012.39,M445259,7793.96,8202.16,0,0
499,CASH_IN,6840.94,C771915,7451.2,610.26,C939726,30670.5,37511.45,0,0
626,PAYMENT,3499.32,C133521,5997.61,2498.29,M635852,37965.74,41465.06,0,0
708,CASH_OUT,1474.36,C759045,6397.52,4923.16,C190197,38209.36,39683.72,0,0
654,PAYMENT,919.48,C403374,2706.28,1786.8,M834784,4755.7,5675.18,0,0
344,PAYMENT,1547.64,C101532,5024.75,3477.11,M619518,29859.08,31406.72,0,0
267,CASH_IN,3696.54,C938600,4151.76,455.22,C213123,36328.24,40024.78,0,0
437,CASH_OUT,1479.96,C965849,2886.59,1406.63,C935669,27005.19,28485.14,0,0
55,CASH_OUT,683.08,C341024,1247.98,564.9,C940667,31270.66,31953.74,0,0
198,CASH_OUT,5457.81,C596027,12047.34,6589.53,C721828,25865.45,31323.26,0,0
286,CASH_OUT,128.41,C187388,353.13,224.71,C749086,13174.2,13302.61,0,0
412,TRANSFER,4437.24,C821558,16171.63,11734.39,C911372,2676.6,7113.84,0,0
113,TRANSFER,2063.85,C427985,5706.86,3643.01,C646169,3748.59,5812.43,0,0
602,TRANSFER,1207.01,C571653,2639.54,1432.53,C971022,42177.76,43384.77,0,0
603,CASH_OUT,3558.5,C317054,6216.65,2658.15,C587295,25755.69,29314.19,0,0
267,TRANSFER,168.28,C493727,506.18,337.91,C474994,29621.23,29789.51,0,0
717,CASH_OUT,1613.9,C370640,3945.02,2331.12,C220522,42684.6,44298.51,0,0
233,CASH_IN,8220.54,C227192,19022.64,10802.09,C643647,47646.34,55866.88,0,0
507,CASH_IN,1223.79,C137355,2560.57,1336.78,C137690,15479.8,16703.59,0,0
36,CASH_IN,4025.14,C480445,7317.18,3292.03,C853702,46667.75,50692.9,0,0
239,CASH_OUT,3920.94,C782358,7776.62,3855.67,C191426,43406.04,47326.98,0,0
207,PAYMENT,5176.77,C679885,6608.32,1431.55,M197375,7794.54,12971.31,0,0
294,CASH_OUT,292.13,C843987,1010.9,718.78,C483829,2846.23,3138.36,0,0
662,CASH_IN,2355.87,C654700,4466.14,2110.28,C970142,42730.69,45086.56,0,0
137,PAYMENT,3920.84,C792255,7277.91,3357.06,M432643,21926.13,25846.97,0,0
498,CASH_OUT,1326.43,C298573,6340.35,5013.92,C336692,49389.72,50716.15,0,0
599,PAYMENT,2588.71,C148231,7402.37,4813.66,M784392,47603.23,50191.93,0,0
658,CASH_OUT,590.03,C125968,2100.34,1510.31,C304830,38721.54,39311.57,0,0
704,PAYMENT,10263.5,C692642,23143.58,12880.09,M136368,22408.16,32671.66,0,0
78,PAYMENT,6228.48,C552483,12754.17,6525.68,M255964,34598.17,40826.65,0,0
145,TRANSFER,700.3,C644527,2353.88,1653.58,C556185,37278.59,37978.89,0,0
360,TRANSFER,5746.77,C901547,17090.63,11343.86,C629437,6213.66,11960.43,0,0
9,PAYMENT,7048.89,C916831,18123.01,11074.12,M219374,716.51,7765.41,0,0
691,CASH_OUT,88195.78,C941830,88195.78,0.0,C837902,39101.71,127297.49,1,0
456,CASH_OUT,2060.39,C950766,8311.24,6250.85,C429314,18904.25,20964.64,0,0
38,TRANSFER,1604.97,C760261,7522.35,5917.38,C929321,46681.65,48286.62,0,0
298,TRANSFER,1214.35,C115115,2140.91,926.57,C175379,44207.29,45421.63,0,0
82,PAYMENT,2039.47,C755954,8202.72,6163.25,M507609,30451.04,32490.51,0,0
565,PAYMENT,1415.62,C660414,4802.59,3386.97,M704670,22094.37,23509.99,0,0
578,PAYMENT,751.28,C198453,2712.2,1960.92,M510646,30797.93,31549.21,0,0
215,CASH_OUT,1464.34,C838423,4659.44,3195.11,C149607,7790.05,9254.39,0,0
530,DEBIT,291.89,C876422,1281.47,989.58,C321437,31660.76,31952.65,0,0
329,TRANSFER,545.95,C685128,1455.95,910.0,C798560,4101.74,4647.68,0,0
401,PAYMENT,4121.87,C497067,13693.18,9571.31,M700322,29930.23,34052.1,0,0
335,CASH_OUT,2168.72,C383303,8195.95,6027.22,C588288,4441.0,6609.73,0,0
701,CASH_OUT,192587.89,C865523,192587.89,0.0,C369608,9640.1,202227.99,1,0
727,PAYMENT,11634.58,C985054,41178.78,29544.2,M115329,44401.88,56036.46,0,0
432,CASH_IN,5492.97,C187073,12002.26,6509.29,C349894,27477.92,32970.88,0,0
579,CASH_OUT,4376.96,C805614,11686.04,7309.08,C965756,38024.64,42401.6,0,0
434,PAYMENT,3503.92,C617351,3853.91,349.98,M815661,20275.57,23779.49,0,0
580,TRANSFER,2320.81,C435014,7528.3,5207.49,C671675,7558.7,9879.51,0,0
704,CASH_OUT,4002.5,C499158,4516.73,514.24,C150697,7103.26,11105.76,0,0
80,DEBIT,1897.41,C217928,8196.5,6299.09,C147419,8143.54,10040.95,0,0
717,PAYMENT,1929.8,C680620,9556.3,7626.51,M270491,39286.02,41215.82,0,0
465,CASH_OUT,2954.73,C720514,9771.41,6816.69,C369537,8694.0,11648.73,0,0
308,PAYMENT,3083.19,C189244,14715.89,11632.7,M703832,36284.3,39367.49,0,0
178,CASH_OUT,1595.03,C379953,7752.74,6157.71,C567221,24740.42,26335.45,0,0
320,CASH_OUT,1469.98,C282997,4492.76,3022.78,C975551,44044.19,45514.17,0,0
186,CASH_IN,711.88,C325962,1678.82,966.94,C609622,17093.55,17805.43,0,0
2,CASH_IN,1669.95,C789126,4321.37,2651.42,C918851,9118.41,10788.36,0,0
285,CASH_OUT,4152.65,C718657,4449.62,296.97,C699857,11203.53,15356.17,0,0
705,TRANSFER,1118.3,C596336,3697.18,2578.88,C261545,48210.22,49328.53,0,0
532,PAYMENT,5449.09,C361609,13080.11,7631.02,M118179,11606.16,17055.25,0,0
620,TRANSFER,4410.27,C146025,19101.04,14690.77,C360281,6514.8,10925.07,0,0
495,TRANSFER,3420.85,C961465,4009.27,588.42,C325648,6527.44,9948.29,0,0
103,PAYMENT,4607.47,C836648,19576.93,14969.46,M596142,34116.88,38724.34,0,0
37,CASH_IN,6133.96,C126296,9134.42,3000.46,C249138,42505.09,48639.05,0,0
221,CASH_IN,2079.87,C199074,8805.05,6725.18,C623136,13538.48,15618.35,0,0
492,PAYMENT,7762.67,C481136,32863.51,25100.84,M613271,26266.09,34028.77,0,0
211,PAYMENT,5423.24,C914001,8711.62,3288.39,M552029,32534.4,37957.63,0,0
52,PAYMENT,2494.83,C176126,7500.74,5005.92,M614116,1652.71,4147.54,0,0
163,TRANSFER,1528.47,C236615,6805.07,5276.6,C736572,26514.71,28043.18,0,0
365,PAYMENT,2385.66,C849130,10131.53,7745.88,M474673,38066.16,40451.81,0,0
241,CASH_OUT,9059.12,C528410,13742.6,4683.48,C874426,16256.6,25315.72,0,0
269,CASH_IN,3635.9,C475581,17274.2,13638.3,C245250,6860.95,10496.85,0,0
390,CASH_IN,6323.32,C859893,26531.75,20208.43,C691063,18430.3,24753.62,0,0
423,PAYMENT,233.73,C192199,1091.8,858.07,M265024,7412.3,7646.03,0,0
703,PAYMENT,5582.03,C637225,19020.25,13438.22,M358006,28863.19,34445.22,0,0
466,TRANSFER,1996.72,C530838,9416.09,7419.37,C400279,45582.21,47578.93,0,0
710,PAYMENT,1779.39,C144588,6147.53,4368.14,M301657,31369.48,33148.88,0,0
32,DEBIT,2558.66,C134889,11621.7,9063.03,C407822,44386.04,46944.7,0,0
103,TRANSFER,158.36,C511885,674.5,516.13,C985932,18280.07,18438.44,0,0
79,CASH_IN,5125.79,C372976,13928.23,8802.44,C589114,3191.13,8316.92,0,0
373,DEBIT,1777.05,C953933,5604.8,3827.75,C132556,44644.34,46421.4,0,0
380,TRANSFER,6365.36,C253520,23885.73,17520.37,C589676,1547.61,7912.97,0,0
731,PAYMENT,8356.65,C634714,9589.87,1233.22,M893936,11380.14,19736.79,0,0
259,TRANSFER,727.95,C880371,1417.46,689.51,C108724,25375.22,26103.17,0,0
358,PAYMENT,4673.17,C329176,10820.17,6147.0,M626884,32847.7,37520.87,0,0
332,CASH_IN,7673.51,C273074,9052.77,1379.25,C842547,8820.48,16494.0,0,0
471,CASH_IN,429.62,C847157,656.34,226.72,C406505,25027.7,25457.32,0,0
255,CASH_OUT,1785.08,C200960,6029.37,4244.28,C682753,3954.4,5739.48,0,0
290,CASH_IN,537.34,C492888,2019.45,1482.11,C842092,20737.76,21275.1,0,0
97,CASH_OUT,2658.81,C468121,10827.45,8168.64,C775004,8632.75,11291.56,0,0
476,TRANSFER,3049.28,C166846,8056.12,5006.83,C456826,10030.23,13079.51,0,0
618,PAYMENT,587.3,C768372,1754.09,1166.79,M657524,20664.06,21251.36,0,0
21,DEBIT,1222.9,C878060,5522.28,4299.38,C668061,41752.87,42975.77,0,0
723,CASH_OUT,18266.89,C994990,21065.92,2799.03,C351953,8532.49,26799.38,0,0
304,CASH_IN,4496.15,C430484,5155.9,659.75,C241248,21751.34,26247.49,0,0
455,CASH_IN,7177.91,C809697,16728.77,9550.86,C945763,4689.05,11866.96,0,0
365,PAYMENT,6035.83,C174319,27004.48,20968.65,M373314,32151.52,38187.35,0,0
145,CASH_OUT,11021.49,C761801,33695.84,22674.34,C616641,40025.48,51046.97,0,0
304,PAYMENT,7212.99,C890388,12847.0,5634.01,M303161,2602.7,9815.68,0,0
726,CASH_OUT,2986.31,C248408,11525.44,8539.13,C971652,36541.17,39527.48,0,0
664,CASH_OUT,3873.21,C465296,7412.34,3539.13,C258352,21440.29,25313.5,0,0
356,CASH_IN,806.95,C902670,2324.82,1517.87,C335018,43665.47,44472.42,0,0
106,CASH_OUT,5402.5,C128887,11681.58,6279.08,C539388,14252.06,19654.57,0,0
260,CASH_OUT,711.84,C763621,2748.99,2037.16,C759834,35263.78,35975.62,0,0
279,CASH_IN,854.54,C813537,1407.16,552.62,C405868,12406.49,13261.02,0,0
424,PAYMENT,5294.58,C143315,17375.92,12081.34,M991354,5074.93,10369.52,0,0
548,CASH_IN,831.0,C306823,3509.97,2678.98,C804966,6965.91,7796.91,0,0
238,PAYMENT,250.73,C889097,706.1,455.37,M389169,40159.89,40410.62,0,0
679,CASH_OUT,3618.22,C301703,15828.29,12210.07,C459175,13425.78,17044.0,0,0
74,CASH_OUT,3987.36,C826099,19650.36,15663.0,C318126,3620.17,7607.53,0,0
134,PAYMENT,12810.65,C672703,27565.32,14754.67,M224716,44520.58,57331.23,0,0
378,CASH_IN,5566.34,C906858,14635.74,9069.39,C369629,28434.79,34001.14,0,0
376,CASH_OUT,4401.98,C744919,12844.63,8442.65,C389943,29438.11,33840.09,0,0
260,CASH_OUT,4331.34,C267856,16742.69,12411.35,C611844,22993.28,27324.62,0,0
570,CASH_OUT,9763.64,C738288,41129.28,31365.65,C163969,21620.36,31384.0,0,0
721,PAYMENT,4313.79,C331944,4418.75,104.97,M156790,23829.57,28143.35,0,0
161,PAYMENT,1337.76,C587252,4336.38,2998.62,M896247,20198.89,21536.65,0,0
463,TRANSFER,288709.71,C435500,288709.71,0.0,C673570,12040.18,12040.18,1,1
452,CASH_IN,4219.73,C181673,6272.52,2052.78,C676228,3719.77,7939.51,0,0
637,TRANSFER,5041.82,C938628,20771.52,15729.71,C460823,24154.93,29196.74,0,0
158,TRANSFER,4578.76,C965041,20767.29,16188.52,C832267,30980.93,35559.69,0,0
187,CASH_IN,21492.79,C229980,42528.75,21035.96,C309944,42191.35,63684.15,0,0
388,PAYMENT,4778.8,C992078,13389.08,8610.27,M319015,16514.73,21293.53,0,0
311,PAYMENT,4197.35,C231590,13692.83,9495.48,M378796,4335.55,8532.9,0,0
638,TRANSFER,2653.66,C611769,10130.48,7476.82,C176757,44574.74,47228.41,0,0
288,PAYMENT,1159.96,C312328,4646.21,3486.25,M498759,18817.87,19977.83,0,0
699,PAYMENT,2888.22,C962634,11227.69,8339.47,M622349,49671.95,52560.17,0,0
675,DEBIT,6623.22,C685628,15345.82,8722.6,C179199,4853.67,11476.89,0,0
66,PAYMENT,701.19,C823130,1086.05,384.86,M204639,29661.26,30362.45,0,0
213,TRANSFER,468.88,C168464,952.29,483.4,C992353,37714.05,38182.93,0,0
607,TRANSFER,702.46,C226788,3120.64,2418.18,C514364,22653.34,23355.81,0,0
85,PAYMENT,635.33,C740245,644.85,9.52,M642036,26841.8,27477.13,0,0
573,CASH_OUT,774.25,C523556,3173.58,2399.32,C412444,47366.16,48140.42,0,0
15,CASH_IN,234.81,C673367,1153.03,918.22,C134111,729.9,964.71,0,0
231,TRANSFER,212291.75,C331362,212291.75,0.0,C711204,44616.92,44616.92,1,1
705,CASH_OUT,9307.31,C405758,25269.39,15962.09,C101010,43555.71,52863.02,0,0
589,CASH_IN,1497.16,C164512,6802.66,5305.49,C198026,42456.76,43953.93,0,0
407,DEBIT,771.38,C176625,989.87,218.5,C993967,20310.85,21082.22,0,0
639,DEBIT,1330.95,C674529,4046.84,2715.88,C227838,33549.86,34880.81,0,0
459,CASH_OUT,11170.73,C696122,12518.43,1347.7,C473167,47925.32,59096.04,0,0
27,PAYMENT,6765.49,C107711,21844.93,15079.44,M317972,10738.63,17504.12,0,0
39,DEBIT,2213.49,C221315,8645.38,6431.89,C474255,5229.04,7442.53,0,0
249,PAYMENT,500.74,C782121,1784.48,1283.74,M295507,26397.56,26898.3,0,0
457,TRANSFER,1913.5,C974261,3645.64,1732.14,C756921,1357.64,3271.14,0,0
453,PAYMENT,568.89,C783690,1000.32,431.43,M509355,2073.56,2642.45,0,0
515,CASH_IN,7068.55,C267806,16202.35,9133.8,C929269,23457.14,30525.69,0,0
627,PAYMENT,2366.68,C462301,11080.54,8713.86,M182673,36337.22,38703.9,0,0
360,PAYMENT,5157.0,C989974,17140.1,11983.1,M979997,31466.68,36623.69,0,0
536,PAYMENT,1293.37,C483433,4539.41,3246.04,M585940,28526.21,29819.57,0,0
45,PAYMENT,1081.35,C204273,1674.19,592.84,M356196,42529.01,43610.36,0,0
25,PAYMENT,8157.35,C186545,9781.97,1624.63,M154459,17834.38,25991.72,0,0
402,CASH_IN,5685.06,C713667,12547.58,6862.53,C383197,42454.46,48139.51,0,0
129,TRANSFER,10888.76,C378429,44568.85,33680.09,C423733,46654.07,57542.84,0,0
633,PAYMENT,1583.17,C826829,6351.22,4768.05,M948115,21515.78,23098.95,0,0
587,TRANSFER,12865.82,C399837,29722.47,16856.65,C814090,46195.62,59061.44,0,0
83,CASH_OUT,3426.19,C225191,7161.16,3734.97,C478080,14071.61,17497.8,0,0
635,DEBIT,1013.69,C228993,1158.06,144.37,C897762,40324.36,41338.05,0,0
645,CASH_OUT,5313.8,C909721,9757.95,4444.14,C133087,22931.26,28245.06,0,0
177,CASH_OUT,4201.47,C800526,11316.02,7114.55,C322182,46202.48,50403.95,0,0
283,PAYMENT,1470.61,C770037,4526.13,3055.52,M811921,39241.42,40712.04,0,0
522,TRANSFER,2873.36,C175276,5530.36,2657.0,C898991,17519.21,20392.57,0,0
720,PAYMENT,2170.86,C990726,4573.73,2402.88,M197847,5665.16,7836.01,0,0
319,PAYMENT,15574.91,C770194,56965.27,41390.35,M574329,34216.32,49791.23,0,0
567,TRANSFER,1239.68,C471513,5654.49,4414.81,C647108,27724.43,28964.1,0,0
49,DEBIT,9111.63,C810568,32406.23,23294.6,C918838,41128.73,50240.36,0,0
133,CASH_OUT,10021.16,C523751,33622.79,23601.63,C189023,15904.03,25925.19,0,0
165,PAYMENT,1312.72,C191104,4880.74,3568.02,M476556,16116.72,17429.44,0,0
605,CASH_OUT,7299.06,C759006,32460.8,25161.75,C187007,46723.99,54023.05,0,0
307,PAYMENT,3457.98,C364946,10498.45,7040.47,M648407,49584.09,53042.07,0,0
73,TRANSFER,117.45,C754373,435.9,318.46,C430429,27720.47,27837.91,0,0
591,PAYMENT,862.85,C719902,2537.64,1674.8,M282639,39346.33,40209.18,0,0
316,PAYMENT,2897.08,C688248,6040.62,3143.54,M222994,30939.24,33836.32,0,0
100,PAYMENT,344.8,C127949,390.19,45.39,M253893,30454.54,30799.34,0,0
529,CASH_OUT,330791.93,C936943,330791.93,0.0,C180664,4753.26,335545.19,1,1
516,CASH_IN,2601.82,C429586,3458.28,856.45,C554887,31027.84,33629.67,0,0
195,CASH_OUT,2780.57,C499325,11650.46,8869.89,C339285,29992.47,32773.04,0,0
366,CASH_IN,1345.7,C724078,6675.94,5330.24,C989417,31820.06,33165.75,0,0
227,PAYMENT,5349.4,C997937,13296.82,7947.43,M263118,2449.81,7799.21,0,0
322,CASH_OUT,742.14,C596574,3229.07,2486.93,C625418,48056.64,48798.78,0,0
390,TRANSFER,3319.91,C188114,12239.1,8919.19,C808481,19763.65,23083.56,0,0
143,CASH_OUT,14977.19,C693669,27791.42,12814.23,C998232,30095.3,45072.5,0,0
158,PAYMENT,140.24,C566548,380.04,239.79,M434943,20811.71,20951.96,0,0
490,PAYMENT,7864.8,C181227,23313.41,15448.61,M546295,30159.19,38023.99,0,0
453,CASH_IN,3216.37,C145950,7648.56,4432.19,C811083,31470.53,34686.9,0,0
84,PAYMENT,2023.91,C466357,7443.78,5419.87,M784550,1349.01,3372.92,0,0
542,TRANSFER,143.63,C472174,373.09,229.46,C911089,23291.13,23434.76,0,0
537,CASH_IN,7673.08,C625895,7924.78,251.7,C250595,32252.31,39925.39,0,0
320,CASH_OUT,8609.03,C262867,15311.32,6702.29,C825166,30842.38,39451.41,0,0
338,PAYMENT,787.05,C626071,2954.55,2167.5,M128390,41626.44,42413.49,0,0
226,CASH_OUT,3873.07,C325440,8886.03,5012.96,C969946,17389.5,21262.57,0,0
114,DEBIT,693.27,C985704,2883.87,2190.6,C673681,3679.64,4372.92,0,0
375,CASH_IN,995.85,C633022,3175.01,2179.16,C731475,47773.9,48769.75,0,0
2,DEBIT,5299.65,C828285,8379.63,3079.98,C344042,23459.57,28759.22,0,0
617,PAYMENT,1483.29,C794497,1945.03,461.74,M172663,25120.37,26603.66,0,0
105,TRANSFER,10912.11,C381027,47990.49,37078.38,C668688,47597.45,58509.56,0,0
474,PAYMENT,4489.6,C965318,13959.03,9469.44,M130881,45092.96,49582.56,0,0
121,TRANSFER,2231.5,C805051,4066.95,1835.45,C696323,37907.64,40139.14,0,0
660,CASH_OUT,11431.23,C902216,16916.22,5484.99,C479590,37026.55,48457.78,0,0
192,TRANSFER,694.69,C462812,2182.8,1488.11,C782192,11905.89,12600.58,0,0
547,CASH_OUT,2821.88,C735433,4964.1,2142.22,C829490,9750.17,12572.05,0,0
107,PAYMENT,558.53,C379677,1821.49,1262.96,M607966,13869.74,14428.27,0,0
82,PAYMENT,104.6,C567601,461.58,356.97,M608604,35892.6,35997.2,0,0
57,CASH_OUT,3934.73,C897705,8106.99,4172.26,C220484,28742.72,32677.46,0,0
481,TRANSFER,3792.42,C303508,6655.83,2863.41,C214441,3619.33,7411.76,0,0
729,PAYMENT,10945.26,C534417,32107.01,21161.75,M915805,16918.67,27863.92,0,0
741,DEBIT,3435.43,C292527,15985.01,12549.57,C660424,11982.44,15417.87,0,0
220,TRANSFER,4255.65,C710725,9505.34,5249.68,C247349,43904.5,48160.15,0,0
620,DEBIT,1351.0,C417582,2159.83,808.83,C870109,11703.38,13054.37,0,0
242,CASH_IN,12380.49,C793150,58267.53,45887.04,C974837,39972.19,52352.68,0,0
419,PAYMENT,1082.75,C362051,2025.45,942.71,M529387,7266.41,8349.15,0,0
212,TRANSFER,889.49,C734101,3946.4,3056.91,C453923,34049.14,34938.64,0,0
297,TRANSFER,186473.04,C301958,186473.04,0.0,C460981,39772.75,39772.75,1,0
402,PAYMENT,334.38,C636630,1322.57,988.19,M922849,10970.67,11305.04,0,0
739,DEBIT,3151.12,C981397,7227.76,4076.64,C950486,26053.43,29204.56,0,0
276,CASH_IN,3830.77,C985162,12137.35,8306.59,C418442,38392.18,42222.94,0,0
487,PAYMENT,3954.79,C622222,15113.76,11158.97,M959050,46881.98,50836.77,0,0
678,PAYMENT,7081.75,C614938,16184.69,9102.94,M358750,49483.46,56565.2,0,0
651,TRANSFER,15130.54,C513621,40871.11,25740.57,C774108,30401.57,45532.11,0,0
111,TRANSFER,1213.85,C483094,5658.96,4445.11,C266804,41510.74,42724.58,0,0
687,PAYMENT,1506.2,C212858,7257.79,5751.59,M843631,16987.13,18493.33,0,0
670,PAYMENT,3137.72,C547822,11443.46,8305.74,M824179,36196.22,39333.95,0,0
596,CASH_IN,3932.63,C646565,13634.25,9701.61,C743421,31482.06,35414.69,0,0
282,PAYMENT,3356.1,C298675,12482.99,9126.89,M786838,32325.09,35681.19,0,0
713,TRANSFER,16876.25,C880196,37294.35,20418.1,C889480,31931.99,48808.24,0,0
381,CASH_IN,3186.75,C976468,13111.59,9924.83,C551392,12811.0,15997.76,0,0
387,CASH_OUT,8154.83,C117829,17456.53,9301.7,C367981,45080.53,53235.36,0,0
654,CASH_IN,5938.58,C753980,8545.0,2606.42,C798408,6526.72,12465.31,0,0
331,PAYMENT,2830.36,C798276,7221.33,4390.97,M175503,5503.29,8333.65,0,0
137,TRANSFER,8409.15,C354477,10827.26,2418.12,C833815,31910.23,40319.38,0,0
387,CASH_IN,4516.07,C996508,20439.12,15923.05,C565342,32115.61,36631.67,0,0
666,CASH_OUT,1226.38,C718871,3550.06,2323.68,C289243,38877.25,40103.63,0,0
33,PAYMENT,2361.2,C609993,6807.45,4446.24,M626344,19727.15,22088.35,0,0
657,CASH_OUT,5357.28,C756989,8614.35,3257.07,C445607,9122.02,14479.3,0,0
598,PAYMENT,8503.02,C635539,30585.12,22082.1,M202420,4544.35,13047.37,0,0
408,CASH_OUT,6972.5,C968329,33206.87,26234.37,C705731,10484.38,17456.88,0,0
246,PAYMENT,2382.18,C264562,8092.65,5710.48,M654055,4403.03,6785.2,0,0
608,PAYMENT,2802.08,C811448,10858.51,8056.43,M610684,11158.86,13960.94,0,0
216,TRANSFER,1911.48,C254125,7098.08,5186.61,C880912,38317.85,40229.33,0,0
77,TRANSFER,898.87,C416575,3391.95,2493.08,C897163,45893.76,46792.62,0,0
313,PAYMENT,320.75,C721234,1529.16,1208.42,M720632,42568.64,42889.38,0,0
735,TRANSFER,1183.45,C309820,4039.31,2855.86,C711477,33610.56,34794.01,0,0
468,PAYMENT,7039.35,C793278,11525.04,4485.69,M229716,24451.14,31490.49,0,0
674,PAYMENT,3160.25,C211115,3813.31,653.06,M158914,17177.88,20338.13,0,0
710,PAYMENT,7614.49,C638786,12702.2,5087.71,M845870,11527.86,19142.35,0,0
583,CASH_IN,1118.33,C699162,2790.24,1671.92,C404661,42380.29,43498.62,0,0
667,CASH_OUT,3233.67,C182168,12728.55,9494.88,C454824,25989.89,29223.56,0,0
34,PAYMENT,1109.95,C960379,1730.37,620.42,M109586,19813.45,20923.4,0,0
528,PAYMENT,5015.94,C418461,19494.53,14478.59,M533194,7473.81,12489.75,0,0
50,TRANSFER,232968.12,C623566,232968.12,0.0,C674605,20336.21,20336.21,1,1
202,TRANSFER,324785.14,C593936,324785.14,0.0,C793739,38924.65,38924.65,1,1
346,DEBIT,3422.78,C473096,5783.81,2361.02,C277182,1526.7,4949.48,0,0
629,DEBIT,6271.89,C210282,20564.47,14292.58,C321538,15649.93,21921.82,0,0
471,CASH_OUT,1147.44,C188567,3295.73,2148.29,C910068,12035.98,13183.42,0,0
709,CASH_OUT,3159.0,C869680,9324.72,6165.72,C414221,9734.91,12893.92,0,0
554,TRANSFER,146476.48,C572398,146476.48,0.0,C996606,971.76,971.76,1,0
217,PAYMENT,765.69,C502576,932.33,166.64,M460372,33004.52,33770.21,0,0
308,CASH_OUT,2625.72,C366404,6441.92,3816.19,C924028,36644.67,39270.39,0,0
581,CASH_OUT,2861.51,C242049,10045.41,7183.89,C847590,46794.89,49656.41,0,0
273,CASH_OUT,1751.44,C323989,5029.01,3277.57,C950153,21259.8,23011.24,0,0
670,CASH_OUT,4088.69,C653667,18763.52,14674.83,C137780,7240.62,11329.31,0,0
21,TRANSFER,4256.5,C529857,11579.71,7323.2,C635916,34708.14,38964.65,0,0
49,PAYMENT,3312.86,C388384,9822.48,6509.62,M604204,10126.08,13438.95,0,0
683,TRANSFER,1079.95,C448109,2940.5,1860.55,C487684,23930.62,25010.57,0,0
186,DEBIT,6199.33,C569045,12078.21,5878.88,C158650,16521.31,22720.64,0,0
614,CASH_OUT,471.04,C430019,1218.31,747.27,C706070,25608.36,26079.4,0,0
261,CASH_IN,1751.46,C125622,3154.87,1403.41,C608911,20998.4,22749.86,0,0
657,PAYMENT,6847.65,C852341,34211.1,27363.45,M378833,16249.55,23097.19,0,0
564,TRANSFER,1621.09,C281854,2746.37,1125.28,C568735,18978.6,20599.69,0,0
556,CASH_OUT,4177.87,C138909,20216.21,16038.34,C381648,23192.08,27369.95,0,0
467,TRANSFER,2190.69,C258516,4631.06,2440.36,C797105,47186.57,49377.27,0,0
30,PAYMENT,1951.33,C635518,8795.4,6844.07,M969733,26611.97,28563.3,0,0
199,CASH_OUT,958.34,C402388,2239.64,1281.29,C576697,48012.25,48970.59,0,0
627,PAYMENT,6813.29,C177332,17713.47,10900.18,M808854,36630.61,43443.9,0,0
411,CASH_OUT,1723.65,C948158,2243.2,519.54,C495124,47938.25,49661.91,0,0
449,CASH_IN,3529.03,C588775,7802.4,4273.37,C276225,15156.68,18685.72,0,0
366,CASH_OUT,523.39,C336830,699.15,175.76,C540769,17308.46,17831.85,0,0
88,PAYMENT,468.32,C157755,1520.49,1052.17,M895365,20868.49,21336.81,0,0
624,TRANSFER,2482.87,C770740,11162.98,8680.11,C380356,44420.9,46903.78,0,0
527,PAYMENT,239.13,C270372,1050.07,810.94,M154808,43261.4,43500.54,0,0
234,DEBIT,5501.29,C605931,25088.22,19586.93,C815400,27861.0,33362.29,0,0
650,TRANSFER,1078.69,C905482,4698.09,3619.41,C346309,19106.2,20184.89,0,0
646,TRANSFER,940.4,C516790,2544.3,1603.9,C976587,47004.3,47944.7,0,0
558,TRANSFER,3598.77,C521439,15124.81,11526.04,C523030,22879.06,26477.83,0,0
735,CASH_OUT,135771.89,C680484,135771.89,0.0,C981065,18335.43,154107.32,1,0
381,CASH_IN,4377.87,C298187,18335.85,13957.99,C983726,34242.94,38620.81,0,0
51,TRANSFER,7653.83,C344965,10267.42,2613.59,C902271,22496.93,30150.75,0,0
533,PAYMENT,2152.81,C373072,3191.02,1038.21,M410569,6437.04,8589.85,0,0
407,PAYMENT,22215.77,C572671,22527.2,311.44,M990148,1867.67,24083.44,0,0
146,CASH_OUT,3215.31,C468102,10517.43,7302.12,C410894,48564.76,51780.07,0,0
177,TRANSFER,6006.05,C633893,13770.42,7764.37,C997525,49122.1,55128.14,0,0
577,CASH_OUT,137979.83,C530802,137979.83,0.0,C152243,46057.92,184037.75,1,0
215,PAYMENT,8979.04,C320851,21332.77,12353.74,M600929,45452.54,54431.57,0,0
441,PAYMENT,1402.12,C348053,5767.86,4365.74,M199341,27388.94,28791.06,0,0
99,CASH_IN,9662.04,C509251,15664.61,6002.56,C106732,2176.84,11838.88,0,0
416,CASH_OUT,5556.75,C376925,23604.79,18048.04,C926297,10099.3,15656.04,0,0
278,CASH_IN,11896.56,C569134,19554.95,7658.39,C170687,9471.77,21368.33,0,0
181,DEBIT,1974.9,C630413,2260.49,285.59,C628658,16410.35,18385.26,0,0
743,TRANSFER,13330.86,C818954,44371.57,31040.71,C720390,43410.24,56741.1,0,0
622,CASH_OUT,2083.26,C124406,4211.23,2127.97,C615904,44278.69,46361.95,0,0
567,PAYMENT,1662.36,C639486,4458.71,2796.35,M697446,5393.88,7056.25,0,0
355,TRANSFER,3622.14,C126547,15614.01,11991.87,C194472,21670.8,25292.94,0,0
542,DEBIT,2042.95,C393797,7311.43,5268.49,C645961,9265.01,11307.96,0,0
128,TRANSFER,1930.94,C240313,9645.78,7714.84,C522994,29171.39,31102.33,0,0
364,PAYMENT,215.57,C795087,923.38,707.81,M249273,14148.62,14364.19,0,0
191,PAYMENT,4402.06,C956334,21564.33,17162.27,M607726,12038.16,16440.22,0,0
134,CASH_OUT,4027.74,C764407,10532.27,6504.53,C538201,43187.83,47215.57,0,0
444,PAYMENT,1210.35,C445282,5950.72,4740.38,M166141,13885.71,15096.06,0,0
308,TRANSFER,6890.1,C544540,31216.26,24326.16,C938394,15197.17,22087.27,0,0
398,PAYMENT,12242.34,C930171,46274.46,34032.12,M400877,20365.61,32607.95,0,0
334,CASH_IN,7044.49,C359073,29862.94,22818.45,C323080,6836.88,13881.36,0,0
168,CASH_IN,287.23,C903765,691.81,404.58,C570452,21718.07,22005.3,0,0
207,TRANSFER,6418.98,C609740,6886.27,467.29,C337644,40207.82,46626.8,0,0
369,PAYMENT,2710.19,C117839,3699.42,989.23,M937769,22104.2,24814.39,0,0
269,CASH_OUT,3822.82,C393702,14295.14,10472.31,C889417,46656.07,50478.9,0,0
355,PAYMENT,2909.03,C642353,4130.11,1221.08,M476526,1606.17,4515.19,0,0
146,TRANSFER,6688.0,C419649,16763.87,10075.87,C505633,28908.76,35596.76,0,0
581,CASH_OUT,9821.86,C463116,9990.07,168.22,C481767,44329.22,54151.07,0,0
103,TRANSFER,10927.95,C173185,41381.27,30453.32,C599961,27190.37,38118.32,0,0
599,CASH_OUT,6033.71,C760773,13283.56,7249.86,C139305,21980.85,28014.56,0,0
498,TRANSFER,1172.97,C288405,4188.82,3015.85,C479575,35317.34,36490.31,0,0
7,PAYMENT,2850.35,C116057,12020.27,9169.93,M625598,27081.95,29932.3,0,0
604,CASH_OUT,3879.47,C657437,16812.19,12932.72,C475735,36429.73,40309.2,0,0
133,CASH_OUT,11464.01,C105704,20031.5,8567.49,C232848,17888.28,29352.29,0,0
154,CASH_IN,1533.35,C344955,1944.95,411.6,C417477,21370.18,22903.52,0,0
654,CASH_IN,6461.12,C130844,15863.99,9402.87,C476645,4097.85,10558.98,0,0
65,DEBIT,19417.29,C575428,58885.45,39468.15,C926064,17587.6,37004.89,0,0
381,TRANSFER,6199.16,C760531,18710.98,12511.82,C240661,45865.18,52064.35,0,0
670,CASH_OUT,412.78,C984015,770.44,357.66,C510761,42298.94,42711.72,0,0
6,TRANSFER,877.05,C897455,4177.03,3299.98,C719675,38196.31,39073.36,0,0
85,CASH_IN,5462.32,C913842,25065.57,19603.25,C205696,22218.73,27681.05,0,0
580,CASH_OUT,1404.84,C850377,6181.53,4776.69,C328289,30357.85,31762.69,0,0
542,PAYMENT,4037.24,C234556,19096.08,15058.84,M416131,12227.93,16265.17,0,0
588,CASH_IN,1037.25,C664240,1453.53,416.28,C945377,7839.99,8877.24,0,0
360,PAYMENT,2106.12,C828309,7436.01,5329.89,M262650,6495.84,8601.96,0,0
391,CASH_OUT,1547.1,C621291,3363.26,1816.16,C398510,10967.78,12514.88,0,0
732,PAYMENT,10430.78,C370445,15802.33,5371.54,M226866,2202.98,12633.76,0,0
307,CASH_OUT,3146.14,C646588,15210.95,12064.8,C742313,1561.27,4707.42,0,0
652,CASH_IN,2082.08,C906702,7427.79,5345.71,C744158,48483.9,50565.97,0,0
387,PAYMENT,2814.1,C149948,10591.37,7777.27,M659013,21356.32,24170.42,0,0
633,CASH_OUT,2953.75,C734958,14259.37,11305.62,C142738,44013.57,46967.32,0,0
705,PAYMENT,2761.36,C585081,4023.28,1261.92,M827245,27689.11,30450.47,0,0
489,PAYMENT,12518.11,C407732,48932.92,36414.81,M250025,17807.84,30325.96,0,0
153,PAYMENT,2790.79,C888419,12116.07,9325.28,M162979,30981.73,33772.52,0,0
734,CASH_IN,9503.86,C591135,28995.26,19491.4,C732020,15635.09,25138.96,0,0
624,PAYMENT,1004.38,C699176,1401.73,397.35,M700310,21953.94,22958.32,0,0
441,CASH_IN,3024.64,C625400,11270.23,8245.59,C590492,17281.91,20306.55,0,0
228,PAYMENT,3065.62,C486503,6076.09,3010.47,M433390,32753.16,35818.78,0,0
301,PAYMENT,2595.96,C836332,11557.48,8961.52,M842711,21125.17,23721.13,0,0
112,PAYMENT,1845.85,C776069,4478.45,2632.6,M813895,41726.36,43572.22,0,0
8,CASH_IN,6181.03,C907984,19902.31,13721.28,C325743,15116.46,21297.49,0,0
356,TRANSFER,1157.82,C431422,5176.98,4019.16,C862638,32389.95,33547.77,0,0
121,CASH_OUT,5579.47,C835193,18777.34,13197.87,C501252,11876.61,17456.09,0,0
429,TRANSFER,1440.96,C246149,5021.07,3580.11,C813209,8631.05,10072.01,0,0
176,TRANSFER,1093.59,C725927,1170.43,76.84,C211118,31150.79,32244.38,0,0
279,CASH_IN,3622.26,C405169,14692.7,11070.44,C640735,4648.52,8270.78,0,0
330,TRANSFER,1391.67,C990330,4772.62,3380.95,C988639,9665.67,11057.34,0,0
245,CASH_OUT,1914.35,C627947,6154.29,4239.94,C529586,46932.39,48846.74,0,0
393,TRANSFER,264.28,C715438,271.94,7.67,C550587,49409.36,49673.64,0,0
388,CASH_OUT,3017.46,C373445,11394.74,8377.28,C306123,38501.65,41519.11,0,0
179,DEBIT,553.61,C902560,1029.7,476.09,C122836,2340.18,2893.79,0,0
262,PAYMENT,4634.86,C255304,14109.48,9474.62,M288338,35259.56,39894.42,0,0
501,CASH_IN,970.2,C659834,4215.96,3245.77,C834705,34654.56,35624.76,0,0
373,CASH_OUT,902.86,C189831,3379.98,2477.12,C177400,28231.44,29134.3,0,0
589,PAYMENT,2013.02,C923207,3641.85,1628.84,M448053,19707.37,21720.38,0,0
414,CASH_OUT,4676.32,C107101,8549.66,3873.34,C424639,19163.26,23839.58,0,0
648,CASH_IN,1816.19,C797268,6002.35,4186.17,C622283,41656.06,43472.25,0,0
32,PAYMENT,1124.17,C792241,3345.04,2220.87,M441094,31125.02,32249.19,0,0
582,PAYMENT,516.54,C965010,2563.19,2046.65,M740546,14379.51,14896.05,0,0
239,CASH_OUT,3145.62,C466296,9813.06,6667.44,C401729,42250.3,45395.92,0,0
604,TRANSFER,28153.68,C803552,71934.3,43780.62,C784028,19656.45,47810.13,0,0
117,PAYMENT,4153.48,C494823,11280.35,7126.87,M754942,43307.12,47460.6,0,0
326,PAYMENT,5414.32,C797133,26887.7,21473.38,M378930,26794.34,32208.66,0,0
192,TRANSFER,741.3,C489512,1528.67,787.37,C657827,22548.97,23290.27,0,0
601,TRANSFER,6003.38,C257879,28271.91,22268.53,C800662,35288.32,41291.7,0,0
324,CASH_OUT,3946.92,C690246,18631.7,14684.78,C655563,34520.19,38467.12,0,0
722,CASH_IN,856.29,C322424,1409.83,553.54,C568702,10727.3,11583.59,0,0
98,CASH_IN,11961.1,C755439,58552.05,46590.95,C983250,2436.68,14397.77,0,0
458,PAYMENT,6917.36,C443929,22364.54,15447.19,M226691,43137.45,50054.81,0,0
403,PAYMENT,1438.16,C326392,7139.88,5701.73,M621819,21405.23,22843.39,0,0
511,PAYMENT,2260.96,C711438,4537.82,2276.87,M189364,19055.19,21316.14,0,0
214,PAYMENT,260.09,C338962,538.92,278.83,M527704,3161.96,3422.05,0,0
180,CASH_OUT,6965.44,C816432,9795.41,2829.98,C328443,17677.89,24643.32,0,0
82,CASH_OUT,289.32,C437563,453.32,163.99,C797499,30113.32,30402.64,0,0
714,PAYMENT,1642.47,C591338,5591.47,3949.0,M486678,28027.72,29670.19,0,0
711,CASH_IN,1016.21,C783755,2044.78,1028.57,C471983,47021.0,48037.21,0,0
691,CASH_OUT,3810.18,C320967,13801.48,9991.3,C334625,29825.94,33636.12,0,0
358,CASH_OUT,600.42,C306337,1091.0,490.58,C738272,38452.23,39052.65,0,0
290,CASH_IN,708.75,C350690,789.82,81.07,C659421,45490.01,46198.75,0,0
193,TRANSFER,2933.95,C165074,5791.09,2857.13,C158204,3083.16,6017.11,0,0
294,CASH_OUT,8485.66,C383884,15238.55,6752.88,C655284,37303.7,45789.37,0,0
387,PAYMENT,1394.91,C515474,6337.08,4942.16,M713178,15263.73,16658.64,0,0
268,TRANSFER,507.32,C580693,1369.11,861.8,C285576,1380.36,1887.68,0,0
123,CASH_IN,3209.71,C789981,14427.12,11217.41,C852345,39578.03,42787.74,0,0
600,PAYMENT,7915.49,C192930,39523.72,31608.23,M197812,9483.61,17399.1,0,0
432,CASH_IN,2842.88,C299530,9407.8,6564.91,C367993,35398.35,38241.23,0,0
605,CASH_OUT,2359.59,C716225,8448.26,6088.67,C365467,28094.99,30454.58,0,0
446,CASH_OUT,2667.01,C948329,9940.46,7273.45,C742924,22749.36,25416.37,0,0
176,CASH_OUT,1670.1,C320638,4303.06,2632.97,C526986,10489.08,12159.18,0,0
519,PAYMENT,3385.82,C664410,12700.51,9314.69,M867915,23826.22,27212.03,0,0
482,PAYMENT,362.57,C244582,1442.49,1079.93,M452646,38019.78,38382.35,0,0
649,PAYMENT,1281.74,C289932,6266.46,4984.73,M304685,28146.55,29428.29,0,0
521,CASH_IN,2401.02,C395206,9099.62,6698.59,C433777,3086.06,5487.08,0,0
269,CASH_OUT,3080.23,C799545,15202.1,12121.88,C502894,14902.44,17982.67,0,0
569,TRANSFER,18471.38,C470334,60675.77,42204.39,C486757,23894.35,42365.73,0,0
382,PAYMENT,998.74,C868475,1514.64,515.9,M983936,47327.11,48325.85,0,0
555,CASH_OUT,1182.61,C674382,5394.19,4211.58,C934151,48971.64,50154.25,0,0
158,TRANSFER,5485.31,C506885,8163.33,2678.01,C612703,9872.02,15357.33,0,0
648,PAYMENT,8370.74,C255312,38472.72,30101.98,M372159,5559.46,13930.2,0,0
245,PAYMENT,969.28,C819012,4641.77,3672.5,M282159,47730.61,48699.89,0,0
638,CASH_OUT,327616.01,C978269,327616.01,0.0,C149314,27923.5,355539.51,1,1
593,CASH_OUT,8509.41,C428897,36688.15,28178.75,C397386,8600.27,17109.68,0,0
317,TRANSFER,9853.62,C174155,35014.7,25161.08,C976223,18525.83,28379.45,0,0
397,CASH_OUT,387.21,C826272,816.08,428.87,C493258,12820.47,13207.68,0,0
242,PAYMENT,10941.34,C398489,14284.67,3343.33,M217926,5242.37,16183.71,0,0
125,CASH_OUT,634.41,C230078,1587.87,953.46,C793956,14466.04,15100.44,0,0
296,PAYMENT,4408.08,C878985,11261.73,6853.65,M726946,26791.76,31199.84,0,0
652,PAYMENT,1169.0,C951155,2749.99,1580.99,M667730,5814.02,6983.02,0,0
273,CASH_OUT,148.2,C567375,358.73,210.53,C599302,14410.88,14559.08,0,0
545,DEBIT,5477.53,C758672,25842.78,20365.25,C407977,37951.91,43429.44,0,0
223,PAYMENT,3569.12,C481339,14450.25,10881.12,M268561,43886.04,47455.16,0,0
252,CASH_OUT,5885.28,C455125,26946.75,21061.47,C145310,1075.52,6960.8,0,0
463,CASH_OUT,7817.76,C431429,17261.06,9443.29,C996553,21886.53,29704.29,0,0
456,CASH_IN,2286.16,C538133,6164.91,3878.75,C454489,42562.78,44848.94,0,0
284,PAYMENT,806.5,C974403,3873.92,3067.42,M548520,42201.15,43007.65,0,0
420,CASH_IN,1871.32,C180570,6354.92,4483.61,C720909,12456.37,14327.69,0,0
227,PAYMENT,2313.72,C535643,6003.26,3689.54,M688845,7275.58,9589.3,0,0
49,TRANSFER,479.75,C209570,1927.36,1447.61,C981979,11441.24,11920.99,0,0
460,TRANSFER,715.09,C145113,1934.4,1219.32,C158791,6985.22,7700.31,0,0
469,PAYMENT,6145.31,C363498,28806.93,22661.62,M729065,39642.36,45787.67,0,0
121,PAYMENT,1277.74,C758402,5721.5,4443.76,M598493,4077.46,5355.2,0,0
427,CASH_OUT,6362.11,C869244,12822.89,6460.78,C809380,16899.19,23261.3,0,0
506,PAYMENT,3468.56,C847662,9851.64,6383.08,M182124,39230.86,42699.42,0,0
641,CASH_OUT,1010.24,C317834,1822.79,812.55,C556319,45408.73,46418.97,0,0
214,TRANSFER,2577.3,C222217,9433.24,6855.94,C246101,39407.02,41984.32,0,0
112,CASH_OUT,111387.64,C232316,111387.64,0.0,C167952,34141.86,145529.51,1,0
347,CASH_OUT,5104.87,C418393,6090.0,985.12,C727601,18895.34,24000.21,0,0
559,PAYMENT,459.84,C128380,1418.13,958.29,M577563,36158.87,36618.72,0,0
602,TRANSFER,229.24,C544605,1014.28,785.04,C828666,11925.48,12154.72,0,0
173,CASH_OUT,2345.53,C813341,9349.9,7004.37,C257908,40331.25,42676.77,0,0
53,TRANSFER,271.47,C475433,539.1,267.63,C202885,7588.28,7859.75,0,0
437,PAYMENT,228.29,C852249,987.63,759.35,M859510,29776.77,30005.06,0,0
272,PAYMENT,4272.64,C589706,9566.95,5294.31,M387551,43713.81,47986.45,0,0
89,PAYMENT,8820.56,C384513,36375.83,27555.28,M892332,12543.49,21364.05,0,0
197,CASH_OUT,337690.2,C450579,337690.2,0.0,C149008,17222.07,354912.27,1,1
80,CASH_IN,4999.79,C391548,24414.79,19415.0,C427367,39461.51,44461.29,0,0
417,CASH_IN,4835.55,C737559,11324.71,6489.16,C918454,18465.47,23301.02,0,0
459,CASH_OUT,224.63,C470371,915.8,691.17,C585774,36275.0,36499.63,0,0
91,CASH_OUT,319736.63,C207966,319736.63,0.0,C793187,16905.33,336641.96,1,1
146,CASH_OUT,3304.27,C210078,7694.64,4390.37,C888297,955.68,4259.95,0,0
216,PAYMENT,6450.62,C998182,20649.78,14199.16,M375538,34702.28,41152.9,0,0
391,PAYMENT,544.63,C129605,768.6,223.97,M695890,4335.62,4880.25,0,0
399,TRANSFER,2032.82,C765609,9478.57,7445.75,C692135,25147.93,27180.76,0,0
268,CASH_IN,2545.79,C148423,5285.2,2739.41,C667161,30123.86,32669.65,0,0
97,CASH_IN,1820.68,C810114,6164.16,4343.49,C979761,25284.48,27105.16,0,0
661,CASH_IN,4773.45,C157326,18024.3,13250.85,C109864,17174.07,21947.52,0,0
334,CASH_OUT,2145.47,C110372,8073.9,5928.43,C599900,28961.05,31106.52,0,0
723,PAYMENT,3182.51,C195856,7613.77,4431.27,M524477,33040.96,36223.46,0,0
161,TRANSFER,382.4,C776608,674.22,291.81,C333829,16388.15,16770.55,0,0
201,PAYMENT,1940.83,C544056,6008.62,4067.79,M715929,7176.3,9117.14,0,0
665,DEBIT,5774.59,C369861,8085.42,2310.84,C309939,46732.77,52507.36,0,0
625,CASH_IN,168.21,C277452,607.86,439.65,C498944,19528.24,19696.45,0,0
33,PAYMENT,171.82,C128688,558.17,386.35,M385233,23531.29,23703.11,0,0
647,CASH_OUT,2627.77,C805722,7606.76,4979.0,C565393,37894.96,40522.73,0,0
600,PAYMENT,2165.5,C578388,4282.21,2116.71,M789963,26628.27,28793.77,0,0
130,CASH_OUT,291642.12,C699688,291642.12,0.0,C670722,16510.62,308152.74,1,1
211,CASH_OUT,3567.0,C590073,5661.27,2094.27,C720137,48523.14,52090.14,0,0
684,TRANSFER,1257.55,C347387,1357.55,100.0,C770207,27290.42,28547.97,0,0
88,CASH_OUT,572.74,C289836,1681.68,1108.94,C726112,26500.44,27073.18,0,0
476,TRANSFER,6239.08,C603747,10140.19,3901.1,C423973,17518.74,23757.82,0,0
343,CASH_OUT,6043.62,C919227,8714.94,2671.31,C738100,41557.61,47601.23,0,0
420,PAYMENT,9845.48,C674281,11589.82,1744.33,M472924,37612.27,47457.75,0,0
651,CASH_IN,212.15,C160964,774.34,562.19,C546894,18875.77,19087.92,0,0
495,PAYMENT,13687.9,C980910,27800.99,14113.09,M765508,23212.65,36900.55,0,0
406,PAYMENT,1975.49,C418316,5401.33,3425.84,M125437,23625.12,25600.61,0,0
336,PAYMENT,1144.31,C576113,1843.17,698.87,M685093,44395.24,45539.55,0,0
613,TRANSFER,3640.45,C608377,13251.29,9610.84,C559319,14803.41,18443.87,0,0
361,CASH_IN,134.5,C464758,267.68,133.18,C145955,5647.78,5782.28,0,0
73,CASH_IN,3367.31,C349406,14960.66,11593.36,C872467,1263.04,4630.35,0,0
184,TRANSFER,8069.45,C760792,18804.19,10734.74,C288297,47272.01,55341.46,0,0
293,PAYMENT,1621.03,C524502,6640.84,5019.81,M831685,2005.9,3626.93,0,0
243,CASH_IN,953.18,C873940,1490.01,536.83,C723031,26274.84,27228.02,0,0
263,PAYMENT,446.37,C168745,1009.12,562.75,M660605,43821.77,44268.13,0,0
615,TRANSFER,12323.38,C704730,26921.87,14598.49,C744838,31552.56,43875.94,0,0
689,TRANSFER,4413.19,C782851,5996.85,1583.65,C608653,32420.34,36833.53,0,0
173,CASH_OUT,7772.59,C228345,31609.52,23836.92,C579053,40691.14,48463.74,0,0
140,PAYMENT,1184.56,C276950,3099.71,1915.15,M499185,35241.85,36426.4,0,0
659,TRANSFER,393.52,C590167,639.88,246.36,C451696,12869.71,13263.24,0,0
61,CASH_IN,2138.79,C648536,6571.96,4433.16,C539378,26329.88,28468.67,0,0
707,CASH_OUT,4370.2,C707518,9981.78,5611.58,C452410,28995.24,33365.44,0,0
165,CASH_IN,9338.41,C786345,45791.58,36453.17,C148167,46984.52,56322.94,0,0
493,TRANSFER,10421.4,C678759,47199.36,36777.95,C817510,12596.9,23018.3,0,0
196,PAYMENT,4997.64,C470425,13500.72,8503.08,M831362,49779.69,54777.32,0,0
639,TRANSFER,10976.16,C248293,24134.01,13157.85,C496539,14805.05,25781.21,0,0
322,DEBIT,451.44,C275225,652.36,200.91,C895043,45115.51,45566.95,0,0
561,CASH_OUT,10507.64,C100415,13062.31,2554.67,C700729,44964.85,55472.48,0,0
121,TRANSFER,6126.68,C683053,23250.86,17124.18,C293786,34762.9,40889.57,0,0
576,CASH_OUT,1021.68,C362696,4903.75,3882.07,C644428,1870.65,2892.33,0,0
600,TRANSFER,352.9,C584331,1566.66,1213.76,C495198,39001.7,39354.6,0,0
611,PAYMENT,1041.79,C724351,2601.02,1559.23,M163474,9538.77,10580.56,0,0
65,PAYMENT,2534.65,C669205,9680.72,7146.07,M706776,8192.36,10727.01,0,0
342,TRANSFER,2513.52,C109013,11490.11,8976.59,C532329,40352.23,42865.75,0,0
503,PAYMENT,999.15,C286845,2578.4,1579.25,M508039,32862.59,33861.74,0,0
446,PAYMENT,275.26,C726300,1241.92,966.65,M147219,4451.64,4726.9,0,0
686,CASH_IN,1718.03,C953167,7498.82,5780.79,C466540,43258.59,44976.62,0,0
664,PAYMENT,678.74,C534166,1053.63,374.89,M990238,7048.04,7726.78,0,0
633,CASH_IN,5903.33,C754949,24449.74,18546.41,C395943,23183.22,29086.55,0,0
218,CASH_IN,839.47,C585303,4138.89,3299.42,C778627,40480.69,41320.15,0,0
88,CASH_OUT,2018.06,C155313,8841.44,6823.38,C129870,34969.12,36987.19,0,0
339,PAYMENT,2055.94,C995828,10142.02,8086.08,M385818,16777.24,18833.18,0,0
570,PAYMENT,6243.16,C169353,21418.46,15175.31,M981461,26430.23,32673.39,0,0
47,TRANSFER,5237.79,C641629,25394.37,20156.58,C195140,39091.9,44329.69,0,0
96,PAYMENT,761.98,C115852,3261.96,2499.98,M679649,17093.23,17855.21,0,0
179,CASH_OUT,226.98,C303014,1076.48,849.5,C658212,29512.96,29739.94,0,0
344,CASH_OUT,8956.55,C651719,19271.13,10314.58,C142290,36913.24,45869.79,0,0
544,CASH_OUT,278502.89,C839435,278502.89,0.0,C955447,5329.87,283832.76,1,1
552,PAYMENT,5295.87,C659168,6398.52,1102.65,M291037,2388.6,7684.47,0,0
465,CASH_OUT,1163.96,C615750,3177.53,2013.56,C974523,6541.16,7705.12,0,0
238,TRANSFER,5730.05,C164079,19722.97,13992.92,C689812,11625.63,17355.68,0,0
51,TRANSFER,298315.92,C455462,298315.92,0.0,C799848,31597.87,31597.87,1,1
601,TRANSFER,466.67,C632187,1177.08,710.41,C244444,38584.27,39050.94,0,0
678,TRANSFER,348756.93,C463211,348756.93,0.0,C296006,44864.83,44864.83,1,1
371,CASH_OUT,101271.59,C510346,101271.59,0.0,C972689,21637.54,122909.13,1,0
491,PAYMENT,1463.02,C461981,3946.83,2483.81,M313161,7705.6,9168.62,0,0
323,CASH_IN,2502.46,C132799,7950.36,5447.9,C976720,47846.66,50349.12,0,0
65,TRANSFER,1730.29,C380456,4302.02,2571.72,C907827,10154.0,11884.29,0,0
366,PAYMENT,32088.5,C221373,78799.04,46710.53,M432924,3546.36,35634.86,0,0
210,CASH_IN,1556.69,C696842,3499.27,1942.58,C503837,45344.78,46901.48,0,0
22,CASH_OUT,278.0,C649634,882.89,604.89,C729921,25995.49,26273.48,0,0
301,CASH_IN,12791.22,C934495,26204.8,13413.58,C230017,11036.11,23827.33,0,0
736,PAYMENT,1957.99,C689540,2532.74,574.74,M146904,20558.68,22516.67,0,0
97,PAYMENT,1057.95,C811525,1848.66,790.71,M289927,18095.35,19153.3,0,0
354,PAYMENT,4501.72,C315523,11537.04,7035.33,M336847,38420.96,42922.68,0,0
624,TRANSFER,8237.63,C617912,9877.49,1639.86,C486804,26443.52,34681.15,0,0
8,CASH_IN,11262.46,C414856,12426.94,1164.48,C885072,49509.32,60771.78,0,0
11,PAYMENT,327.37,C623099,822.82,495.45,M265600,43016.81,43344.18,0,0
323,CASH_IN,9851.26,C639899,10345.72,494.46,C253354,36508.07,46359.33,0,0
44,PAYMENT,2498.33,C183035,5973.41,3475.08,M904597,20293.01,22791.34,0,0
651,CASH_OUT,637.92,C830442,2272.62,1634.7,C267116,38761.36,39399.28,0,0
449,CASH_OUT,7171.57,C311965,16554.85,9383.28,C544550,16788.61,23960.18,0,0
654,TRANSFER,1530.33,C679002,4746.72,3216.39,C173285,34143.66,35674.0,0,0
648,CASH_OUT,573.07,C831401,2317.05,1743.98,C867113,42613.63,43186.7,0,0
434,TRANSFER,530.41,C973705,1382.69,852.29,C545278,23191.05,23721.46,0,0
623,CASH_OUT,824.73,C522376,1971.99,1147.25,C415239,34150.3,34975.04,0,0
601,TRANSFER,10030.24,C331899,31388.68,21358.44,C407455,42691.6,52721.84,0,0
150,PAYMENT,744.14,C692145,1233.17,489.03,M145900,6964.02,7708.16,0,0
139,CASH_OUT,7497.28,C871896,8864.87,1367.59,C814588,21441.41,28938.69,0,0
134,PAYMENT,4733.12,C269563,23566.26,18833.14,M239018,41047.36,45780.48,0,0
611,CASH_OUT,534.53,C623111,1422.68,888.15,C806658,9735.71,10270.24,0,0
225,PAYMENT,426.31,C706271,889.68,463.37,M407967,38512.91,38939.21,0,0
560,PAYMENT,11756.3,C243977,38977.92,27221.62,M613994,26344.47,38100.77,0,0
98,DEBIT,968.02,C619161,2327.92,1359.9,C289579,1518.29,2486.31,0,0
328,CASH_IN,1413.91,C976876,4736.92,3323.01,C374507,34126.12,35540.03,0,0
317,PAYMENT,303.94,C880788,1316.89,1012.95,M583304,2735.8,3039.74,0,0
719,PAYMENT,4244.82,C143558,14477.11,10232.28,M834742,9634.49,13879.31,0,0
366,CASH_OUT,2759.26,C887567,11240.24,8480.98,C778101,38017.92,40777.18,0,0
650,CASH_IN,4511.63,C884669,13400.11,8888.48,C686398,32210.77,36722.4,0,0
389,PAYMENT,2836.24,C992711,7046.48,4210.24,M852932,35026.2,37862.44,0,0
334,CASH_OUT,956.87,C901088,4724.08,3767.21,C385410,42162.92,43119.8,0,0
44,PAYMENT,2456.98,C354799,6436.24,3979.26,M485891,8927.35,11384.33,0,0
83,TRANSFER,7396.39,C530569,10608.29,3211.9,C473199,39690.78,47087.17,0,0
314,CASH_OUT,534.85,C681481,1400.2,865.35,C790944,2576.53,3111.38,0,0
75,PAYMENT,5551.94,C275931,9285.13,3733.18,M489347,17599.6,23151.54,0,0
411,CASH_OUT,701.09,C600590,1800.78,1099.69,C271140,42284.95,42986.04,0,0
584,PAYMENT,1269.44,C443367,1899.09,629.66,M616857,46131.76,47401.19,0,0
588,PAYMENT,2824.86,C726880,9306.96,6482.1,M590424,45753.34,48578.19,0,0
62,PAYMENT,1882.83,C993546,7965.58,6082.76,M534812,48340.68,50223.51,0,0
301,CASH_OUT,2769.51,C336641,4257.26,1487.75,C499319,46665.18,49434.69,0,0
191,CASH_IN,1583.78,C862183,3941.22,2357.43,C465747,30681.7,32265.49,0,0
665,TRANSFER,9530.95,C776124,46485.52,36954.56,C290984,6706.25,16237.21,0,0
450,PAYMENT,1406.05,C787477,5906.72,4500.67,M382469,26399.96,27806.01,0,0
177,PAYMENT,3834.06,C140058,18023.86,14189.8,M672551,12762.65,16596.71,0,0
367,TRANSFER,490.54,C383805,2435.83,1945.29,C922864,12584.77,13075.31,0,0
428,PAYMENT,707.16,C147577,1105.49,398.33,M587800,41436.23,42143.4,0,0
333,CASH_OUT,161.4,C645702,422.97,261.58,C193005,46348.26,46509.65,0,0
607,PAYMENT,336.19,C761449,1491.89,1155.7,M301926,43489.03,43825.22,0,0
729,CASH_OUT,159.63,C455281,465.93,306.3,C836626,43016.16,43175.79,0,0
165,CASH_IN,3136.61,C424437,8714.84,5578.23,C738412,38855.07,41991.68,0,0
138,TRANSFER,1393.25,C473555,3926.22,2532.97,C142262,35865.2,37258.45,0,0
542,PAYMENT,6447.7,C743606,13925.42,7477.72,M492278,9740.85,16188.56,0,0
31,CASH_IN,5899.34,C666417,28089.1,22189.76,C354935,7459.99,13359.33,0,0
333,PAYMENT,3470.82,C115063,5290.04,1819.23,M760083,17487.23,20958.05,0,0
118,TRANSFER,1056.74,C908987,3551.04,2494.3,C652359,22442.66,23499.4,0,0
562,PAYMENT,2684.2,C453807,6283.7,3599.49,M491988,565.33,3249.54,0,0
561,TRANSFER,2580.22,C288996,9726.81,7146.59,C526960,31694.19,34274.41,0,0
177,TRANSFER,1196.14,C322621,3159.23,1963.09,C149738,35635.15,36831.28,0,0
351,CASH_OUT,1546.81,C745171,2933.82,1387.01,C243622,18275.94,19822.76,0,0
368,TRANSFER,7882.94,C916570,17832.71,9949.77,C350927,11166.54,19049.48,0,0
121,CASH_OUT,864.15,C665904,2482.97,1618.81,C554500,43160.49,44024.65,0,0
590,TRANSFER,938.08,C208380,2403.63,1465.55,C817833,16244.79,17182.86,0,0
658,PAYMENT,9100.91,C767702,36078.88,26977.97,M818550,16147.03,25247.94,0,0
721,TRANSFER,4793.17,C687283,19636.97,14843.8,C589982,30547.92,35341.09,0,0
396,PAYMENT,6079.17,C450600,10948.99,4869.81,M183086,29171.45,35250.62,0,0
504,TRANSFER,310603.92,C637214,310603.92,0.0,C854719,13941.66,13941.66,1,1
334,TRANSFER,287224.44,C675883,287224.44,0.0,C230249,3773.9,3773.9,1,1
530,CASH_OUT,1856.18,C718496,2369.62,513.44,C167114,17723.57,19579.75,0,0
311,CASH_OUT,2208.59,C866809,6683.67,4475.08,C947182,2116.42,4325.01,0,0
583,CASH_OUT,1842.27,C170975,2714.21,871.94,C640856,39148.28,40990.54,0,0
205,CASH_OUT,3105.39,C366051,3921.25,815.86,C329652,12829.3,15934.7,0,0
202,TRANSFER,2084.06,C292077,3143.21,1059.15,C569313,25375.32,27459.38,0,0
694,PAYMENT,10157.52,C826610,41578.92,31421.4,M739375,42024.61,52182.13,0,0
668,PAYMENT,980.36,C533525,4714.26,3733.9,M129715,47949.41,48929.77,0,0
576,CASH_IN,2607.86,C244875,9169.85,6561.99,C368451,21228.35,23836.21,0,0
606,PAYMENT,5462.25,C370871,12725.9,7263.65,M286478,29771.46,35233.71,0,0
595,DEBIT,4022.44,C547246,7913.26,3890.82,C697330,27054.34,31076.78,0,0
424,TRANSFER,2077.57,C364340,4838.48,2760.91,C766451,20860.47,22938.05,0,0
705,CASH_IN,5031.48,C988603,19701.56,14670.07,C271481,17653.78,22685.27,0,0
485,TRANSFER,1513.9,C387901,4270.8,2756.9,C770659,26903.67,28417.57,0,0
481,DEBIT,752.58,C767719,1704.0,951.42,C280448,44486.12,45238.7,0,0
473,CASH_IN,3136.11,C121157,6115.03,2978.92,C541588,20232.13,23368.25,0,0
219,CASH_OUT,288930.69,C579742,288930.69,0.0,C780859,19823.77,308754.46,1,1
278,CASH_OUT,404.42,C322274,704.63,300.21,C250362,11356.75,11761.17,0,0
723,CASH_OUT,5238.35,C915813,17894.57,12656.22,C276507,49536.09,54774.44,0,0
143,CASH_IN,6710.93,C637110,20442.02,13731.09,C805576,35481.04,42191.97,0,0
568,DEBIT,406.03,C468167,1661.71,1255.68,C285024,5446.88,5852.91,0,0
239,PAYMENT,3732.97,C263396,7185.78,3452.8,M156764,45860.07,49593.04,0,0
139,PAYMENT,8890.22,C468903,30549.7,21659.48,M602704,40462.06,49352.28,0,0
161,CASH_IN,12779.12,C631369,28243.22,15464.1,C464860,34828.94,47608.06,0,0
86,CASH_OUT,190553.01,C482378,190553.01,0.0,C339990,33129.16,223682.18,1,0
567,CASH_OUT,288.03,C388835,1143.84,855.81,C729866,9031.91,9319.95,0,0
400,CASH_OUT,2119.26,C269559,2262.21,142.95,C502628,8004.73,10123.99,0,0
604,PAYMENT,4220.77,C455760,4711.06,490.28,M499840,31078.15,35298.93,0,0
455,CASH_IN,994.4,C735318,3438.31,2443.91,C741673,1886.26,2880.66,0,0
359,PAYMENT,1567.59,C119198,2049.46,481.87,M801565,19950.75,21518.34,0,0
8,TRANSFER,1083.35,C953826,1517.31,433.96,C780849,40471.19,41554.54,0,0
367,PAYMENT,996.54,C746868,3545.58,2549.03,M437468,23121.61,24118.16,0,0
600,TRANSFER,2965.97,C320826,10908.83,7942.86,C151150,1821.31,4787.28,0,0
231,TRANSFER,5951.49,C471007,11325.23,5373.74,C786235,26545.68,32497.17,0,0
471,CASH_OUT,5175.04,C895565,20580.82,15405.78,C725633,45215.38,50390.42,0,0
598,CASH_IN,1993.25,C227240,8882.84,6889.59,C272413,5928.36,7921.61,0,0
213,CASH_OUT,204056.62,C662943,204056.62,0.0,C832382,30476.02,234532.64,1,1
369,CASH_OUT,912.26,C416256,3509.63,2597.36,C111399,37247.85,38160.12,0,0
398,CASH_IN,1674.31,C405262,6034.44,4360.13,C159615,33279.52,34953.84,0,0
75,PAYMENT,6088.57,C474160,23396.37,17307.8,M870893,49089.67,55178.24,0,0
304,CASH_OUT,4434.27,C640638,17944.29,13510.01,C941252,46949.07,51383.34,0,0
582,CASH_OUT,1736.45,C326445,6896.32,5159.87,C758304,24757.1,26493.55,0,0
737,TRANSFER,4103.44,C912879,9277.23,5173.78,C235105,36826.06,40929.51,0,0
557,PAYMENT,705.93,C772305,839.63,133.7,M349720,10200.95,10906.87,0,0
479,PAYMENT,4942.11,C987542,10974.61,6032.5,M865625,47599.22,52541.33,0,0
208,PAYMENT,5209.76,C957624,16933.85,11724.08,M429132,28200.94,33410.7,0,0
220,CASH_OUT,137.18,C573212,506.76,369.58,C396081,21472.66,21609.85,0,0
615,CASH_OUT,110985.23,C607146,110985.23,0.0,C433589,28022.77,139007.99,1,0
111,PAYMENT,1765.83,C386243,7544.4,5778.57,M562422,45686.51,47452.34,0,0
118,PAYMENT,133.71,C315836,142.86,9.14,M882778,20673.38,20807.09,0,0
164,TRANSFER,5147.87,C937340,7907.1,2759.23,C763178,4881.69,10029.56,0,0
241,PAYMENT,2716.73,C949950,8578.63,5861.9,M497534,43104.75,45821.48,0,0
266,TRANSFER,9882.4,C453815,49124.39,39241.99,C243499,47980.08,57862.47,0,0
316,PAYMENT,8325.28,C962582,8785.57,460.29,M387010,27492.51,35817.79,0,0
43,CASH_OUT,2280.92,C368329,3225.62,944.7,C448492,23161.78,25442.7,0,0
233,CASH_OUT,7901.38,C970176,21047.14,13145.76,C218222,39346.47,47247.84,0,0
527,PAYMENT,834.23,C765040,3530.51,2696.28,M781066,13411.14,14245.37,0,0
180,PAYMENT,2647.19,C470868,4729.86,2082.67,M337741,38013.39,40660.58,0,0
354,CASH_OUT,9707.57,C966308,31671.34,21963.77,C409203,6854.43,16562.0,0,0
596,DEBIT,9747.22,C521645,22122.93,12375.71,C670197,8197.86,17945.09,0,0
683,PAYMENT,391.51,C478958,392.38,0.87,M861994,30611.81,31003.32,0,0
98,TRANSFER,1929.46,C721065,6950.51,5021.04,C580313,18128.89,20058.35,0,0
162,DEBIT,8953.21,C740956,25038.18,16084.97,C219229,27053.3,36006.52,0,0
641,TRANSFER,12914.39,C831573,30703.54,17789.15,C637091,32586.84,45501.23,0,0
577,CASH_OUT,5489.72,C136764,25260.97,19771.25,C585998,11318.15,16807.87,0,0
687,DEBIT,1441.75,C275556,5090.95,3649.2,C227976,49187.74,50629.5,0,0
404,PAYMENT,3338.68,C300065,15774.91,12436.24,M193391,42592.96,45931.64,0,0
157,TRANSFER,2798.09,C765522,5920.37,3122.28,C325880,14804.65,17602.74,0,0
673,TRANSFER,2423.31,C110019,8908.19,6484.88,C862078,18799.5,21222.8,0,0
723,PAYMENT,2921.26,C774472,10449.8,7528.54,M675985,8847.1,11768.36,0,0
511,PAYMENT,3664.89,C315045,6460.7,2795.81,M225885,45686.61,49351.49,0,0
194,DEBIT,217.93,C905739,451.88,233.95,C422742,23747.59,23965.53,0,0
168,PAYMENT,211.2,C465556,339.7,128.51,M396695,7523.32,7734.51,0,0
103,PAYMENT,12897.38,C734153,45308.82,32411.45,M608965,22808.02,35705.4,0,0
502,CASH_OUT,1780.67,C143638,7230.89,5450.22,C270134,30085.51,31866.18,0,0
74,TRANSFER,2376.02,C867360,8779.32,6403.3,C496743,28811.3,31187.32,0,0
259,PAYMENT,7023.07,C245384,19700.21,12677.14,M515335,699.25,7722.32,0,0
541,TRANSFER,1250.31,C363648,5436.95,4186.64,C430130,32385.46,33635.77,0,0
676,PAYMENT,7790.26,C658031,17830.13,10039.88,M833898,1163.54,8953.79,0,0
379,DEBIT,4515.32,C330804,5103.72,588.41,C888512,18989.26,23504.58,0,0
465,DEBIT,1305.14,C115628,5526.43,4221.29,C487994,46053.42,47358.57,0,0
446,TRANSFER,2442.01,C993185,4556.71,2114.7,C373994,6286.71,8728.71,0,0
174,PAYMENT,9523.42,C811562,19068.6,9545.18,M780575,36827.11,46350.53,0,0
678,PAYMENT,4922.65,C520871,15886.66,10964.01,M850039,44206.15,49128.79,0,0
339,PAYMENT,255.73,C184079,665.37,409.63,M491313,6953.07,7208.8,0,0
230,CASH_OUT,4425.21,C555755,20976.3,16551.09,C831563,28477.28,32902.49,0,0
728,CASH_OUT,2260.5,C440300,2631.18,370.69,C529960,44074.74,46335.24,0,0
277,TRANSFER,289279.8,C353007,289279.8,0.0,C594957,1749.94,1749.94,1,1
308,CASH_OUT,4238.44,C427521,18298.67,14060.23,C275477,2207.44,6445.89,0,0
349,CASH_IN,139.5,C741191,251.89,112.4,C663344,49691.62,49831.11,0,0
186,TRANSFER,2369.06,C575689,10579.4,8210.34,C907932,1579.44,3948.49,0,0
516,CASH_OUT,1756.43,C568492,8144.08,6387.64,C517935,39575.69,41332.13,0,0
730,CASH_IN,3578.78,C323923,14183.69,10604.9,C729364,41904.07,45482.85,0,0
266,PAYMENT,3801.72,C843218,11808.98,8007.26,M561107,9616.93,13418.65,0,0
348,TRANSFER,2448.47,C428885,3322.88,874.41,C685665,19678.36,22126.83,0,0
106,PAYMENT,1504.01,C287522,4741.95,3237.94,M319592,46004.22,47508.23,0,0
479,CASH_OUT,1830.26,C475038,7758.49,5928.23,C514380,20676.12,22506.37,0,0
309,TRANSFER,1036.85,C377085,1339.91,303.06,C982313,29672.75,30709.6,0,0
369,DEBIT,5181.31,C516584,13039.07,7857.76,C478997,24195.76,29377.07,0,0
600,CASH_OUT,4611.58,C371367,13192.33,8580.75,C349048,4782.21,9393.79,0,0
431,TRANSFER,122.79,C934385,608.89,486.1,C157965,18514.97,18637.76,0,0
145,PAYMENT,5690.69,C739061,21848.3,16157.62,M926949,26608.09,32298.77,0,0
47,CASH_IN,5541.9,C410719,15658.04,10116.14,C994933,10669.0,16210.89,0,0
389,CASH_OUT,3275.03,C931533,8721.92,5446.89,C815475,15349.58,18624.61,0,0
540,CASH_OUT,10218.84,C622471,39054.33,28835.48,C636761,37832.95,48051.8,0,0
326,TRANSFER,9877.39,C927946,26761.02,16883.62,C196988,38820.76,48698.16,0,0
17,CASH_IN,8940.09,C861733,41400.66,32460.57,C735361,26597.63,35537.71,0,0
263,PAYMENT,1188.12,C315448,2296.66,1108.54,M141430,25991.63,27179.75,0,0
347,CASH_OUT,363.41,C311980,1664.87,1301.45,C691296,22464.9,22828.31,0,0
332,TRANSFER,5640.24,C370789,22590.46,16950.22,C336192,47141.93,52782.17,0,0
741,CASH_OUT,14506.32,C340739,43740.57,29234.26,C669488,23060.01,37566.32,0,0
10,PAYMENT,3842.99,C258337,13223.7,9380.71,M624818,35563.77,39406.75,0,0
336,PAYMENT,1330.25,C863129,4361.41,3031.16,M102781,33007.31,34337.56,0,0
138,PAYMENT,409.17,C860263,481.59,72.41,M745553,27023.48,27432.65,0,0
607,CASH_OUT,15393.82,C689413,59572.47,44178.64,C322172,33044.93,48438.75,0,0
582,CASH_IN,2803.54,C614249,7908.04,5104.5,C736984,23374.69,26178.23,0,0
698,PAYMENT,9250.42,C984847,27389.77,18139.34,M996147,42179.39,51429.81,0,0
715,PAYMENT,3531.1,C995939,10570.3,7039.2,M625496,18672.16,22203.26,0,0
54,CASH_IN,4066.19,C957315,10689.96,6623.77,C656459,1789.87,5856.06,0,0
723,DEBIT,4987.47,C624712,14174.57,9187.1,C807259,21745.93,26733.4,0,0
18,TRANSFER,3113.88,C272596,10618.46,7504.59,C101304,32186.51,35300.38,0,0
133,CASH_OUT,877.66,C825750,1584.87,707.2,C134307,2580.8,3458.47,0,0
173,PAYMENT,3282.98,C353555,12702.64,9419.65,M873790,22644.74,25927.72,0,0
80,PAYMENT,3476.63,C244776,4246.93,770.29,M158933,31009.64,34486.27,0,0
446,DEBIT,8570.27,C894733,36443.75,27873.49,C186849,15602.9,24173.17,0,0
266,PAYMENT,6102.34,C916773,6333.62,231.28,M994277,680.51,6782.85,0,0
672,TRANSFER,711.79,C891376,1535.7,823.91,C531042,30923.93,31635.72,0,0
76,CASH_OUT,3192.98,C310997,10920.39,7727.41,C344790,6531.04,9724.02,0,0
277,PAYMENT,544.41,C608469,1435.24,890.83,M889649,1911.67,2456.08,0,0
664,TRANSFER,226718.05,C281171,226718.05,0.0,C305384,27484.21,27484.21,1,1
597,CASH_OUT,2624.85,C609135,2985.43,360.58,C290409,32834.95,35459.79,0,0
674,CASH_OUT,1026.52,C746762,4642.99,3616.46,C928008,27117.76,28144.29,0,0
71,TRANSFER,1848.71,C593985,3455.12,1606.41,C283501,38075.0,39923.72,0,0
264,TRANSFER,3309.56,C963039,10868.3,7558.74,C324350,2430.07,5739.63,0,0
351,TRANSFER,8844.91,C754492,32434.51,23589.6,C538868,23843.34,32688.25,0,0
9,PAYMENT,451.94,C829443,520.48,68.54,M328170,23112.41,23564.35,0,0
392,TRANSFER,6446.95,C521426,23597.06,17150.11,C145693,13706.79,20153.73,0,0
592,CASH_OUT,7642.16,C742757,28019.7,20377.54,C840870,35092.45,42734.61,0,0
11,CASH_OUT,2217.59,C997369,2957.84,740.25,C710912,38686.27,40903.86,0,0
249,CASH_IN,13738.55,C803407,49330.16,35591.61,C210406,45882.75,59621.3,0,0
150,CASH_IN,2613.07,C868454,3791.43,1178.36,C681592,31575.27,34188.34,0,0
283,CASH_OUT,1109.44,C509680,2593.62,1484.19,C233206,17406.63,18516.07,0,0
258,TRANSFER,5931.33,C300122,9660.53,3729.2,C564829,10917.88,16849.21,0,0
371,PAYMENT,3762.88,C761765,13082.17,9319.29,M837770,41131.76,44894.64,0,0
738,PAYMENT,4269.57,C187957,20672.16,16402.6,M376570,9132.22,13401.78,0,0
600,PAYMENT,292.14,C131152,1002.96,710.82,M466014,35909.98,36202.12,0,0
18,TRANSFER,1236.77,C141815,2252.32,1015.54,C558213,18529.08,19765.86,0,0
444,CASH_OUT,131993.71,C943171,131993.71,0.0,C743780,14885.99,146879.7,1,0
551,PAYMENT,750.41,C476276,3340.22,2589.81,M141446,25158.35,25908.76,0,0
549,CASH_IN,3601.92,C410062,8606.36,5004.44,C196666,24420.27,28022.19,0,0
691,CASH_OUT,1465.75,C484762,3609.52,2143.76,C634402,2751.16,4216.91,0,0
638,PAYMENT,1243.43,C662656,3882.0,2638.58,M177185,28040.39,29283.81,0,0
194,PAYMENT,8307.9,C427460,15972.25,7664.36,M695144,14924.41,23232.31,0,0
536,CASH_IN,1483.42,C293899,7040.05,5556.63,C906951,19916.98,21400.4,0,0
625,CASH_OUT,289967.39,C859401,289967.39,0.0,C174975,46266.4,336233.79,1,1
262,CASH_IN,7332.56,C986837,20777.53,13444.96,C606201,8579.49,15912.06,0,0
524,CASH_IN,743.22,C223731,771.96,28.74,C454000,4129.16,4872.38,0,0
401,TRANSFER,1276.65,C501889,3056.78,1780.12,C717690,24929.09,26205.75,0,0
319,TRANSFER,233.23,C459140,699.95,466.72,C127268,42793.94,43027.17,0,0
125,CASH_OUT,565.12,C531003,1763.58,1198.46,C648713,19382.72,19947.84,0,0
530,PAYMENT,975.32,C599248,1739.28,763.97,M258895,6965.89,7941.2,0,0
466,PAYMENT,1077.4,C654868,5201.57,4124.17,M738451,23357.78,24435.18,0,0
676,PAYMENT,6434.23,C385574,16939.86,10505.63,M930839,13509.74,19943.97,0,0
61,CASH_OUT,234.72,C808636,507.61,272.9,C835588,20977.47,21212.19,0,0
365,PAYMENT,7018.46,C399615,16265.63,9247.17,M148762,18722.61,25741.07,0,0
12,TRANSFER,606.97,C242675,1229.26,622.3,C430168,48688.61,49295.57,0,0
617,CASH_OUT,4177.09,C590783,9806.61,5629.52,C487185,6030.53,10207.62,0,0
38,PAYMENT,186.81,C632724,886.0,699.2,M110086,46091.2,46278.01,0,0
333,PAYMENT,1526.13,C101745,3476.81,1950.69,M899129,7983.55,9509.68,0,0
310,PAYMENT,394.59,C438668,1941.98,1547.39,M451150,45961.47,46356.06,0,0
386,CASH_OUT,3954.41,C171035,9672.31,5717.9,C103841,27471.23,31425.64,0,0
214,CASH_IN,118.29,C307382,560.05,441.76,C493769,25820.0,25938.29,0,0
549,PAYMENT,1464.43,C620848,1850.69,386.26,M102853,30944.85,32409.28,0,0
293,PAYMENT,11081.49,C577781,44107.56,33026.06,M185694,28574.6,39656.09,0,0
7,PAYMENT,4871.57,C830158,15237.91,10366.34,M740477,30621.36,35492.93,0,0
426,PAYMENT,3590.92,C200166,11754.49,8163.56,M923426,44570.47,48161.39,0,0
740,PAYMENT,101.16,C818655,292.24,191.09,M110270,1950.04,2051.19,0,0
191,TRANSFER,206614.52,C791794,206614.52,0.0,C801485,18997.81,18997.81,1,1
89,TRANSFER,915.67,C216048,2911.04,1995.36,C160941,49372.12,50287.79,0,0
301,PAYMENT,6100.18,C455973,8687.58,2587.4,M875896,20482.97,26583.15,0,0
67,TRANSFER,4893.05,C553685,9854.0,4960.95,C555457,43847.12,48740.17,0,0
239,PAYMENT,2059.82,C858049,9238.32,7178.5,M253807,38588.57,40648.39,0,0
582,PAYMENT,208.99,C915555,334.4,125.41,M745261,28319.73,28528.71,0,0
69,TRANSFER,9037.64,C222659,14521.91,5484.28,C161265,28564.05,37601.68,0,0
442,TRANSFER,5059.03,C104476,22078.15,17019.13,C720056,38209.75,43268.78,0,0
394,TRANSFER,1751.1,C756444,7635.01,5883.91,C198856,48289.26,50040.36,0,0
441,CASH_OUT,1138.5,C685422,3922.14,2783.63,C622386,16573.65,17712.15,0,0
716,CASH_IN,7393.67,C162778,33299.12,25905.45,C288791,9215.32,16608.98,0,0
533,PAYMENT,2947.25,C110272,5869.45,2922.2,M907503,12550.56,15497.8,0,0
191,DEBIT,3070.07,C653119,13766.37,10696.3,C875035,32451.78,35521.85,0,0
554,DEBIT,7213.21,C425786,22841.84,15628.63,C387058,16700.12,23913.33,0,0
365,PAYMENT,678.18,C882428,2110.15,1431.97,M506478,29915.55,30593.73,0,0
286,TRANSFER,283560.61,C459271,283560.61,0.0,C769037,16415.61,16415.61,1,1
138,PAYMENT,704.17,C146371,1825.08,1120.92,M649175,11881.3,12585.46,0,0
548,DEBIT,7636.62,C967414,36260.32,28623.71,C908344,17376.33,25012.94,0,0
240,CASH_IN,5915.39,C464211,6248.7,333.31,C615255,45352.33,51267.72,0,0
703,TRANSFER,1776.32,C249385,8231.65,6455.33,C345398,22347.69,24124.02,0,0
435,PAYMENT,12867.11,C203722,36105.72,23238.61,M777769,6024.05,18891.16,0,0
159,CASH_OUT,517.34,C377599,1452.39,935.05,C843106,10024.35,10541.68,0,0
570,PAYMENT,599.92,C867263,2638.85,2038.94,M604330,48912.7,49512.62,0,0
726,CASH_IN,696.02,C620715,1214.72,518.7,C243363,46377.41,47073.43,0,0
495,TRANSFER,343.42,C313869,690.56,347.14,C561811,10293.81,10637.23,0,0
556,TRANSFER,6390.22,C804825,18563.14,12172.92,C846201,49394.78,55785.0,0,0
384,PAYMENT,3807.94,C126440,16776.65,12968.71,M414587,47151.66,50959.6,0,0
6,CASH_OUT,15262.78,C461970,30494.04,15231.26,C723283,9454.67,24717.46,0,0
634,TRANSFER,631.27,C592807,2357.84,1726.57,C375337,15955.48,16586.75,0,0
303,DEBIT,1596.06,C956922,1814.75,218.69,C133512,14076.88,15672.94,0,0
480,CASH_IN,2797.79,C720096,10744.77,7946.98,C150093,3282.37,6080.17,0,0
637,CASH_IN,1195.14,C771833,1774.67,579.53,C143815,28162.2,29357.34,0,0
42,PAYMENT,4191.07,C896728,9859.25,5668.18,M553413,48403.84,52594.91,0,0
456,CASH_IN,507.4,C598863,587.51,80.1,C571091,30333.96,30841.36,0,0
550,CASH_IN,5813.73,C871280,25813.37,19999.63,C511864,18302.02,24115.75,0,0
536,PAYMENT,10274.34,C469915,16183.53,5909.19,M491170,45199.15,55473.49,0,0
2,CASH_OUT,3380.68,C943976,7894.38,4513.7,C759763,41419.16,44799.84,0,0
252,PAYMENT,9515.57,C289001,26731.67,17216.1,M185265,36855.14,46370.71,0,0
697,PAYMENT,882.58,C975534,2798.02,1915.44,M975792,22290.84,23173.42,0,0
563,CASH_OUT,151623.35,C282992,151623.35,0.0,C362084,20588.23,172211.58,1,0
594,PAYMENT,19643.63,C340456,77518.26,57874.63,M312690,4828.78,24472.41,0,0
179,TRANSFER,9095.53,C159938,30899.35,21803.82,C105149,9761.87,18857.4,0,0
192,CASH_OUT,1540.94,C257720,3892.58,2351.64,C524306,36865.4,38406.34,0,0
525,PAYMENT,4847.97,C873386,6452.29,1604.32,M274039,26406.92,31254.89,0,0
462,CASH_OUT,5587.9,C729505,23650.48,18062.57,C856391,23457.48,29045.38,0,0
561,CASH_IN,5652.17,C898241,21648.64,15996.47,C763662,7209.47,12861.64,0,0
544,PAYMENT,1043.29,C663425,4834.11,3790.82,M495750,25381.14,26424.43,0,0
179,CASH_OUT,100.61,C262198,166.06,65.44,C404629,44189.6,44290.22,0,0
314,PAYMENT,1709.23,C278751,4547.89,2838.67,M323293,31619.87,33329.1,0,0
369,TRANSFER,1460.04,C628382,1700.07,240.03,C168466,25035.39,26495.43,0,0
36,CASH_OUT,1286.77,C232933,6345.5,5058.73,C405718,18990.65,20277.42,0,0
110,CASH_OUT,138316.97,C738435,138316.97,0.0,C632587,27899.62,166216.58,1,0
389,CASH_OUT,1579.17,C963735,3789.57,2210.39,C576663,27379.12,28958.29,0,0
321,CASH_OUT,1422.93,C458316,7032.15,5609.22,C818387,23574.04,24996.97,0,0
628,CASH_OUT,391.99,C203376,1576.59,1184.6,C707563,970.56,1362.55,0,0
664,PAYMENT,8771.31,C120734,23044.07,14272.76,M516101,13847.57,22618.88,0,0
444,PAYMENT,6920.75,C754465,17292.28,10371.52,M670100,1333.25,8254.0,0,0
353,CASH_IN,1851.45,C541939,3180.75,1329.3,C922087,670.58,2522.03,0,0
435,TRANSFER,423.49,C538824,765.57,342.08,C971044,8156.43,8579.92,0,0
66,CASH_IN,366.18,C614618,1244.82,878.64,C766295,26561.68,26927.86,0,0
490,CASH_OUT,1084.65,C769189,2619.63,1534.98,C758446,32109.35,33194.0,0,0
42,PAYMENT,3457.54,C330069,5844.44,2386.89,M138131,20946.19,24403.73,0,0
661,CASH_IN,1950.19,C605365,4960.67,3010.48,C954259,35195.98,37146.17,0,0
60,PAYMENT,7189.94,C707415,22407.4,15217.46,M863536,18546.22,25736.16,0,0
550,PAYMENT,1089.22,C993708,2368.45,1279.23,M975104,30591.49,31680.71,0,0
357,CASH_OUT,5166.17,C585208,13540.68,8374.51,C514643,37539.63,42705.8,0,0
210,PAYMENT,7901.71,C504220,15690.71,7789.01,M469322,3665.92,11567.62,0,0
257,CASH_OUT,4498.97,C458423,19002.39,14503.42,C192154,13365.87,17864.84,0,0
682,CASH_OUT,969.66,C753257,2172.96,1203.3,C509801,4010.22,4979.88,0,0
602,CASH_OUT,331337.69,C460197,331337.69,0.0,C973523,41334.32,372672.0,1,1
652,PAYMENT,6101.4,C988767,15474.31,9372.91,M217828,30688.61,36790.01,0,0
299,CASH_IN,4031.56,C260066,16181.89,12150.32,C389330,12667.29,16698.85,0,0
572,CASH_OUT,1777.41,C128615,4144.21,2366.8,C307716,42860.02,44637.43,0,0
712,PAYMENT,4675.47,C342407,9118.39,4442.92,M341245,17452.39,22127.86,0,0
82,TRANSFER,791.21,C359258,1051.36,260.15,C867993,16753.71,17544.92,0,0
390,TRANSFER,240.4,C604879,655.58,415.18,C623277,19421.67,19662.06,0,0
612,TRANSFER,371.44,C775799,1288.84,917.39,C837886,47622.4,47993.84,0,0
25,PAYMENT,2083.79,C864665,4902.04,2818.25,M982982,6569.65,8653.44,0,0
656,PAYMENT,4480.63,C151372,15450.04,10969.42,M203427,21645.47,26126.09,0,0
479,CASH_OUT,946.79,C647327,1387.85,441.06,C994737,44048.46,44995.25,0,0
175,TRANSFER,2871.02,C989813,8392.35,5521.33,C770912,46267.75,49138.77,0,0
250,PAYMENT,233.05,C948827,531.9,298.85,M150955,14091.3,14324.35,0,0
571,CASH_OUT,4090.2,C764990,5865.04,1774.84,C505219,48083.32,52173.52,0,0
485,CASH_OUT,6418.55,C443990,21255.84,14837.29,C412646,1366.03,7784.58,0,0
530,CASH_OUT,193.23,C108117,541.52,348.29,C125979,38048.48,38241.71,0,0
532,TRANSFER,296.59,C605071,879.16,582.57,C411974,5025.12,5321.71,0,0
313,PAYMENT,4245.83,C745737,19827.34,15581.51,M526375,36421.07,40666.89,0,0
696,TRANSFER,3555.8,C194303,3559.39,3.59,C964250,38277.13,41832.93,0,0
655,CASH_IN,8467.9,C891042,26213.63,17745.73,C419117,30595.42,39063.32,0,0
61,PAYMENT,806.44,C847750,3696.28,2889.85,M212024,37352.18,38158.61,0,0
738,PAYMENT,4610.61,C817039,7652.64,3042.02,M580853,26449.58,31060.2,0,0
176,TRANSFER,6060.7,C419139,15135.68,9074.98,C839354,42509.1,48569.8,0,0
457,CASH_IN,3536.61,C884419,12586.12,9049.51,C334068,47614.48,51151.09,0,0
155,TRANSFER,289.8,C140376,498.76,208.97,C997145,31533.92,31823.71,0,0
417,TRANSFER,4131.83,C812506,20054.13,15922.3,C319288,11148.95,15280.77,0,0
17,PAYMENT,828.36,C287991,2389.78,1561.42,M160384,44489.1,45317.46,0,0
465,PAYMENT,270.74,C343244,890.81,620.07,M240251,17124.79,17395.53,0,0
233,CASH_OUT,1129.44,C808930,4651.72,3522.27,C956306,13169.71,14299.15,0,0
552,CASH_OUT,3755.3,C148555,16719.62,12964.32,C236248,15010.46,18765.76,0,0
322,CASH_OUT,453.15,C380512,1170.24,717.09,C844401,25981.43,26434.58,0,0
4,PAYMENT,6153.83,C616596,22114.98,15961.15,M802101,14852.94,21006.76,0,0
234,CASH_OUT,7007.52,C979484,13053.36,6045.84,C927344,9194.37,16201.89,0,0
55,CASH_IN,3050.89,C515367,9169.4,6118.51,C695654,30466.59,33517.47,0,0
266,CASH_OUT,2649.85,C746905,2971.19,321.34,C258002,38345.55,40995.41,0,0
568,PAYMENT,700.75,C523062,2459.99,1759.23,M139566,45091.43,45792.18,0,0
630,CASH_OUT,4341.01,C433583,17975.54,13634.53,C801983,25879.32,30220.33,0,0
23,CASH_OUT,202.51,C445258,522.56,320.04,C469215,46558.8,46761.31,0,0
583,CASH_IN,1196.1,C331059,2362.39,1166.29,C518698,15206.0,16402.1,0,0
463,TRANSFER,3110.6,C348482,4679.0,1568.4,C744615,12125.51,15236.11,0,0
406,PAYMENT,309.86,C260636,1392.02,1082.16,M844984,14802.7,15112.56,0,0
100,PAYMENT,3109.6,C574677,12306.7,9197.1,M361085,4274.45,7384.05,0,0
460,CASH_OUT,861.58,C578753,3377.43,2515.85,C681539,40171.92,41033.51,0,0
414,CASH_IN,9263.85,C345152,18988.97,9725.12,C875519,12007.22,21271.07,0,0
75,PAYMENT,1740.61,C987518,6061.75,4321.14,M907004,38245.02,39985.63,0,0
5,DEBIT,2365.98,C660520,9932.5,7566.52,C167323,25524.29,27890.27,0,0
596,PAYMENT,1131.77,C357075,4021.66,2889.89,M853132,43029.5,44161.28,0,0
298,DEBIT,2799.82,C691850,8588.27,5788.45,C978531,45301.66,48101.48,0,0
559,PAYMENT,6415.21,C166572,17648.92,11233.71,M581268,654.66,7069.87,0,0
685,DEBIT,3413.63,C187630,6052.18,2638.55,C177228,23931.03,27344.67,0,0
613,CASH_IN,672.99,C385605,2627.57,1954.58,C105351,24161.91,24834.9,0,0
709,TRANSFER,949.27,C845216,2951.75,2002.48,C239380,12413.9,13363.18,0,0
434,TRANSFER,4437.63,C750222,6059.13,1621.5,C510874,48541.84,52979.47,0,0
638,PAYMENT,1962.87,C239906,9529.2,7566.33,M507574,20315.39,22278.26,0,0
657,PAYMENT,2515.12,C216254,7488.17,4973.05,M766716,29627.97,32143.09,0,0
649,TRANSFER,2626.64,C233015,9807.84,7181.2,C321257,4224.78,6851.42,0,0
704,CASH_OUT,1285.26,C466709,1679.93,394.66,C905072,15856.77,17142.04,0,0
587,PAYMENT,3789.0,C241755,11198.4,7409.4,M554299,27076.95,30865.95,0,0
259,CASH_OUT,254534.94,C524517,254534.94,0.0,C942332,34335.83,288870.77,1,1
741,TRANSFER,1927.08,C641090,6017.32,4090.25,C378477,25610.64,27537.72,0,0
305,PAYMENT,2723.57,C144935,4946.11,2222.53,M122507,6474.08,9197.65,0,0
405,PAYMENT,553.86,C578041,2267.11,1713.25,M524446,3853.99,4407.85,0,0
207,PAYMENT,3081.49,C450408,13416.84,10335.35,M913878,36254.65,39336.14,0,0
284,CASH_OUT,306604.3,C574475,306604.3,0.0,C276559,45313.37,351917.67,1,1
69,PAYMENT,1753.37,C966269,2322.09,568.72,M722503,38563.91,40317.28,0,0
456,PAYMENT,1750.4,C487031,8031.23,6280.83,M766415,1347.54,3097.94,0,0
305,DEBIT,2014.74,C910128,9206.84,7192.09,C553498,6340.37,8355.11,0,0
415,PAYMENT,2167.43,C139585,4873.18,2705.75,M483703,13793.43,15960.86,0,0
561,TRANSFER,262.52,C371718,847.73,585.21,C135183,3973.02,4235.53,0,0
620,PAYMENT,6811.6,C369951,21007.03,14195.43,M282414,31254.45,38066.05,0,0
400,CASH_OUT,15498.06,C176848,62809.71,47311.65,C579106,28901.58,44399.65,0,0
624,TRANSFER,2974.96,C206948,5997.13,3022.16,C816846,11889.49,14864.46,0,0
588,CASH_IN,3515.89,C860814,8404.28,4888.38,C444417,31144.88,34660.78,0,0
305,CASH_OUT,752.5,C635212,1858.05,1105.55,C604593,29507.09,30259.58,0,0
562,CASH_OUT,1678.46,C563558,2096.22,417.76,C991580,44931.89,46610.35,0,0
420,CASH_OUT,879.51,C890097,1022.7,143.18,C930822,24666.39,25545.91,0,0
133,CASH_IN,6152.4,C926998,22433.66,16281.26,C294145,8561.49,14713.88,0,0
240,CASH_IN,2581.4,C580826,9687.77,7106.37,C375927,48961.95,51543.35,0,0
131,PAYMENT,728.61,C277367,1556.79,828.18,M785691,37277.77,38006.39,0,0
585,PAYMENT,1149.06,C116838,5173.41,4024.35,M772661,25999.31,27148.37,0,0
580,TRANSFER,606.21,C495085,2466.59,1860.38,C930696,31073.08,31679.29,0,0
573,PAYMENT,11219.18,C329351,14951.21,3732.03,M386603,32360.25,43579.43,0,0
463,PAYMENT,6846.35,C636758,20007.18,13160.83,M365914,31225.06,38071.41,0,0
645,CASH_OUT,4813.83,C546187,17557.43,12743.59,C894171,41450.21,46264.04,0,0
24,PAYMENT,3502.48,C909471,11764.67,8262.18,M874815,48535.67,52038.15,0,0
88,TRANSFER,297756.63,C994221,297756.63,0.0,C676306,24736.17,24736.17,1,1
651,CASH_OUT,1634.32,C893293,7871.8,6237.47,C700628,42611.17,44245.49,0,0
668,PAYMENT,766.78,C897228,1408.41,641.63,M647526,31149.6,31916.38,0,0
114,PAYMENT,423.86,C349494,1857.58,1433.72,M593487,32735.86,33159.72,0,0
436,PAYMENT,2989.18,C622912,9419.84,6430.66,M603869,29755.69,32744.87,0,0
567,CASH_IN,7128.81,C936776,19630.16,12501.35,C602025,19366.59,26495.4,0,0
308,DEBIT,2039.84,C460701,2828.84,789.0,C496873,48906.62,50946.46,0,0
335,PAYMENT,442.63,C346229,1695.36,1252.73,M179317,36833.21,37275.84,0,0
493,TRANSFER,286796.9,C114332,286796.9,0.0,C771924,15854.44,15854.44,1,1
5,CASH_OUT,2642.14,C956652,7343.33,4701.2,C566606,17274.65,19916.79,0,0
561,DEBIT,489.11,C623897,765.02,275.91,C843784,48877.36,49366.47,0,0
69,TRANSFER,4539.22,C640853,6078.57,1539.35,C631117,28879.52,33418.74,0,0
681,PAYMENT,3746.58,C797819,6157.63,2411.05,M541192,46550.19,50296.77,0,0
352,TRANSFER,179.46,C266460,890.18,710.72,C481047,28097.46,28276.92,0,0
428,CASH_OUT,217.15,C928426,922.86,705.71,C618936,28309.79,28526.94,0,0
701,PAYMENT,1126.44,C835712,1128.35,1.91,M729309,3784.38,4910.83,0,0
739,CASH_OUT,641.65,C836699,1601.47,959.83,C189792,37094.84,37736.48,0,0
30,CASH_OUT,8318.87,C132696,27239.46,18920.59,C835043,39126.74,47445.62,0,0
302,TRANSFER,259.39,C531954,1251.47,992.08,C271792,21495.9,21755.3,0,0
466,CASH_IN,9595.24,C170185,38269.12,28673.88,C824764,11950.75,21545.99,0,0
66,PAYMENT,238.01,C882703,368.34,130.33,M747987,14648.99,14887.0,0,0
423,CASH_OUT,8630.51,C551027,33849.97,25219.46,C441161,41520.4,50150.91,0,0
210,CASH_IN,3784.08,C862430,9813.7,6029.63,C209822,4631.73,8415.81,0,0
351,PAYMENT,975.16,C602912,3032.34,2057.18,M559187,8906.11,9881.27,0,0
280,CASH_OUT,1460.81,C440047,3393.4,1932.59,C701278,28395.8,29856.61,0,0
453,PAYMENT,3451.53,C137459,6812.71,3361.18,M238741,49418.23,52869.76,0,0
662,CASH_OUT,4567.88,C188295,17354.82,12786.94,C548827,47948.42,52516.31,0,0
336,PAYMENT,1308.11,C703133,2900.21,1592.1,M463109,1987.89,3296.0,0,0
22,CASH_OUT,1765.65,C110165,6814.31,5048.65,C231866,18642.6,20408.25,0,0
335,CASH_OUT,352.67,C762737,954.98,602.3,C764221,2458.76,2811.44,0,0
414,CASH_IN,12489.68,C970194,45833.55,33343.86,C515844,48609.75,61099.43,0,0
327,TRANSFER,11637.06,C104015,29824.82,18187.75,C580588,20330.24,31967.3,0,0
258,TRANSFER,5120.09,C821049,22169.74,17049.64,C403685,48777.33,53897.42,0,0
310,PAYMENT,9600.76,C445009,21352.67,11751.92,M620880,10233.29,19834.05,0,0
115,PAYMENT,830.59,C580324,3213.11,2382.52,M901593,17947.99,18778.58,0,0
63,TRANSFER,2765.32,C939537,3848.64,1083.32,C949868,39630.16,42395.48,0,0
380,PAYMENT,2873.78,C749344,10124.38,7250.6,M520349,47898.36,50772.14,0,0
165,TRANSFER,6353.79,C262814,25435.24,19081.45,C103590,7621.35,13975.15,0,0
51,PAYMENT,107.03,C488034,480.54,373.51,M506582,22467.55,22574.58,0,0
156,PAYMENT,857.27,C474116,3741.89,2884.62,M837897,8931.42,9788.68,0,0
359,CASH_IN,3336.14,C637639,15388.29,12052.15,C811423,20194.95,23531.09,0,0
397,CASH_OUT,5255.64,C886070,19202.95,13947.31,C271811,11182.65,16438.3,0,0
43,CASH_OUT,1120.29,C660582,1813.12,692.82,C939433,10724.12,11844.42,0,0
611,CASH_OUT,284061.97,C867905,284061.97,0.0,C118934,40994.11,325056.08,1,1
214,PAYMENT,1528.69,C439636,4628.16,3099.46,M544802,36770.64,38299.34,0,0
681,CASH_IN,5910.38,C721443,23668.79,17758.41,C357091,38139.18,44049.55,0,0
92,CASH_OUT,5796.82,C666805,20593.54,14796.72,C612115,3708.09,9504.91,0,0
464,CASH_OUT,3191.34,C497871,7943.5,4752.16,C577210,4471.31,7662.65,0,0
508,CASH_OUT,976.84,C729323,2460.29,1483.45,C593597,18339.72,19316.56,0,0
439,PAYMENT,2434.67,C649126,6924.01,4489.34,M913991,21953.71,24388.38,0,0
222,PAYMENT,3443.24,C521171,6741.97,3298.73,M158308,23597.01,27040.25,0,0
671,PAYMENT,231.19,C610576,985.12,753.93,M644716,6848.63,7079.82,0,0
721,TRANSFER,3278.93,C172981,7152.93,3874.0,C866079,3059.3,6338.22,0,0
459,CASH_IN,1859.17,C226283,7196.18,5337.0,C387238,47008.45,48867.63,0,0
194,TRANSFER,2516.4,C460002,8641.23,6124.83,C201980,44939.82,47456.22,0,0
650,PAYMENT,3530.85,C248455,5182.07,1651.22,M773078,38635.38,42166.23,0,0
134,CASH_OUT,1620.04,C245942,4801.33,3181.28,C419631,9922.44,11542.48,0,0
656,PAYMENT,1173.16,C263122,4689.48,3516.32,M758281,9302.88,10476.04,0,0
639,CASH_OUT,4249.01,C895460,7891.73,3642.72,C864413,34525.13,38774.14,0,0
73,TRANSFER,3617.67,C884313,5276.71,1659.03,C412100,39161.63,42779.31,0,0
52,PAYMENT,1191.89,C216351,3066.4,1874.5,M853455,14356.52,15548.41,0,0
11,CASH_OUT,996.43,C224826,4655.62,3659.19,C157858,9963.56,10959.99,0,0
60,PAYMENT,717.73,C439136,804.27,86.54,M985691,36765.79,37483.52,0,0
474,PAYMENT,125.04,C279508,466.01,340.97,M664501,13799.06,13924.1,0,0
464,PAYMENT,1530.6,C318565,2389.82,859.23,M262008,13751.66,15282.26,0,0
42,PAYMENT,5047.57,C893350,9452.59,4405.02,M385151,39999.84,45047.42,0,0
689,PAYMENT,5003.11,C126866,22321.35,17318.24,M337012,43991.77,48994.88,0,0
342,PAYMENT,2111.22,C564843,3045.4,934.18,M651896,11387.6,13498.82,0,0
638,CASH_OUT,279025.34,C709342,279025.34,0.0,C129784,38736.17,317761.52,1,1
701,PAYMENT,7611.26,C774567,20098.73,12487.47,M111817,30909.46,38520.72,0,0
483,PAYMENT,378.81,C157782,1772.66,1393.86,M180759,26755.33,27134.13,0,0
189,TRANSFER,617.38,C194535,779.08,161.71,C526208,43641.33,44258.71,0,0
558,PAYMENT,659.13,C367361,728.57,69.44,M946610,49501.2,50160.32,0,0
71,TRANSFER,7046.35,C502885,34839.19,27792.84,C813607,13090.28,20136.63,0,0
608,CASH_OUT,9617.43,C103857,30188.72,20571.29,C290091,34839.44,44456.87,0,0
297,TRANSFER,5412.61,C732230,20269.04,14856.44,C431296,22831.43,28244.03,0,0
24,CASH_IN,696.53,C688150,2203.3,1506.77,C845543,5394.12,6090.65,0,0
74,CASH_IN,864.16,C486505,4286.75,3422.59,C721618,15247.0,16111.16,0,0
377,TRANSFER,606.92,C599668,2334.23,1727.31,C458117,19193.25,19800.17,0,0
494,TRANSFER,1479.0,C142680,4289.21,2810.2,C753090,19728.95,21207.95,0,0
328,PAYMENT,1405.12,C488910,4722.15,3317.03,M454818,16952.76,18357.88,0,0
449,CASH_IN,2532.75,C806817,5887.91,3355.15,C683439,49815.44,52348.2,0,0
694,DEBIT,424.85,C725799,1081.64,656.8,C157942,4742.65,5167.5,0,0
60,PAYMENT,1181.28,C737462,3614.67,2433.39,M951178,24256.32,25437.6,0,0
131,CASH_IN,1063.06,C440845,2228.27,1165.22,C511832,46076.53,47139.59,0,0
391,CASH_OUT,2727.3,C582977,7972.59,5245.29,C671693,4913.94,7641.24,0,0
216,TRANSFER,213563.32,C355665,213563.32,0.0,C944785,33487.29,33487.29,1,1
141,PAYMENT,622.75,C846577,1602.59,979.84,M390429,35134.48,35757.23,0,0
84,DEBIT,816.74,C819713,2629.39,1812.65,C484090,36250.55,37067.29,0,0
469,CASH_IN,5551.88,C590320,21370.9,15819.02,C167824,12139.35,17691.23,0,0
702,CASH_IN,8002.11,C622040,12431.15,4429.04,C702126,42579.16,50581.27,0,0
41,PAYMENT,3322.86,C731180,5061.37,1738.51,M552517,29335.38,32658.24,0,0
500,CASH_OUT,6906.79,C777137,21995.49,15088.7,C542501,20876.71,27783.51,0,0
66,CASH_OUT,1114.73,C310743,2698.7,1583.97,C456816,8121.07,9235.8,0,0
569,CASH_IN,10104.8,C528718,32067.39,21962.58,C721371,7957.58,18062.39,0,0
515,CASH_OUT,9269.36,C786066,45973.6,36704.24,C725058,29273.5,38542.85,0,0
202,CASH_OUT,67066.23,C438141,67066.23,0.0,C112366,3357.89,70424.12,1,0
200,PAYMENT,6584.89,C709668,29055.25,22470.36,M904652,36772.91,43357.79,0,0
374,CASH_OUT,1675.21,C755080,5973.73,4298.51,C203467,13925.47,15600.68,0,0
397,TRANSFER,6527.2,C183940,7299.57,772.37,C186677,18465.66,24992.86,0,0
102,DEBIT,748.85,C898449,2863.26,2114.41,C854233,7751.92,8500.76,0,0
332,CASH_OUT,15106.94,C289287,50148.61,35041.68,C723426,31812.68,46919.62,0,0
241,TRANSFER,232574.48,C836205,232574.48,0.0,C600314,41522.98,41522.98,1,1
42,CASH_OUT,1105.12,C517541,5226.15,4121.03,C243398,46405.67,47510.79,0,0
11,TRANSFER,2938.88,C410748,10392.91,7454.03,C319973,43762.97,46701.85,0,0
605,TRANSFER,2228.93,C170793,6310.37,4081.44,C367053,1307.14,3536.07,0,0
722,PAYMENT,3096.11,C148500,4941.18,1845.07,M299841,13495.11,16591.23,0,0
642,CASH_IN,386.1,C703546,1497.76,1111.65,C754676,17705.21,18091.31,0,0
711,PAYMENT,3036.77,C848409,13181.1,10144.34,M574392,10029.68,13066.45,0,0
422,CASH_IN,395.93,C499719,1843.8,1447.88,C205461,24794.96,25190.89,0,0
217,CASH_IN,3776.16,C574040,5696.25,1920.09,C496490,25555.42,29331.58,0,0
717,CASH_OUT,2840.24,C502867,12049.3,9209.06,C834799,32589.66,35429.9,0,0
496,CASH_OUT,412.43,C817497,1445.99,1033.56,C659178,14397.22,14809.65,0,0
557,CASH_OUT,3230.72,C632070,15754.51,12523.78,C445328,8260.09,11490.81,0,0
253,PAYMENT,560.25,C903309,694.19,133.94,M118405,1376.89,1937.14,0,0
724,CASH_OUT,10805.51,C405383,39120.64,28315.14,C827051,23496.44,34301.95,0,0
186,PAYMENT,1779.17,C948327,7291.49,5512.31,M956322,21158.4,22937.58,0,0
104,CASH_OUT,854.0,C602542,1525.54,671.54,C345954,49482.71,50336.72,0,0
414,TRANSFER,1323.26,C706151,5419.17,4095.91,C640993,44092.71,45415.98,0,0
668,PAYMENT,5609.31,C960348,15388.06,9778.75,M842886,7029.78,12639.08,0,0
92,CASH_IN,3692.77,C485198,6292.96,2600.19,C976098,8355.78,12048.55,0,0
474,TRANSFER,2084.07,C544451,7748.15,5664.08,C772979,22833.97,24918.04,0,0
134,CASH_OUT,851.04,C527445,1029.27,178.22,C973286,45218.14,46069.19,0,0
46,PAYMENT,573.85,C901284,1422.58,848.73,M938093,37058.57,37632.42,0,0
181,PAYMENT,4616.8,C770179,15918.79,11301.99,M565377,6429.03,11045.83,0,0
237,DEBIT,1604.91,C516786,5426.6,3821.68,C991751,8946.86,10551.77,0,0
390,CASH_IN,840.54,C891588,3919.01,3078.46,C662568,13297.25,14137.8,0,0
573,PAYMENT,816.45,C348670,3990.51,3174.06,M120997,36007.73,36824.18,0,0
377,CASH_OUT,2740.86,C521410,10052.57,7311.71,C264857,17845.92,20586.77,0,0
595,PAYMENT,1273.14,C708160,1842.79,569.65,M235772,31761.08,33034.21,0,0
656,CASH_IN,2303.13,C915925,5915.61,3612.48,C225074,36331.62,38634.74,0,0
25,PAYMENT,3186.66,C350537,14882.24,11695.58,M278350,13128.01,16314.68,0,0
347,CASH_IN,1182.28,C668615,2252.66,1070.38,C213209,47895.78,49078.06,0,0
590,CASH_OUT,1188.31,C890103,5367.61,4179.29,C301549,8542.72,9731.03,0,0
179,CASH_OUT,2332.62,C672381,8185.98,5853.36,C621384,42512.48,44845.1,0,0
269,CASH_OUT,1220.82,C936131,5109.28,3888.46,C571376,9081.37,10302.19,0,0
359,TRANSFER,1032.99,C991417,1791.87,758.88,C954669,992.7,2025.69,0,0
422,PAYMENT,2939.11,C430827,5512.67,2573.56,M955505,10698.09,13637.2,0,0
285,PAYMENT,11978.31,C864743,28336.49,16358.17,M179882,49524.69,61503.01,0,0
672,TRANSFER,6564.32,C733542,26163.23,19598.92,C623273,49611.5,56175.81,0,0
477,PAYMENT,19954.44,C117645,63976.37,44021.94,M212661,35173.63,55128.07,0,0
180,CASH_IN,3656.93,C309611,16152.19,12495.26,C321714,49915.61,53572.55,0,0
692,CASH_IN,3102.57,C960235,11041.37,7938.8,C695196,20679.72,23782.28,0,0
7,CASH_IN,10791.92,C985922,22851.09,12059.17,C696285,36710.52,47502.44,0,0
458,TRANSFER,96780.99,C974733,96780.99,0.0,C695063,39072.23,39072.23,1,0
619,PAYMENT,1520.28,C729910,7085.38,5565.1,M591293,38886.15,40406.43,0,0
265,TRANSFER,10023.01,C190721,35107.35,25084.35,C127134,7846.3,17869.31,0,0
157,CASH_IN,2644.63,C823707,6718.84,4074.21,C660477,3321.83,5966.45,0,0
120,PAYMENT,2352.9,C946837,11116.61,8763.71,M947737,20044.63,22397.53,0,0
257,TRANSFER,165.55,C799909,569.38,403.83,C981811,46079.93,46245.48,0,0
680,TRANSFER,1197.94,C265992,5424.55,4226.6,C633026,3220.41,4418.36,0,0
721,CASH_OUT,1471.68,C857438,3298.2,1826.52,C139214,32566.54,34038.22,0,0
1,CASH_IN,5021.69,C143026,15409.69,10388.0,C189037,28820.82,33842.51,0,0
243,CASH_OUT,2297.01,C715839,11158.5,8861.49,C492848,44012.08,46309.09,0,0
445,PAYMENT,461.05,C775053,1857.42,1396.36,M221840,44525.6,44986.66,0,0
13,TRANSFER,5108.98,C754735,15970.02,10861.04,C734936,3849.92,8958.9,0,0
625,PAYMENT,9132.1,C772153,13343.56,4211.45,M527900,16242.54,25374.65,0,0
367,PAYMENT,2090.88,C709909,5093.13,3002.25,M566966,27184.91,29275.78,0,0
602,CASH_IN,510.77,C982894,1133.94,623.17,C866032,2275.19,2785.96,0,0
615,TRANSFER,697.67,C975495,2601.3,1903.63,C407479,37700.32,38397.99,0,0
152,CASH_OUT,2483.7,C601130,4000.17,1516.47,C200804,8922.33,11406.03,0,0
620,PAYMENT,1852.84,C115050,6283.23,4430.39,M475497,18692.83,20545.67,0,0
98,CASH_OUT,5102.68,C128577,19914.56,14811.88,C746155,34755.52,39858.2,0,0
488,TRANSFER,4514.68,C253676,20339.63,15824.96,C388708,13974.83,18489.51,0,0
297,CASH_OUT,3914.08,C682708,19425.77,15511.69,C706703,41260.95,45175.03,0,0
94,CASH_IN,2711.36,C268939,12356.1,9644.74,C309176,16826.48,19537.84,0,0
667,CASH_OUT,4210.16,C771577,19146.68,14936.52,C211045,22924.69,27134.84,0,0
267,CASH_OUT,3541.0,C138459,13462.96,9921.97,C270899,13027.68,16568.67,0,0
22,TRANSFER,2472.99,C760951,7936.56,5463.57,C341209,10494.3,12967.3,0,0
670,TRANSFER,303366.91,C690709,303366.91,0.0,C853091,33699.06,33699.06,1,1
79,CASH_IN,5813.28,C842941,27001.13,21187.86,C319055,28841.38,34654.66,0,0
55,DEBIT,4884.66,C738471,6035.03,1150.37,C902204,10866.02,15750.69,0,0
394,PAYMENT,1082.82,C352669,1919.23,836.41,M299439,11389.86,12472.68,0,0
590,CASH_OUT,5201.28,C121747,25557.3,20356.02,C877939,35070.52,40271.8,0,0
707,CASH_IN,330.45,C415044,1448.66,1118.21,C907361,30570.18,30900.64,0,0
539,TRANSFER,1263.31,C750363,3783.63,2520.32,C756734,46759.29,48022.61,0,0
323,CASH_IN,1603.0,C779631,6527.94,4924.94,C294644,19768.36,21371.36,0,0
248,TRANSFER,15703.71,C810452,77502.82,61799.12,C776196,21971.67,37675.37,0,0
408,PAYMENT,157.11,C487438,205.15,48.04,M854723,29219.65,29376.76,0,0
463,CASH_IN,5923.3,C214432,13563.68,7640.38,C254898,25537.33,31460.63,0,0
87,PAYMENT,2568.79,C357583,3444.38,875.59,M245213,2802.67,5371.46,0,0
274,TRANSFER,1679.5,C740999,7445.32,5765.82,C477181,41321.75,43001.25,0,0
438,CASH_OUT,343975.5,C139587,343975.5,0.0,C686008,20328.38,364303.87,1,1
519,CASH_IN,2304.67,C308974,8976.06,6671.38,C748226,25007.08,27311.75,0,0
495,PAYMENT,2103.29,C446495,3353.72,1250.42,M412683,2575.83,4679.12,0,0
232,PAYMENT,8018.72,C931299,18973.93,10955.21,M101316,15810.73,23829.45,0,0
85,TRANSFER,2817.17,C281181,10820.8,8003.63,C990514,16297.05,19114.22,0,0
670,CASH_OUT,2083.2,C264727,3470.04,1386.84,C204319,16286.82,18370.02,0,0
305,PAYMENT,1428.19,C316988,5883.25,4455.06,M285517,33707.46,35135.65,0,0
167,CASH_OUT,2127.25,C669027,10496.69,8369.44,C479015,28669.12,30796.37,0,0
367,PAYMENT,400.77,C152195,1813.95,1413.18,M479919,45806.26,46207.03,0,0
487,CASH_OUT,7439.02,C418862,10640.14,3201.12,C955150,2380.12,9819.14,0,0
464,TRANSFER,3017.35,C940350,8316.33,5298.98,C498009,6808.43,9825.78,0,0
353,PAYMENT,3092.44,C103468,10027.45,6935.01,M212178,38552.1,41644.53,0,0
364,CASH_IN,585.72,C941189,847.25,261.53,C245508,23229.06,23814.78,0,0
107,PAYMENT,1452.88,C286963,4776.34,3323.46,M506480,36212.74,37665.62,0,0
588,PAYMENT,811.32,C628104,986.29,174.97,M984594,28879.03,29690.35,0,0
77,PAYMENT,1006.1,C895754,1102.3,96.2,M743312,17600.97,18607.07,0,0
435,CASH_OUT,6801.65,C271825,11485.75,4684.1,C866364,24571.14,31372.79,0,0
569,CASH_OUT,848.49,C304950,2850.98,2002.49,C438144,37183.75,38032.24,0,0
260,PAYMENT,340.51,C490305,360.05,19.55,M783450,44109.98,44450.49,0,0
349,TRANSFER,79072.53,C256806,79072.53,0.0,C452401,14525.16,14525.16,1,0
179,PAYMENT,333.32,C723579,601.71,268.39,M486371,22617.11,22950.43,0,0
167,CASH_OUT,6323.6,C363051,8824.99,2501.39,C977727,7664.28,13987.89,0,0
235,PAYMENT,1937.35,C148196,4274.59,2337.24,M955333,4471.1,6408.45,0,0
237,CASH_OUT,2627.24,C516276,3569.67,942.43,C227310,32315.31,34942.56,0,0
582,CASH_OUT,4143.64,C878578,15274.02,11130.38,C905997,7877.59,12021.23,0,0
10,CASH_IN,1173.36,C137669,1584.96,411.6,C950531,24040.72,25214.08,0,0
589,DEBIT,3112.42,C853924,5883.53,2771.11,C120180,2485.48,5597.9,0,0
256,PAYMENT,2598.1,C746640,11990.04,9391.94,M464411,4550.25,7148.35,0,0
199,PAYMENT,4890.53,C434066,17334.69,12444.17,M433018,9782.64,14673.16,0,0
518,PAYMENT,411.86,C512548,1292.62,880.75,M483043,44471.94,44883.8,0,0
327,TRANSFER,504.98,C957312,1347.27,842.29,C108947,38332.22,38837.2,0,0
318,CASH_IN,4255.21,C369156,6983.08,2727.87,C115213,12239.8,16495.01,0,0
429,PAYMENT,4776.26,C251265,21732.14,16955.89,M298739,11917.1,16693.36,0,0
377,CASH_OUT,2888.38,C886448,11487.71,8599.34,C202974,20719.69,23608.07,0,0
576,CASH_IN,894.28,C792439,1291.1,396.82,C814327,37666.12,38560.4,0,0
415,PAYMENT,9448.03,C214988,13963.48,4515.46,M174712,1998.72,11446.74,0,0
171,CASH_IN,1184.59,C141132,2452.8,1268.21,C543366,44503.14,45687.73,0,0
685,TRANSFER,3734.33,C780696,17885.11,14150.78,C739180,5469.6,9203.93,0,0
40,CASH_OUT,489.0,C290861,1120.46,631.47,C433258,8862.73,9351.73,0,0
223,PAYMENT,6510.93,C166473,23380.9,16869.97,M296398,35653.49,42164.42,0,0
428,PAYMENT,15897.02,C177774,68735.92,52838.9,M389930,29654.14,45551.16,0,0
647,PAYMENT,960.73,C872148,4655.56,3694.84,M844409,26951.04,27911.76,0,0
685,PAYMENT,2521.0,C959284,5667.2,3146.2,M233915,46115.58,48636.58,0,0
368,TRANSFER,3335.86,C411721,8345.66,5009.8,C266241,17982.09,21317.94,0,0
326,CASH_OUT,329.58,C827967,1456.1,1126.52,C513794,28415.33,28744.91,0,0
397,DEBIT,1585.68,C628451,5505.69,3920.01,C665082,24734.77,26320.45,0,0
729,CASH_IN,7146.45,C942869,33146.69,26000.24,C652587,11255.3,18401.75,0,0
230,PAYMENT,5153.07,C500607,19719.66,14566.59,M346935,30996.36,36149.43,0,0
140,PAYMENT,1853.72,C924027,6291.55,4437.83,M228840,19018.23,20871.95,0,0
277,CASH_IN,4958.96,C310033,4983.62,24.66,C999686,38397.86,43356.82,0,0
336,TRANSFER,2209.98,C333542,9087.31,6877.33,C434168,21560.19,23770.17,0,0
98,PAYMENT,4526.65,C671572,7118.73,2592.08,M764620,16786.12,21312.78,0,0
469,CASH_IN,213.97,C614806,237.95,23.98,C866333,30191.57,30405.53,0,0
680,CASH_IN,816.59,C104554,1552.71,736.11,C649833,33236.82,34053.41,0,0
698,PAYMENT,5834.88,C889999,20236.62,14401.74,M560410,7201.41,13036.29,0,0
4,PAYMENT,613.22,C648492,2475.09,1861.87,M116643,46518.43,47131.65,0,0
263,CASH_OUT,1162.91,C628082,3989.83,2826.91,C562342,29007.57,30170.48,0,0
363,CASH_IN,3866.17,C635324,16146.04,12279.87,C456241,1866.99,5733.16,0,0
37,PAYMENT,5304.66,C985023,14932.61,9627.94,M870833,44172.34,49477.01,0,0
269,PAYMENT,895.5,C791111,2779.47,1883.97,M581037,3719.45,4614.94,0,0
354,CASH_IN,2040.83,C352988,3675.32,1634.49,C950534,40959.44,43000.27,0,0
452,CASH_OUT,2880.93,C689324,9098.01,6217.08,C632195,4867.6,7748.53,0,0
301,TRANSFER,2447.02,C466569,10331.12,7884.11,C160117,21603.58,24050.59,0,0
109,TRANSFER,1569.73,C309827,2015.31,445.58,C781299,16922.99,18492.72,0,0
281,DEBIT,3852.48,C140770,16411.99,12559.51,C736045,29007.58,32860.06,0,0
463,PAYMENT,974.4,C848470,2750.47,1776.07,M277589,16884.71,17859.12,0,0
720,CASH_IN,1257.95,C926080,2844.6,1586.65,C312151,45192.46,46450.41,0,0
364,CASH_OUT,9855.56,C615470,36098.86,26243.3,C562745,2833.4,12688.96,0,0
551,PAYMENT,4691.46,C127328,6360.4,1668.94,M242432,17854.44,22545.89,0,0
531,PAYMENT,3222.43,C848172,12009.12,8786.69,M889135,46749.34,49971.77,0,0
371,PAYMENT,1737.93,C570028,2703.11,965.19,M680483,44120.03,45857.96,0,0
608,TRANSFER,2703.55,C365853,12078.84,9375.29,C356108,31525.09,34228.64,0,0
559,PAYMENT,4338.65,C780204,16352.47,12013.82,M544776,23235.57,27574.22,0,0
530,PAYMENT,4318.4,C190037,6283.15,1964.75,M218641,41538.9,45857.3,0,0
52,TRANSFER,318.17,C563566,912.05,593.89,C740143,49734.15,50052.32,0,0
199,TRANSFER,428.58,C166038,798.62,370.05,C505972,39201.75,39630.33,0,0
706,PAYMENT,3702.07,C196816,8516.95,4814.88,M497974,31819.4,35521.47,0,0
396,CASH_OUT,3984.31,C230877,8395.84,4411.53,C942036,13154.36,17138.67,0,0
629,TRANSFER,1756.89,C121500,3302.81,1545.92,C306511,30601.01,32357.9,0,0
350,TRANSFER,718.48,C720630,3125.05,2406.58,C348093,39942.2,40660.68,0,0
399,PAYMENT,6707.61,C707679,15382.42,8674.82,M152633,22246.16,28953.76,0,0
371,CASH_OUT,2396.37,C162759,10325.27,7928.9,C206313,41727.02,44123.39,0,0
713,PAYMENT,1794.31,C818513,7175.4,5381.1,M243932,45704.7,47499.0,0,0
3,PAYMENT,6009.78,C675052,26346.13,20336.34,M385954,10717.24,16727.02,0,0
93,PAYMENT,2090.18,C318252,7276.67,5186.48,M705134,1790.3,3880.48,0,0
679,PAYMENT,10149.86,C876202,26448.02,16298.16,M247712,26655.75,36805.61,0,0
369,CASH_OUT,13038.12,C338625,63438.13,50400.01,C613311,17745.21,30783.33,0,0
255,PAYMENT,5135.34,C234730,7611.09,2475.75,M706143,38256.86,43392.2,0,0
647,CASH_OUT,4576.17,C623548,15889.4,11313.23,C587650,5031.81,9607.98,0,0
507,CASH_IN,293.94,C660767,616.14,322.2,C986322,37192.58,37486.52,0,0
191,PAYMENT,1136.14,C914206,5011.65,3875.51,M501772,38474.08,39610.22,0,0
44,CASH_OUT,4891.09,C159739,13623.63,8732.54,C274068,34090.8,38981.88,0,0
481,PAYMENT,1804.67,C161800,4282.34,2477.67,M695230,40925.6,42730.27,0,0
182,DEBIT,436.08,C127428,534.0,97.92,C467167,18481.22,18917.29,0,0
497,CASH_OUT,158.0,C254558,316.84,158.83,C750087,46126.88,46284.89,0,0
702,CASH_OUT,3122.2,C913480,13531.77,10409.57,C588882,10184.56,13306.76,0,0
389,PAYMENT,2551.01,C587377,11199.28,8648.26,M947923,43167.35,45718.37,0,0
561,TRANSFER,2218.4,C665921,4678.37,2459.98,C467395,45862.44,48080.83,0,0
479,CASH_IN,4868.94,C185058,10894.09,6025.15,C628797,28311.4,33180.33,0,0
453,CASH_OUT,552.77,C638291,682.33,129.56,C336835,47637.56,48190.33,0,0
207,CASH_IN,2688.58,C839368,10990.2,8301.62,C973663,6774.43,9463.02,0,0
344,CASH_OUT,144591.47,C667381,144591.47,0.0,C577060,13372.27,157963.74,1,0
317,CASH_OUT,4321.76,C261661,18905.75,14584.0,C880207,29944.1,34265.86,0,0
68,CASH_IN,397.6,C801940,1717.43,1319.83,C543838,22833.09,23230.69,0,0
692,DEBIT,2341.38,C946942,4144.07,1802.69,C928634,5436.32,7777.7,0,0
682,TRANSFER,5300.16,C543683,10288.62,4988.46,C524001,8008.68,13308.84,0,0
731,PAYMENT,2840.09,C454449,3848.98,1008.89,M258456,23775.5,26615.59,0,0
530,CASH_IN,7353.2,C935209,36118.93,28765.73,C315754,25847.88,33201.09,0,0
398,PAYMENT,831.94,C722986,3733.94,2902.01,M103573,31615.94,32447.88,0,0
506,CASH_OUT,1117.35,C172168,1434.8,317.45,C406042,24875.89,25993.24,0,0
446,PAYMENT,988.21,C528960,1407.78,419.57,M314463,47718.35,48706.55,0,0
628,CASH_IN,4058.85,C997561,14092.92,10034.08,C580688,35425.38,39484.22,0,0
145,TRANSFER,4406.89,C853205,17160.82,12753.93,C665760,16939.3,21346.19,0,0
640,PAYMENT,1873.43,C658335,8976.01,7102.58,M293463,12857.68,14731.11,0,0
174,CASH_IN,3002.73,C178066,10773.07,7770.34,C299948,43546.04,46548.77,0,0
140,CASH_IN,210.33,C532038,438.66,228.33,C290496,36696.96,36907.29,0,0
655,CASH_OUT,218.83,C518246,846.97,628.15,C676748,12978.8,13197.63,0,0
212,PAYMENT,1907.96,C899015,9282.69,7374.73,M409169,36653.46,38561.42,0,0
223,CASH_OUT,103650.01,C807254,103650.01,0.0,C648513,27588.85,131238.86,1,0
367,CASH_OUT,316500.39,C142530,316500.39,0.0,C440897,45474.95,361975.34,1,1
16,CASH_OUT,970.9,C788316,3282.97,2312.07,C735665,45317.62,46288.52,0,0
583,DEBIT,4513.21,C349336,10834.63,6321.41,C323573,36848.33,41361.54,0,0
22,PAYMENT,2278.28,C485664,6816.51,4538.23,M924653,27338.68,29616.96,0,0
607,CASH_OUT,522.69,C407836,1519.92,997.23,C283761,18133.23,18655.92,0,0
79,TRANSFER,532.89,C130158,2554.86,2021.97,C986825,11071.37,11604.26,0,0
486,PAYMENT,2289.79,C680333,7452.83,5163.04,M843588,49993.64,52283.43,0,0
90,CASH_OUT,2104.14,C811513,2832.77,728.63,C654859,15739.23,17843.37,0,0
219,CASH_OUT,855.88,C449942,2892.21,2036.33,C152290,37891.71,38747.59,0,0
669,TRANSFER,2522.95,C468590,9677.8,7154.84,C134533,11333.99,13856.94,0,0
530,DEBIT,8480.72,C472195,39439.73,30959.01,C974805,6174.59,14655.31,0,0
561,CASH_IN,2104.05,C341955,10397.4,8293.35,C494858,3313.53,5417.58,0,0
382,TRANSFER,586.01,C989109,2686.27,2100.26,C766593,34716.4,35302.41,0,0
532,PAYMENT,2648.91,C763610,3173.16,524.25,M684791,44136.0,46784.91,0,0
459,CASH_OUT,1421.85,C340269,2717.12,1295.27,C334099,20633.66,22055.51,0,0
341,TRANSFER,5116.11,C474562,6763.8,1647.69,C347704,33179.32,38295.43,0,0
96,CASH_IN,3715.11,C629809,14311.2,10596.09,C899323,14228.33,17943.44,0,0
412,TRANSFER,1455.69,C606796,2893.72,1438.04,C615182,20745.84,22201.53,0,0
290,CASH_IN,565.81,C977806,1652.63,1086.82,C442318,4708.9,5274.7,0,0
165,TRANSFER,316.21,C848839,603.91,287.7,C666922,13339.31,13655.52,0,0
334,TRANSFER,335.19,C268775,441.77,106.58,C559167,38122.34,38457.53,0,0
708,CASH_OUT,639.65,C534121,2572.28,1932.63,C824867,36202.78,36842.43,0,0
535,PAYMENT,14956.69,C322236,18795.55,3838.86,M388394,30589.66,45546.36,0,0
658,PAYMENT,4775.73,C669335,22280.01,17504.28,M628425,5823.54,10599.27,0,0
160,CASH_OUT,3471.29,C681177,5270.61,1799.32,C601166,602.99,4074.28,0,0
715,TRANSFER,3735.3,C317252,10801.62,7066.32,C678985,2965.71,6701.01,0,0
42,CASH_OUT,1136.02,C350736,4933.93,3797.91,C219755,30582.21,31718.23,0,0
685,CASH_IN,10711.04,C984956,11039.26,328.22,C186842,37183.73,47894.76,0,0
594,CASH_IN,240.54,C894370,786.08,545.54,C282185,36880.18,37120.72,0,0
411,PAYMENT,445.2,C284391,1614.73,1169.53,M899301,25507.93,25953.12,0,0
220,PAYMENT,341.12,C240642,598.65,257.53,M762246,20821.38,21162.5,0,0
80,TRANSFER,2306.64,C863759,6266.43,3959.79,C700777,32401.66,34708.31,0,0
237,CASH_OUT,731.72,C130845,3632.67,2900.95,C179449,23448.41,24180.13,0,0
573,CASH_OUT,7998.12,C559980,33351.78,25353.66,C733194,37668.45,45666.57,0,0
707,CASH_IN,882.61,C721163,1969.11,1086.51,C496743,14647.44,15530.05,0,0
300,CASH_IN,1498.82,C997803,3942.77,2443.95,C693519,38671.78,40170.59,0,0
316,TRANSFER,12561.39,C289219,33955.04,21393.65,C375483,11943.16,24504.55,0,0
475,CASH_OUT,6227.77,C547220,19849.29,13621.52,C293833,16210.78,22438.55,0,0
31,TRANSFER,73106.75,C388156,73106.75,0.0,C964945,39437.47,39437.47,1,0
306,CASH_OUT,670.46,C342130,1710.31,1039.86,C406535,23473.48,24143.94,0,0
387,CASH_OUT,3545.67,C578874,7871.33,4325.65,C623492,31086.95,34632.62,0,0
368,PAYMENT,1792.15,C591578,5758.08,3965.93,M546624,47128.15,48920.3,0,0
103,CASH_OUT,834.22,C606634,1800.15,965.93,C192814,44562.74,45396.96,0,0
437,TRANSFER,508.83,C257499,1056.4,547.57,C731806,47946.67,48455.5,0,0
240,CASH_OUT,80634.53,C687848,80634.53,0.0,C295285,33729.71,114364.24,1,0
523,CASH_OUT,5770.27,C987063,23868.01,18097.75,C817608,1568.7,7338.97,0,0
305,CASH_OUT,8229.33,C794524,16011.12,7781.79,C706383,23086.65,31315.98,0,0
421,TRANSFER,264461.12,C536330,264461.12,0.0,C572234,27164.67,27164.67,1,1
58,TRANSFER,3381.33,C200244,13565.89,10184.56,C159150,36863.73,40245.06,0,0
102,TRANSFER,2986.69,C188958,11728.36,8741.67,C438325,41650.98,44637.67,0,0
293,CASH_IN,782.71,C308803,1803.35,1020.64,C315330,27323.11,28105.81,0,0
111,CASH_OUT,306503.3,C162363,306503.3,0.0,C143162,39851.29,346354.59,1,1
581,TRANSFER,215261.77,C203397,215261.77,0.0,C389183,35922.42,35922.42,1,1
285,TRANSFER,2769.41,C209877,6492.84,3723.43,C391663,16933.58,19702.99,0,0
105,PAYMENT,908.08,C348271,4511.17,3603.1,M105720,37777.78,38685.85,0,0
132,PAYMENT,2547.56,C380350,7588.35,5040.79,M977903,9159.85,11707.41,0,0
497,PAYMENT,1512.05,C965126,4921.16,3409.12,M877974,36460.31,37972.36,0,0
175,TRANSFER,4768.73,C642039,19897.31,15128.58,C997593,11424.21,16192.93,0,0
91,CASH_OUT,19484.19,C750228,86323.65,66839.46,C913532,3659.63,23143.83,0,0
535,CASH_OUT,638.81,C709337,996.71,357.91,C669262,35948.84,36587.65,0,0
399,CASH_IN,235.41,C636062,377.49,142.07,C790328,6693.25,6928.66,0,0
480,CASH_OUT,160519.21,C980658,160519.21,0.0,C925787,10540.85,171060.06,1,0
677,CASH_OUT,16737.53,C364621,19673.09,2935.56,C834031,12101.39,28838.92,0,0
440,TRANSFER,1985.69,C631427,4579.53,2593.84,C782501,14673.8,16659.5,0,0
561,CASH_OUT,5244.46,C196538,18566.47,13322.01,C213117,12241.12,17485.58,0,0
22,PAYMENT,13787.06,C907962,33815.6,20028.54,M147060,8868.82,22655.88,0,0
397,TRANSFER,1497.89,C872871,6527.23,5029.34,C411968,38239.77,39737.66,0,0
418,PAYMENT,4754.13,C900913,15239.94,10485.8,M224908,15992.96,20747.1,0,0
171,PAYMENT,150.02,C788696,413.14,263.12,M729082,36579.74,36729.77,0,0
302,TRANSFER,119.77,C344985,591.99,472.22,C173247,49032.85,49152.62,0,0
728,CASH_OUT,1810.26,C962028,2429.67,619.41,C498649,32081.53,33891.79,0,0
85,TRANSFER,135918.97,C759784,135918.97,0.0,C140615,4404.64,4404.64,1,0
240,CASH_OUT,2552.86,C688160,10901.02,8348.16,C656496,19305.55,21858.41,0,0
222,DEBIT,3720.05,C646278,15643.75,11923.7,C535796,39425.01,43145.07,0,0
527,PAYMENT,2774.14,C405924,5945.01,3170.87,M204794,11131.58,13905.72,0,0
324,DEBIT,804.38,C846958,3268.6,2464.22,C800877,11878.5,12682.87,0,0
713,CASH_IN,1464.57,C451926,1981.0,516.43,C884648,3378.57,4843.14,0,0
132,PAYMENT,1772.59,C315148,8565.96,6793.37,M322445,3658.33,5430.92,0,0
293,PAYMENT,673.93,C777298,1063.62,389.69,M679178,23465.39,24139.31,0,0
8,TRANSFER,3144.92,C222359,6750.71,3605.79,C817653,36838.71,39983.62,0,0
78,DEBIT,116.7,C733717,466.41,349.71,C711752,3050.02,3166.72,0,0
42,TRANSFER,2188.85,C361272,10026.21,7837.36,C729382,39513.13,41701.98,0,0
362,DEBIT,3076.5,C697816,3423.91,347.41,C280875,4795.28,7871.77,0,0
27,CASH_OUT,3768.55,C977346,7429.02,3660.47,C238333,23310.23,27078.79,0,0
607,PAYMENT,1307.57,C114559,3962.15,2654.58,M934861,17436.0,18743.57,0,0
203,PAYMENT,658.42,C363509,866.1,207.68,M336932,44895.53,45553.94,0,0
9,PAYMENT,4102.99,C906532,19278.21,15175.22,M482907,27164.16,31267.15,0,0
53,CASH_OUT,5475.26,C105699,23753.36,18278.09,C619657,14190.23,19665.5,0,0
344,CASH_IN,10527.99,C319547,35731.42,25203.43,C750761,7329.67,17857.66,0,0
569,TRANSFER,263031.23,C754459,263031.23,0.0,C331224,44241.48,44241.48,1,1
72,PAYMENT,972.51,C815974,1887.34,914.83,M877331,21821.73,22794.24,0,0
315,PAYMENT,1182.78,C494048,2999.6,1816.82,M540194,31351.32,32534.1,0,0
421,CASH_OUT,13469.22,C886329,60132.81,46663.59,C782895,3457.05,16926.27,0,0
40,CASH_OUT,3403.96,C288912,15011.49,11607.52,C747764,14462.35,17866.31,0,0
461,PAYMENT,1597.67,C100318,5572.37,3974.7,M439498,48339.99,49937.66,0,0
412,PAYMENT,1446.22,C875654,1878.23,432.01,M370896,8036.88,9483.1,0,0
352,CASH_OUT,3689.22,C383635,13609.42,9920.2,C727298,49902.02,53591.24,0,0
352,PAYMENT,12595.36,C745018,21602.37,9007.01,M371055,25805.1,38400.46,0,0
319,TRANSFER,8635.3,C856836,28308.8,19673.5,C671097,10825.97,19461.28,0,0
367,CASH_IN,1999.74,C621631,7251.31,5251.57,C515290,8694.88,10694.62,0,0
250,PAYMENT,9488.51,C714524,42565.99,33077.48,M862167,23881.75,33370.26,0,0
191,CASH_IN,4546.28,C237011,14526.15,9979.86,C273021,13829.58,18375.87,0,0
674,CASH_OUT,6630.85,C128604,6887.39,256.55,C731673,11402.22,18033.07,0,0
355,PAYMENT,968.59,C965523,3649.91,2681.32,M214919,10480.18,11448.78,0,0
684,CASH_OUT,9173.17,C945855,29423.12,20249.95,C834707,39629.37,48802.54,0,0
670,CASH_IN,3723.23,C140765,14377.19,10653.96,C518086,5275.86,8999.09,0,0
179,TRANSFER,2169.18,C300839,7041.46,4872.28,C938361,516.48,2685.66,0,0
621,PAYMENT,601.64,C218409,1159.48,557.83,M616482,21765.27,22366.91,0,0
574,CASH_OUT,3789.2,C760965,4451.94,662.74,C962645,22312.36,26101.55,0,0
563,CASH_OUT,1615.07,C846415,2381.61,766.55,C448632,7769.43,9384.49,0,0
563,CASH_IN,1707.47,C247511,6654.79,4947.32,C966628,4596.0,6303.47,0,0
658,CASH_IN,6652.53,C820045,18755.62,12103.08,C445625,38869.57,45522.1,0,0
160,PAYMENT,1597.47,C531476,3040.69,1443.23,M607314,36086.04,37683.5,0,0
46,TRANSFER,270610.29,C592558,270610.29,0.0,C818925,41661.46,41661.46,1,1
501,CASH_OUT,727.87,C615020,934.25,206.38,C672959,16335.72,17063.59,0,0
110,PAYMENT,908.67,C470603,2610.62,1701.95,M565196,39092.27,40000.94,0,0
568,TRANSFER,4010.87,C239598,19769.41,15758.54,C565594,24073.01,28083.88,0,0
184,PAYMENT,3049.36,C735536,14597.94,11548.59,M701601,15308.67,18358.03,0,0
524,TRANSFER,723.31,C497877,2045.56,1322.25,C606250,40133.53,40856.84,0,0
351,CASH_OUT,844.83,C660411,3959.73,3114.89,C418342,28489.74,29334.57,0,0
742,PAYMENT,8573.59,C966922,25985.9,17412.31,M341372,20645.12,29218.72,0,0
735,PAYMENT,13904.13,C328749,62333.98,48429.86,M862380,16175.31,30079.44,0,0
24,TRANSFER,4193.27,C265233,20153.66,15960.39,C249479,6053.83,10247.1,0,0
738,PAYMENT,1334.14,C853222,3908.28,2574.15,M293948,34713.27,36047.41,0,0
364,TRANSFER,242.03,C998671,926.05,684.03,C208747,18921.79,19163.82,0,0
157,PAYMENT,1776.9,C647079,6049.26,4272.36,M814256,31645.41,33422.31,0,0
588,CASH_OUT,143719.21,C680323,143719.21,0.0,C767765,10397.62,154116.83,1,0
165,CASH_OUT,2056.69,C210159,7781.65,5724.96,C909523,27093.99,29150.68,0,0
129,PAYMENT,685.99,C373775,2978.69,2292.7,M887557,34324.32,35010.31,0,0
594,PAYMENT,1580.57,C902172,6786.24,5205.67,M868758,31600.31,33180.88,0,0
516,PAYMENT,12612.8,C957370,60316.18,47703.37,M429644,18993.74,31606.54,0,0
728,PAYMENT,3311.9,C300473,12384.76,9072.86,M431974,23597.37,26909.27,0,0
678,CASH_IN,2048.07,C299795,5257.29,3209.21,C748333,23481.21,25529.29,0,0
197,PAYMENT,553.08,C846963,1584.58,1031.5,M773403,667.51,1220.58,0,0
292,PAYMENT,6189.91,C718335,28875.9,22685.99,M641716,10779.9,16969.8,0,0
464,TRANSFER,4318.5,C517933,6503.5,2185.0,C343543,3127.1,7445.6,0,0
615,TRANSFER,2507.94,C868290,6892.06,4384.12,C985540,19948.17,22456.11,0,0
311,TRANSFER,1111.8,C782143,1837.31,725.51,C760763,20228.89,21340.68,0,0
565,DEBIT,543.35,C980623,788.35,245.01,C292792,4470.78,5014.13,0,0
289,CASH_IN,1652.89,C924580,3826.52,2173.63,C507039,5035.77,6688.66,0,0
121,TRANSFER,2680.15,C829081,9635.66,6955.51,C172372,16101.35,18781.5,0,0
21,PAYMENT,1612.26,C697942,4420.55,2808.29,M978617,696.11,2308.37,0,0
66,TRANSFER,9257.69,C365399,10162.4,904.71,C652129,49430.9,58688.59,0,0
2,TRANSFER,1473.7,C223935,5144.33,3670.63,C116029,5102.52,6576.23,0,0
15,PAYMENT,4188.7,C713007,7319.86,3131.15,M188499,28083.76,32272.46,0,0
8,CASH_IN,3408.49,C890296,4986.13,1577.63,C700485,25791.06,29199.56,0,0
466,CASH_OUT,4938.17,C155277,8947.36,4009.19,C115316,43183.48,48121.65,0,0
545,TRANSFER,1095.94,C284821,4477.48,3381.54,C407998,31531.34,32627.27,0,0
229,TRANSFER,19211.47,C337497,88154.68,68943.21,C910487,14979.13,34190.6,0,0
211,PAYMENT,6937.83,C423300,13892.65,6954.82,M600509,18391.96,25329.79,0,0
257,TRANSFER,2599.62,C116010,7459.97,4860.35,C297505,33785.5,36385.12,0,0
53,PAYMENT,2756.07,C542317,5343.88,2587.81,M482323,42784.12,45540.19,0,0
256,CASH_IN,1025.29,C758878,1225.09,199.8,C786342,14899.73,15925.02,0,0
632,CASH_OUT,2345.24,C490478,9713.69,7368.45,C622554,11653.77,13999.02,0,0
238,CASH_IN,1645.8,C670108,6646.12,5000.32,C750806,29363.09,31008.89,0,0
667,TRANSFER,5664.36,C803671,5846.81,182.45,C620971,42205.09,47869.45,0,0
170,PAYMENT,3308.99,C610916,8732.38,5423.39,M287708,45201.11,48510.1,0,0
563,CASH_OUT,2862.09,C747054,10348.37,7486.28,C917766,31206.97,34069.06,0,0
47,DEBIT,3499.75,C226775,6011.27,2511.52,C149217,10945.15,14444.9,0,0
420,TRANSFER,327.66,C696497,1568.14,1240.48,C167278,38379.54,38707.21,0,0
601,CASH_IN,1094.08,C623121,4707.09,3613.01,C436234,15957.48,17051.57,0,0
210,CASH_IN,689.86,C816932,731.84,41.99,C351917,34666.55,35356.41,0,0
44,CASH_OUT,3566.96,C542997,16656.37,13089.41,C423904,16165.49,19732.45,0,0
131,PAYMENT,4804.95,C233425,20253.53,15448.58,M376022,48170.63,52975.58,0,0
12,CASH_IN,5476.22,C316850,17099.77,11623.55,C481640,5570.88,11047.11,0,0
563,PAYMENT,6568.41,C590378,15454.58,8886.18,M247139,11303.32,17871.73,0,0
452,PAYMENT,1633.69,C791154,5421.42,3787.73,M818684,36805.35,38439.04,0,0
680,CASH_OUT,1900.51,C321070,8139.19,6238.68,C780662,45780.24,47680.74,0,0
707,CASH_OUT,1093.87,C874957,4226.15,3132.28,C284933,40699.17,41793.05,0,0
426,CASH_OUT,16703.83,C222863,39128.91,22425.08,C457752,10907.61,27611.44,0,0
365,PAYMENT,2402.78,C820978,6857.54,4454.77,M682112,26335.53,28738.31,0,0
229,CASH_OUT,3268.29,C395434,9954.73,6686.44,C851500,41995.83,45264.11,0,0
671,TRANSFER,4193.38,C686834,19339.47,15146.09,C931906,8603.44,12796.82,0,0
538,PAYMENT,597.84,C343291,2798.31,2200.48,M972689,18437.15,19034.98,0,0
451,TRANSFER,5143.27,C521164,23012.55,17869.28,C277980,1497.99,6641.26,0,0
684,PAYMENT,687.56,C671470,2155.66,1468.11,M227987,37624.17,38311.73,0,0
128,CASH_OUT,10464.23,C140023,28237.18,17772.95,C595440,17457.12,27921.35,0,0
141,CASH_OUT,197799.27,C467253,197799.27,0.0,C886370,45051.92,242851.19,1,0
731,PAYMENT,2150.18,C898083,3631.78,1481.6,M591564,36634.92,38785.09,0,0
269,PAYMENT,490.02,C466533,1499.62,1009.6,M493450,38722.7,39212.71,0,0
691,CASH_OUT,1973.37,C947030,2232.77,259.4,C911447,7227.42,9200.79,0,0
63,CASH_IN,4839.25,C162306,23657.78,18818.54,C905848,30154.04,34993.29,0,0
477,PAYMENT,1483.41,C831325,5476.52,3993.12,M243285,26774.99,28258.4,0,0
233,PAYMENT,964.39,C930103,1378.97,414.58,M844997,39379.53,40343.92,0,0
386,CASH_OUT,5032.87,C917679,19367.19,14334.32,C743933,11216.88,16249.75,0,0
150,PAYMENT,888.97,C998477,3563.17,2674.2,M373407,35614.21,36503.18,0,0
161,DEBIT,1351.62,C711786,2761.14,1409.52,C404707,44594.26,45945.88,0,0
7,PAYMENT,5180.59,C890099,17043.59,11863.0,M227710,21559.73,26740.32,0,0
253,CASH_IN,8366.12,C542878,40932.61,32566.5,C483503,38935.03,47301.15,0,0
528,CASH_OUT,8935.42,C167983,24191.51,15256.08,C226164,15023.84,23959.26,0,0
193,PAYMENT,2984.14,C174229,10874.5,7890.35,M968738,44135.1,47119.25,0,0
412,PAYMENT,896.58,C409272,1680.81,784.23,M673792,33631.66,34528.24,0,0
117,CASH_OUT,2337.96,C807036,4214.63,1876.67,C118262,1278.14,3616.1,0,0
10,TRANSFER,4879.3,C520869,19083.76,14204.45,C599597,20773.16,25652.46,0,0
35,TRANSFER,10397.53,C765430,18420.0,8022.47,C270097,45335.72,55733.25,0,0
233,CASH_OUT,7590.07,C795249,32745.14,25155.06,C557606,32777.26,40367.33,0,0
283,PAYMENT,541.14,C128787,2124.41,1583.27,M321692,48940.52,49481.66,0,0
500,PAYMENT,2270.19,C219123,2979.59,709.4,M517960,18188.76,20458.95,0,0
538,CASH_IN,2939.57,C538746,10072.42,7132.84,C153168,9693.2,12632.77,0,0
311,CASH_IN,10664.86,C186884,46121.17,35456.31,C217129,9981.43,20646.29,0,0
481,CASH_IN,2675.2,C940038,13134.56,10459.36,C747862,49200.14,51875.34,0,0
197,DEBIT,768.41,C681491,2283.34,1514.93,C682093,34557.84,35326.25,0,0
496,CASH_OUT,531.8,C694191,2431.1,1899.3,C372930,32162.42,32694.22,0,0
725,CASH_IN,7036.38,C620853,7474.93,438.56,C412148,49000.15,56036.53,0,0
219,PAYMENT,1351.82,C878162,4669.51,3317.69,M913038,47314.05,48665.87,0,0
237,TRANSFER,2219.69,C296382,9386.04,7166.35,C110518,23086.83,25306.53,0,0
214,PAYMENT,262.66,C885254,419.82,157.16,M549582,19526.3,19788.96,0,0
515,PAYMENT,990.18,C557749,4576.79,3586.61,M303643,27453.45,28443.63,0,0
389,CASH_IN,12655.76,C638024,37820.38,25164.62,C142281,12098.8,24754.56,0,0
504,PAYMENT,6201.0,C196219,24456.12,18255.12,M341198,26739.61,32940.61,0,0
709,TRANSFER,2769.68,C902842,3938.1,1168.42,C676973,39956.42,42726.09,0,0
571,TRANSFER,8203.64,C637240,29078.45,20874.81,C312848,27066.08,35269.72,0,0
83,PAYMENT,972.77,C491529,1157.01,184.24,M690507,12415.27,13388.04,0,0
256,TRANSFER,2125.88,C510043,8800.03,6674.15,C216359,48825.44,50951.32,0,0
195,CASH_OUT,3790.27,C901269,10217.81,6427.54,C606706,11789.71,15579.98,0,0
716,TRANSFER,6459.9,C123321,28638.95,22179.05,C732793,18915.43,25375.33,0,0
384,PAYMENT,7443.22,C268280,32350.12,24906.9,M232855,15112.85,22556.07,0,0
266,CASH_IN,5385.75,C585959,18431.73,13045.98,C475796,12512.23,17897.98,0,0
383,DEBIT,1812.64,C850750,7857.43,6044.78,C382851,19389.66,21202.3,0,0
473,TRANSFER,355.08,C132286,1701.84,1346.76,C265375,28893.49,29248.57,0,0
658,CASH_IN,2685.41,C910369,12645.74,9960.33,C290586,3704.52,6389.93,0,0
285,PAYMENT,2759.72,C608422,3712.79,953.06,M686623,11893.64,14653.37,0,0
639,PAYMENT,2116.98,C266826,3319.36,1202.38,M980082,42862.98,44979.97,0,0
469,DEBIT,196.83,C116560,378.06,181.23,C273746,45293.46,45490.3,0,0
641,PAYMENT,7047.47,C530349,32242.37,25194.91,M832275,13178.49,20225.96,0,0
245,DEBIT,4102.47,C983223,14045.31,9942.84,C202262,18660.15,22762.62,0,0
89,PAYMENT,4417.29,C549118,13947.24,9529.95,M201354,42802.0,47219.29,0,0
448,TRANSFER,6010.4,C104718,27587.12,21576.72,C520327,31247.62,37258.02,0,0
487,CASH_IN,5121.91,C322811,11902.89,6780.97,C776667,25401.58,30523.49,0,0
627,TRANSFER,4989.13,C753398,10528.67,5539.55,C633384,18711.71,23700.83,0,0
436,TRANSFER,2303.97,C792323,4063.92,1759.95,C468904,26268.41,28572.38,0,0
49,CASH_OUT,3786.08,C433354,15378.43,11592.35,C619521,18215.48,22001.56,0,0
213,CASH_OUT,215349.38,C286513,215349.38,0.0,C470487,48476.33,263825.71,1,1
468,TRANSFER,312002.39,C490488,312002.39,0.0,C902542,28428.61,28428.61,1,1
1,PAYMENT,114.45,C456404,545.17,430.72,M913317,41548.0,41662.45,0,0
529,CASH_OUT,6899.7,C141989,19605.66,12705.96,C669029,41411.72,48311.42,0,0
708,CASH_IN,1367.85,C694547,3139.08,1771.23,C377034,49489.8,50857.65,0,0
743,CASH_IN,1235.04,C293666,2882.18,1647.14,C838880,6752.34,7987.38,0,0
448,PAYMENT,1546.59,C508611,4350.1,2803.51,M172005,28534.62,30081.22,0,0
465,TRANSFER,10445.74,C678328,25483.37,15037.63,C207518,5456.12,15901.87,0,0
586,PAYMENT,3772.37,C764578,16552.67,12780.3,M452511,15971.66,19744.03,0,0
371,PAYMENT,1212.3,C580783,5392.34,4180.04,M174655,2312.18,3524.48,0,0
64,PAYMENT,987.38,C965028,4025.21,3037.83,M765593,24551.96,25539.34,0,0
17,CASH_IN,5457.31,C357789,9767.55,4310.24,C558216,28143.24,33600.55,0,0
144,CASH_OUT,3842.62,C950706,7605.0,3762.38,C244458,36199.74,40042.36,0,0
40,CASH_OUT,7860.74,C326286,17967.63,10106.89,C246001,20597.29,28458.03,0,0
189,PAYMENT,5223.59,C213388,16752.87,11529.28,M167957,20974.61,26198.2,0,0
178,PAYMENT,8656.3,C839173,22796.78,14140.48,M595864,23693.79,32350.09,0,0
448,CASH_OUT,6383.25,C946572,10617.39,4234.14,C387506,3130.9,9514.16,0,0
296,PAYMENT,5312.53,C849056,22306.57,16994.04,M390879,11082.51,16395.04,0,0
574,PAYMENT,2588.32,C114787,12132.95,9544.63,M479854,43048.6,45636.91,0,0
243,CASH_OUT,656.98,C763151,2085.88,1428.9,C493701,19610.36,20267.34,0,0
578,TRANSFER,8282.13,C871567,30123.82,21841.69,C565241,36761.52,45043.64,0,0
702,CASH_OUT,303157.7,C716279,303157.7,0.0,C219805,46414.25,349571.95,1,1
260,TRANSFER,3186.35,C717801,10914.47,7728.12,C390503,10428.91,13615.26,0,0
325,CASH_OUT,535.29,C915003,1352.18,816.89,C871563,12057.92,12593.21,0,0
316,CASH_OUT,9266.73,C294268,40919.89,31653.16,C463053,41596.09,50862.82,0,0
491,CASH_OUT,3896.58,C511731,10949.5,7052.92,C468457,45050.67,48947.25,0,0
524,PAYMENT,245.09,C999761,1199.56,954.47,M779025,4469.51,4714.6,0,0
407,PAYMENT,907.96,C807596,1819.58,911.62,M295055,9358.05,10266.01,0,0
316,CASH_OUT,1946.29,C133208,4379.77,2433.48,C117522,45598.15,47544.44,0,0
299,CASH_OUT,19238.05,C922621,59893.7,40655.66,C736026,42082.92,61320.97,0,0
31,CASH_IN,14920.59,C298554,70826.22,55905.63,C735135,25053.72,39974.31,0,0
178,CASH_OUT,492.58,C150557,1254.98,762.4,C604868,23203.35,23695.94,0,0
120,PAYMENT,11807.28,C101177,12875.68,1068.4,M625049,29703.05,41510.33,0,0
683,PAYMENT,112.24,C488192,439.01,326.77,M742537,34351.06,34463.3,0,0
7,PAYMENT,2989.01,C422010,7883.56,4894.55,M571563,38753.92,41742.93,0,0
57,PAYMENT,599.31,C396755,934.24,334.92,M196265,2753.51,3352.83,0,0
147,CASH_IN,2138.15,C149887,4641.08,2502.92,C362483,29633.31,31771.47,0,0
516,CASH_OUT,145.89,C241406,493.8,347.91,C198856,47147.88,47293.77,0,0
420,TRANSFER,2255.24,C100290,11094.81,8839.56,C928849,7394.28,9649.53,0,0
9,PAYMENT,2206.28,C956048,10017.1,7810.82,M178508,17587.75,19794.04,0,0
737,TRANSFER,848.57,C815096,3465.26,2616.69,C939428,8757.22,9605.78,0,0
368,PAYMENT,1913.51,C927395,5701.03,3787.52,M627735,48303.82,50217.33,0,0
369,PAYMENT,11737.58,C163394,44102.35,32364.77,M891767,19950.54,31688.12,0,0
368,PAYMENT,1838.12,C536997,3008.33,1170.21,M866033,39991.8,41829.91,0,0
342,CASH_IN,3594.84,C295980,9319.98,5725.14,C789123,6456.17,10051.01,0,0
357,PAYMENT,3369.58,C675497,14394.8,11025.21,M823800,5133.09,8502.67,0,0
124,CASH_OUT,203.32,C866410,960.45,757.13,C769131,47481.82,47685.14,0,0
521,CASH_OUT,2156.89,C127020,6499.16,4342.27,C550488,38004.37,40161.27,0,0
188,CASH_IN,1613.87,C956730,7216.13,5602.25,C462201,5113.97,6727.84,0,0
662,PAYMENT,851.23,C602158,3703.91,2852.69,M795038,3638.4,4489.63,0,0
54,CASH_OUT,1988.5,C763713,8455.68,6467.18,C552552,38452.11,40440.61,0,0
35,DEBIT,622.19,C693170,1833.8,1211.61,C661110,12811.43,13433.62,0,0
633,PAYMENT,559.08,C735765,869.45,310.38,M300772,9647.01,10206.09,0,0
327,CASH_IN,2256.73,C423227,7887.79,5631.06,C824079,19150.0,21406.73,0,0
635,CASH_OUT,3586.66,C471488,12140.23,8553.57,C735856,3710.22,7296.88,0,0
27,TRANSFER,131764.82,C692771,131764.82,0.0,C339883,20036.76,20036.76,1,0
95,PAYMENT,2691.14,C624864,8170.35,5479.21,M245713,16150.81,18841.95,0,0
740,PAYMENT,10403.55,C508874,45572.22,35168.67,M663195,49138.1,59541.64,0,0
430,PAYMENT,3910.16,C199423,19250.74,15340.58,M823110,31522.4,35432.55,0,0
331,TRANSFER,5049.51,C226190,24872.07,19822.56,C426046,38850.83,43900.34,0,0
739,PAYMENT,2050.29,C185702,6788.05,4737.76,M970596,15227.13,17277.41,0,0
634,PAYMENT,4865.78,C869174,6994.15,2128.37,M723715,20543.43,25409.21,0,0
234,CASH_OUT,1308.63,C437429,4610.61,3301.99,C581435,728.77,2037.4,0,0
406,CASH_OUT,14739.19,C726889,44352.0,29612.81,C851323,47577.74,62316.93,0,0
452,CASH_IN,145.0,C460347,566.03,421.03,C640236,19371.14,19516.14,0,0
543,PAYMENT,938.89,C148215,4196.6,3257.71,M363367,30144.06,31082.95,0,0
271,CASH_IN,8203.7,C151862,26463.3,18259.6,C751336,34398.76,42602.46,0,0
77,CASH_IN,2972.96,C554673,6447.53,3474.57,C196931,37260.4,40233.36,0,0
566,TRANSFER,133705.31,C741655,133705.31,0.0,C377851,14742.82,14742.82,1,0
602,TRANSFER,1663.5,C196608,3230.17,1566.67,C739199,46603.3,48266.8,0,0
524,PAYMENT,647.92,C461971,915.43,267.51,M490233,31006.69,31654.6,0,0
656,PAYMENT,2725.53,C243867,2818.43,92.9,M706824,6540.56,9266.09,0,0
420,CASH_IN,307.61,C840456,515.64,208.03,C322316,37852.56,38160.17,0,0
317,PAYMENT,2564.87,C585798,10499.83,7934.96,M930852,5627.64,8192.51,0,0
697,CASH_OUT,4084.76,C686773,12092.55,8007.79,C571198,5942.82,10027.58,0,0
741,TRANSFER,111.1,C403244,236.48,125.37,C885344,27144.72,27255.83,0,0
240,TRANSFER,5551.32,C692397,7761.4,2210.09,C381117,10648.45,16199.77,0,0
110,TRANSFER,4195.63,C352980,12234.9,8039.27,C560642,15437.0,19632.63,0,0
496,PAYMENT,154.54,C314798,225.72,71.19,M595571,12872.08,13026.62,0,0
22,CASH_IN,1258.77,C946162,4223.83,2965.06,C699911,49674.13,50932.9,0,0
179,CASH_OUT,1920.69,C969877,4490.52,2569.83,C785601,17528.68,19449.37,0,0
329,CASH_OUT,8633.58,C713740,31233.41,22599.83,C533891,31445.51,40079.09,0,0
575,DEBIT,972.37,C761294,3044.03,2071.66,C141971,11602.98,12575.35,0,0
449,TRANSFER,1009.38,C294886,5038.68,4029.3,C336088,21838.72,22848.1,0,0
33,CASH_IN,1531.5,C558056,6190.58,4659.08,C422081,47574.6,49106.1,0,0
270,PAYMENT,2350.05,C241448,10685.74,8335.69,M842064,12425.04,14775.09,0,0
719,PAYMENT,1263.36,C277042,3424.01,2160.65,M255642,6693.9,7957.26,0,0
549,CASH_IN,1368.65,C568648,6513.81,5145.16,C480215,12881.63,14250.28,0,0
80,TRANSFER,348.76,C887715,862.63,513.87,C180456,48135.8,48484.56,0,0
248,CASH_IN,1892.93,C788863,8198.33,6305.4,C438531,33747.44,35640.37,0,0
71,PAYMENT,1079.65,C581370,4595.75,3516.1,M154780,5740.73,6820.37,0,0
528,DEBIT,658.47,C985096,2100.97,1442.5,C180249,35706.41,36364.88,0,0
206,CASH_OUT,2089.72,C364234,3026.83,937.11,C908886,35631.99,37721.71,0,0
444,PAYMENT,4953.51,C112746,15548.2,10594.69,M889779,16945.82,21899.32,0,0
146,TRANSFER,2280.08,C379891,8190.48,5910.4,C246081,1099.6,3379.68,0,0
100,TRANSFER,64549.21,C872312,64549.21,0.0,C472685,14195.91,14195.91,1,0
434,TRANSFER,6426.27,C279170,27750.51,21324.24,C635702,8313.37,14739.64,0,0
55,CASH_OUT,4989.0,C834061,21293.84,16304.84,C315863,33459.9,38448.9,0,0
514,CASH_IN,808.12,C732457,1501.46,693.34,C131528,14801.63,15609.75,0,0
628,CASH_OUT,2669.35,C744472,13033.05,10363.7,C510492,34933.33,37602.68,0,0
289,PAYMENT,1259.95,C267086,1704.96,445.01,M744830,48543.64,49803.6,0,0
641,CASH_IN,1537.34,C506518,5940.02,4402.68,C679957,24402.32,25939.66,0,0
588,PAYMENT,7431.7,C163327,8356.8,925.1,M462605,48630.2,56061.9,0,0
582,TRANSFER,8157.88,C514820,17494.14,9336.27,C520776,13316.42,21474.3,0,0
573,PAYMENT,1424.28,C924125,1473.73,49.45,M184533,974.26,2398.54,0,0
692,TRANSFER,2476.35,C148993,9388.37,6912.02,C588539,2187.84,4664.19,0,0
612,TRANSFER,1804.22,C353390,4296.46,2492.24,C270947,29802.64,31606.86,0,0
551,CASH_OUT,5544.95,C188383,7175.35,1630.4,C563890,9983.9,15528.85,0,0
357,PAYMENT,1539.33,C470257,5265.94,3726.62,M388343,45331.33,46870.65,0,0
105,DEBIT,361.28,C190640,645.12,283.84,C823500,15351.31,15712.59,0,0
550,CASH_OUT,4512.8,C586676,22075.78,17562.98,C537474,2998.19,7510.99,0,0
23,DEBIT,6067.7,C156682,15680.68,9612.98,C627016,29636.08,35703.78,0,0
464,PAYMENT,4098.93,C948248,20197.88,16098.95,M672814,39958.37,44057.3,0,0
220,CASH_OUT,17117.92,C938952,50024.33,32906.41,C537161,32120.99,49238.91,0,0
331,CASH_IN,32370.55,C229335,144958.72,112588.17,C541926,38119.18,70489.73,0,0
743,CASH_IN,182.79,C164367,576.1,393.31,C434374,11290.92,11473.71,0,0
375,CASH_OUT,11375.44,C197519,36500.89,25125.45,C582791,42388.49,53763.93,0,0
721,TRANSFER,1771.94,C979923,6014.06,4242.12,C187599,29219.29,30991.24,0,0
317,PAYMENT,4436.02,C989783,15569.25,11133.24,M682183,1096.47,5532.49,0,0
96,PAYMENT,169.03,C408904,334.95,165.93,M106476,32921.33,33090.36,0,0
393,CASH_OUT,9902.65,C124610,33827.88,23925.23,C675644,13323.18,23225.83,0,0
273,CASH_IN,2295.32,C728337,8413.5,6118.18,C518596,33725.79,36021.11,0,0
462,TRANSFER,135.15,C936539,558.19,423.04,C948385,3347.58,3482.73,0,0
580,TRANSFER,8077.43,C450363,22870.68,14793.25,C464188,31505.12,39582.56,0,0
453,CASH_OUT,717.86,C987880,2254.78,1536.92,C863807,45678.27,46396.14,0,0
436,PAYMENT,24078.39,C607731,80093.18,56014.79,M520506,9461.09,33539.48,0,0
661,PAYMENT,3539.19,C473502,9359.84,5820.65,M234577,12099.42,15638.62,0,0
519,PAYMENT,2431.21,C287130,5117.07,2685.86,M186995,20190.07,22621.28,0,0
700,CASH_OUT,148.44,C596547,409.9,261.47,C375782,32564.66,32713.1,0,0
605,DEBIT,1900.29,C666137,8027.96,6127.67,C362322,6193.1,8093.39,0,0
698,PAYMENT,632.16,C613426,2085.7,1453.54,M973864,30373.52,31005.68,0,0
300,PAYMENT,2510.0,C132070,5848.0,3338.01,M197491,31719.96,34229.96,0,0
309,TRANSFER,3991.94,C825704,4258.7,266.76,C944213,9334.37,13326.31,0,0
618,CASH_OUT,1787.35,C542433,5962.19,4174.84,C291405,19480.05,21267.39,0,0
228,PAYMENT,7137.49,C672769,23872.05,16734.57,M305729,47255.88,54393.37,0,0
704,PAYMENT,15908.13,C820375,62077.66,46169.53,M883079,2939.3,18847.43,0,0
61,CASH_IN,4336.77,C274130,16625.26,12288.49,C230047,26180.48,30517.25,0,0
95,PAYMENT,2583.78,C253306,2704.73,120.95,M307687,15398.29,17982.07,0,0
431,PAYMENT,12839.07,C823138,50996.16,38157.08,M682726,30458.26,43297.33,0,0
270,CASH_IN,5059.35,C771377,19683.91,14624.56,C179372,4796.83,9856.18,0,0
641,CASH_IN,3173.46,C673654,5880.23,2706.77,C489078,4980.73,8154.2,0,0
377,PAYMENT,200.08,C924047,526.85,326.76,M624636,29344.58,29544.66,0,0
580,CASH_IN,1618.93,C346877,3984.81,2365.88,C387802,10865.09,12484.02,0,0
740,CASH_IN,1359.23,C544747,5441.2,4081.98,C748180,42629.62,43988.85,0,0
169,CASH_OUT,645.34,C645785,1073.61,428.26,C585679,33131.67,33777.01,0,0
115,PAYMENT,5190.75,C435823,23517.68,18326.93,M189628,41082.3,46273.05,0,0
715,PAYMENT,764.21,C169064,3280.0,2515.79,M267399,40018.04,40782.25,0,0
371,TRANSFER,10007.8,C320649,17248.4,7240.6,C544861,9664.75,19672.55,0,0
278,CASH_OUT,2632.53,C261825,4280.77,1648.24,C282600,49554.53,52187.07,0,0
454,CASH_IN,564.58,C804633,1406.31,841.74,C513218,46633.26,47197.84,0,0
581,TRANSFER,4976.66,C643979,16558.07,11581.41,C955610,6374.69,11351.35,0,0
254,TRANSFER,155793.21,C344636,155793.21,0.0,C699140,2546.21,2546.21,1,0
634,PAYMENT,1185.41,C802969,4978.05,3792.64,M378692,988.11,2173.52,0,0
669,CASH_OUT,5392.74,C702542,13179.99,7787.25,C734480,44194.85,49587.59,0,0
478,CASH_IN,1400.57,C167186,3248.76,1848.19,C140653,9884.65,11285.22,0,0
456,PAYMENT,1972.6,C450417,5394.9,3422.3,M815887,20861.37,22833.97,0,0
654,PAYMENT,4991.19,C443227,5915.09,923.9,M678044,7953.73,12944.93,0,0
580,PAYMENT,10438.57,C600038,44651.92,34213.35,M558825,27844.32,38282.88,0,0
251,CASH_OUT,5014.56,C354536,9670.87,4656.3,C303125,8772.68,13787.24,0,0
553,CASH_IN,1573.09,C897311,7679.74,6106.65,C983923,29366.5,30939.59,0,0
504,CASH_IN,8270.7,C133430,25209.12,16938.42,C942059,45331.14,53601.84,0,0
612,PAYMENT,3899.75,C275277,11715.95,7816.2,M555592,33118.07,37017.82,0,0
18,PAYMENT,2762.58,C889350,4873.58,2111.0,M211683,31810.42,34573.0,0,0
30,TRANSFER,4178.57,C639910,5210.68,1032.1,C519497,2443.47,6622.04,0,0
522,PAYMENT,1096.5,C469110,4378.08,3281.58,M455487,30303.52,31400.03,0,0
639,CASH_OUT,326.62,C270100,1469.7,1143.09,C442625,28104.76,28431.37,0,0
162,TRANSFER,7749.57,C954393,28523.45,20773.88,C722264,49918.54,57668.11,0,0
426,PAYMENT,2733.22,C839896,11918.2,9184.99,M720626,3876.21,6609.42,0,0
330,CASH_IN,2275.55,C134173,8165.31,5889.76,C931331,13588.18,15863.73,0,0
295,PAYMENT,5305.6,C293180,17635.48,12329.88,M965244,43126.32,48431.92,0,0
159,CASH_OUT,192565.5,C523817,192565.5,0.0,C150324,4300.68,196866.18,1,0
579,TRANSFER,179.17,C909046,636.17,456.99,C421275,15694.25,15873.42,0,0
222,CASH_IN,1090.55,C990580,5227.04,4136.49,C577312,34591.98,35682.54,0,0
243,CASH_IN,7904.48,C715354,11970.28,4065.8,C284343,15884.1,23788.58,0,0
497,CASH_OUT,164.82,C193219,402.86,238.04,C676968,1461.92,1626.74,0,0
361,CASH_OUT,982.86,C295769,2651.97,1669.11,C308345,4069.57,5052.43,0,0
61,CASH_OUT,929.56,C615102,3005.42,2075.86,C394403,20810.52,21740.09,0,0
509,DEBIT,7170.11,C590726,24274.36,17104.25,C798922,45925.86,53095.97,0,0
4,PAYMENT,837.93,C560108,2431.62,1593.69,M524388,3917.2,4755.13,0,0
158,CASH_OUT,1020.7,C113549,2520.96,1500.26,C109821,25606.0,26626.7,0,0
115,PAYMENT,1138.24,C777594,1706.64,568.4,M320354,35812.38,36950.62,0,0
305,TRANSFER,327021.98,C639521,327021.98,0.0,C364029,14723.38,14723.38,1,1
273,CASH_IN,1093.21,C242841,1859.65,766.43,C574699,42545.88,43639.1,0,0
140,TRANSFER,69794.27,C189567,69794.27,0.0,C917484,32431.87,32431.87,1,0
83,TRANSFER,1138.25,C683375,1233.8,95.54,C598448,14011.27,15149.52,0,0
577,PAYMENT,2968.25,C488031,10866.14,7897.89,M438467,46884.7,49852.95,0,0
250,PAYMENT,4826.39,C396181,6951.84,2125.45,M178434,33652.53,38478.92,0,0
271,PAYMENT,4672.99,C255636,9025.5,4352.51,M993981,21691.09,26364.07,0,0
597,TRANSFER,874.84,C460289,3809.31,2934.47,C345117,34976.68,35851.52,0,0
536,PAYMENT,7661.41,C465861,28852.23,21190.82,M429870,33476.07,41137.48,0,0
511,PAYMENT,642.07,C220631,2910.33,2268.26,M923638,5901.08,6543.14,0,0
332,CASH_OUT,12579.2,C887665,19980.8,7401.6,C389290,38434.11,51013.31,0,0
182,PAYMENT,3328.55,C374518,14653.96,11325.41,M150985,2870.95,6199.5,0,0
293,CASH_IN,2597.47,C974788,7691.59,5094.12,C458932,31268.99,33866.46,0,0
161,TRANSFER,189342.84,C652219,189342.84,0.0,C381137,40872.48,40872.48,1,0
35,CASH_OUT,6917.08,C312783,29058.67,22141.59,C171509,44466.37,51383.45,0,0
488,TRANSFER,2978.19,C706065,7212.33,4234.14,C135055,28658.61,31636.8,0,0
687,CASH_IN,1063.96,C458267,4896.13,3832.17,C652688,5178.52,6242.48,0,0
736,PAYMENT,10336.58,C744213,21216.91,10880.33,M120378,33822.3,44158.88,0,0
424,PAYMENT,3525.41,C819710,7021.84,3496.43,M155061,15358.36,18883.76,0,0
739,CASH_IN,1870.27,C971580,5118.56,3248.29,C411867,37041.11,38911.38,0,0
184,PAYMENT,9408.36,C448097,32953.43,23545.07,M478471,9606.94,19015.3,0,0
300,TRANSFER,973.35,C857874,4055.59,3082.24,C780203,9669.3,10642.65,0,0
12,PAYMENT,3388.8,C369570,10898.62,7509.81,M170031,32935.11,36323.92,0,0
270,CASH_IN,13189.28,C513961,53934.66,40745.37,C286342,47842.77,61032.05,0,0
90,PAYMENT,276.03,C759521,1200.83,924.8,M246575,24737.96,25013.99,0,0
380,PAYMENT,2695.51,C258244,12075.79,9380.28,M744344,929.62,3625.13,0,0
461,PAYMENT,142.74,C693341,654.67,511.93,M956770,45656.3,45799.04,0,0
103,PAYMENT,854.86,C475876,3750.32,2895.46,M172672,28765.91,29620.76,0,0
302,DEBIT,4025.71,C538345,4135.53,109.82,C924151,31579.65,35605.37,0,0
285,CASH_OUT,1205.5,C556994,1527.84,322.34,C298641,929.72,2135.22,0,0
142,PAYMENT,12390.96,C359806,41995.0,29604.04,M371415,12244.3,24635.26,0,0
293,PAYMENT,1837.58,C606122,2967.19,1129.61,M662970,30983.89,32821.47,0,0
2,TRANSFER,3165.51,C873341,7904.45,4738.94,C904751,44263.66,47429.17,0,0
616,PAYMENT,12228.67,C621017,48991.18,36762.51,M958423,8363.18,20591.85,0,0
437,CASH_OUT,15156.49,C981373,70073.92,54917.43,C421373,46458.27,61614.76,0,0
144,TRANSFER,3347.72,C733056,12301.71,8953.99,C306782,27933.63,31281.35,0,0
161,PAYMENT,2297.44,C155639,9424.68,7127.24,M664973,3513.2,5810.63,0,0
414,CASH_OUT,104041.11,C303814,104041.11,0.0,C844152,17105.65,121146.76,1,0
621,CASH_OUT,9392.32,C870452,37215.9,27823.58,C777798,14588.06,23980.37,0,0
554,CASH_OUT,5025.39,C773150,5395.29,369.9,C193695,7213.24,12238.63,0,0
395,CASH_OUT,307928.9,C924747,307928.9,0.0,C641479,38065.4,345994.3,1,1
348,TRANSFER,5376.92,C439460,13839.48,8462.56,C664159,42363.4,47740.32,0,0
637,PAYMENT,1279.65,C367560,3804.21,2524.56,M115251,22761.86,24041.5,0,0
451,CASH_OUT,4090.6,C810660,13999.51,9908.9,C143655,49240.94,53331.55,0,0
4,CASH_OUT,301568.11,C413155,301568.11,0.0,C563509,49467.75,351035.86,1,1
705,TRANSFER,1509.02,C949928,5478.06,3969.05,C191897,11876.11,13385.13,0,0
712,PAYMENT,2135.79,C364704,9842.81,7707.02,M842419,42902.45,45038.24,0,0
489,PAYMENT,2135.47,C776776,3017.64,882.17,M883669,13401.01,15536.48,0,0
627,TRANSFER,794.67,C900452,1428.04,633.36,C192816,46283.77,47078.45,0,0
149,TRANSFER,1841.69,C890790,5718.13,3876.45,C766699,18084.52,19926.21,0,0
296,TRANSFER,864.56,C863008,4258.77,3394.21,C549024,32442.67,33307.23,0,0
629,TRANSFER,206145.02,C579697,206145.02,0.0,C600475,49196.41,49196.41,1,1
281,TRANSFER,19947.0,C260024,95376.04,75429.03,C688691,36606.29,56553.29,0,0
257,TRANSFER,1302.38,C401970,5506.87,4204.49,C381472,6126.35,7428.73,0,0
304,CASH_IN,2810.31,C787039,3165.94,355.62,C588340,46385.19,49195.5,0,0
219,PAYMENT,6307.95,C574200,25515.75,19207.79,M759326,17171.11,23479.07,0,0
162,CASH_IN,120.38,C600651,512.08,391.7,C721203,17844.42,17964.8,0,0
231,PAYMENT,212.27,C580829,728.42,516.15,M267831,28655.62,28867.88,0,0
80,CASH_IN,10217.85,C485052,10327.01,109.17,C603771,39871.23,50089.07,0,0
202,PAYMENT,2329.53,C136091,4511.47,2181.94,M238192,49462.92,51792.45,0,0
692,PAYMENT,1458.94,C721014,3258.59,1799.65,M693533,18455.47,19914.42,0,0
723,CASH_OUT,249223.62,C339464,249223.62,0.0,C191087,26403.22,275626.84,1,1
614,PAYMENT,5618.33,C941188,21436.62,15818.29,M840316,39687.83,45306.17,0,0
479,TRANSFER,312.12,C693167,973.13,661.02,C216506,2726.57,3038.68,0,0
132,CASH_IN,6672.13,C776915,30700.86,24028.73,C519839,19732.17,26404.3,0,0
290,PAYMENT,177.51,C776776,336.15,158.65,M966204,30416.52,30594.03,0,0
359,TRANSFER,2591.22,C958379,3792.01,1200.79,C786962,23788.33,26379.55,0,0
362,CASH_OUT,6162.85,C754608,14576.12,8413.27,C465168,38349.03,44511.88,0,0
110,CASH_IN,663.89,C586431,2077.76,1413.87,C460346,28593.1,29256.99,0,0
731,PAYMENT,1409.55,C866876,6797.66,5388.11,M474526,21592.52,23002.07,0,0
597,CASH_IN,313.36,C600499,1546.45,1233.09,C636974,42959.47,43272.83,0,0
597,PAYMENT,7468.34,C926204,36010.67,28542.33,M177096,561.11,8029.44,0,0
581,TRANSFER,2175.45,C470059,10445.87,8270.42,C115096,10933.99,13109.44,0,0
656,PAYMENT,5675.04,C197186,18983.61,13308.57,M408762,13050.16,18725.2,0,0
672,PAYMENT,2601.31,C678886,3912.44,1311.13,M404164,42191.08,44792.39,0,0
382,PAYMENT,5845.98,C363088,16619.07,10773.1,M499056,4227.96,10073.94,0,0
531,PAYMENT,8256.68,C434858,24211.93,15955.25,M563920,14407.57,22664.25,0,0
573,CASH_OUT,924.71,C820924,2735.74,1811.03,C288603,4919.65,5844.36,0,0
150,DEBIT,5267.84,C306691,12577.78,7309.94,C818096,34669.33,39937.17,0,0
660,PAYMENT,1730.37,C508864,8129.28,6398.91,M419692,19262.0,20992.36,0,0
305,CASH_IN,3155.74,C331181,5315.81,2160.07,C186967,45721.35,48877.08,0,0
421,CASH_IN,373.61,C337798,1014.11,640.5,C300390,12335.22,12708.83,0,0
487,PAYMENT,7813.04,C566641,27599.03,19785.99,M241527,31637.0,39450.05,0,0
97,CASH_OUT,575.25,C737309,1006.69,431.44,C761645,5338.45,5913.7,0,0
457,PAYMENT,10793.27,C694598,16631.79,5838.53,M836415,9959.77,20753.04,0,0
743,CASH_OUT,2622.54,C404732,10470.42,7847.88,C113302,24860.79,27483.33,0,0
465,CASH_IN,7761.89,C548539,31645.0,23883.11,C243618,14172.38,21934.27,0,0
598,PAYMENT,3356.46,C949106,9249.47,5893.01,M305342,23665.33,27021.79,0,0
445,PAYMENT,5445.91,C990683,23635.54,18189.63,M575710,47172.42,52618.33,0,0
435,CASH_IN,3024.57,C107736,12700.6,9676.03,C672546,49046.76,52071.33,0,0
549,TRANSFER,4198.53,C518070,4307.84,109.31,C380176,40152.11,44350.64,0,0
408,CASH_OUT,2429.28,C668525,10227.3,7798.02,C764893,15162.66,17591.94,0,0
73,TRANSFER,982.7,C734671,4281.58,3298.88,C641956,24053.66,25036.37,0,0
571,CASH_IN,10101.39,C731230,38888.37,28786.98,C113070,26328.58,36429.97,0,0
257,TRANSFER,222734.3,C927199,222734.3,0.0,C947937,48852.59,48852.59,1,1
245,CASH_OUT,721.03,C556696,1190.66,469.63,C571993,44597.82,45318.85,0,0
361,PAYMENT,1556.68,C763640,2739.87,1183.19,M159593,36103.93,37660.61,0,0
462,TRANSFER,2256.21,C771515,5671.56,3415.35,C934513,11552.32,13808.53,0,0
667,TRANSFER,393.8,C781867,1407.39,1013.59,C107661,46115.2,46509.0,0,0
350,PAYMENT,112.16,C919842,502.85,390.69,M441012,16659.25,16771.41,0,0
590,CASH_IN,3501.89,C903657,16898.47,13396.58,C598448,1477.94,4979.83,0,0
254,TRANSFER,1495.38,C237213,6395.79,4900.42,C427124,8454.62,9949.99,0,0
103,CASH_IN,1109.88,C952195,5263.36,4153.48,C737934,13438.74,14548.62,0,0
522,CASH_OUT,4540.91,C298812,10227.36,5686.45,C701518,2175.3,6716.2,0,0
555,PAYMENT,1746.74,C355984,2187.1,440.36,M299372,26349.58,28096.31,0,0
362,TRANSFER,2144.33,C900049,9028.0,6883.67,C652592,46395.64,48539.97,0,0
258,PAYMENT,11598.76,C255757,49289.87,37691.11,M620901,41940.19,53538.95,0,0
129,CASH_OUT,397.64,C910851,767.56,369.92,C884002,48131.95,48529.59,0,0
504,PAYMENT,595.16,C901637,2844.75,2249.59,M875217,7016.21,7611.37,0,0
515,PAYMENT,764.45,C368770,2722.68,1958.23,M725447,46010.04,46774.49,0,0
274,PAYMENT,1726.21,C593441,5799.26,4073.05,M849861,35345.18,37071.39,0,0
645,CASH_OUT,3580.57,C392228,13843.21,10262.63,C738743,48049.32,51629.89,0,0
227,PAYMENT,264.94,C308758,568.11,303.17,M108157,3659.52,3924.46,0,0
615,PAYMENT,534.58,C967794,1326.02,791.44,M876204,15728.54,16263.12,0,0
554,TRANSFER,2786.01,C132400,6214.34,3428.33,C615593,24718.99,27505.0,0,0
225,TRANSFER,2422.75,C322688,4009.32,1586.57,C603679,46534.15,48956.9,0,0
180,CASH_IN,2379.3,C660148,5618.83,3239.53,C564279,37217.09,39596.4,0,0
487,TRANSFER,9043.19,C895647,34095.14,25051.95,C345911,12758.48,21801.67,0,0
13,TRANSFER,1014.58,C966603,1889.22,874.63,C330096,20275.96,21290.54,0,0
473,PAYMENT,336.26,C742789,446.31,110.06,M100537,6735.36,7071.61,0,0
570,PAYMENT,2022.32,C520991,5672.28,3649.96,M533245,47724.01,49746.33,0,0
703,TRANSFER,618.94,C353880,2456.87,1837.94,C501312,44052.91,44671.85,0,0
425,CASH_OUT,10388.37,C885695,20897.85,10509.48,C623931,37237.86,47626.23,0,0
477,TRANSFER,148.69,C223569,682.8,534.11,C580686,20944.84,21093.53,0,0
559,CASH_OUT,264733.21,C815796,264733.21,0.0,C773527,38038.06,302771.26,1,1
353,CASH_IN,5616.68,C948790,9574.0,3957.32,C449969,40962.85,46579.54,0,0
58,CASH_OUT,411.03,C177674,1369.18,958.14,C618412,41146.54,41557.57,0,0
96,TRANSFER,1440.86,C161444,7201.51,5760.65,C788484,29213.19,30654.05,0,0
343,CASH_OUT,496.53,C288955,2011.29,1514.75,C546661,42533.57,43030.1,0,0
683,TRANSFER,1050.01,C675038,4202.41,3152.4,C116119,43991.64,45041.65,0,0
466,CASH_IN,2858.12,C903885,9892.46,7034.34,C737004,46703.87,49561.99,0,0
729,PAYMENT,1120.69,C627100,3429.38,2308.69,M195981,49858.19,50978.89,0,0
585,TRANSFER,2405.61,C587853,10329.94,7924.34,C979955,42088.73,44494.33,0,0
578,CASH_OUT,1838.02,C615904,1937.79,99.76,C867800,13118.87,14956.89,0,0
267,PAYMENT,707.08,C982193,2831.08,2124.0,M748560,35687.41,36394.49,0,0
261,CASH_IN,1629.48,C816747,3775.76,2146.27,C271827,18773.5,20402.98,0,0
203,PAYMENT,5791.49,C880910,14922.5,9131.01,M573908,23198.64,28990.14,0,0
137,CASH_OUT,2625.79,C573017,12972.41,10346.62,C315796,12145.84,14771.63,0,0
173,DEBIT,1374.16,C524160,3194.78,1820.63,C807906,3989.46,5363.61,0,0
508,CASH_OUT,3441.91,C935258,10356.55,6914.64,C420114,1338.07,4779.98,0,0
409,PAYMENT,1966.19,C999001,8026.36,6060.17,M763511,49013.08,50979.27,0,0
273,CASH_OUT,166835.5,C611908,166835.5,0.0,C925173,32327.73,199163.23,1,0
610,CASH_OUT,181.26,C186549,283.65,102.39,C528729,22285.74,22466.99,0,0
85,PAYMENT,8830.87,C564048,40456.96,31626.09,M385095,45483.46,54314.34,0,0
174,TRANSFER,3305.5,C819628,10250.65,6945.15,C984474,23343.9,26649.4,0,0
438,TRANSFER,446.14,C512264,2023.55,1577.41,C412361,27416.98,27863.12,0,0
176,PAYMENT,1034.38,C631391,1637.58,603.2,M900978,18518.55,19552.92,0,0
97,CASH_IN,2244.16,C740253,6194.25,3950.09,C963894,9169.46,11413.62,0,0
571,CASH_IN,1813.93,C272827,3244.77,1430.84,C807840,30519.95,32333.88,0,0
126,PAYMENT,2560.32,C678957,7558.71,4998.38,M379746,8586.52,11146.84,0,0
737,CASH_IN,132.54,C390274,650.12,517.58,C654703,31407.44,31539.98,0,0
712,CASH_IN,1924.72,C623940,2911.78,987.07,C366996,11578.59,13503.31,0,0
596,PAYMENT,2716.81,C488841,11314.85,8598.04,M551333,4519.13,7235.94,0,0
172,CASH_IN,661.17,C578403,3288.84,2627.66,C551698,32391.51,33052.68,0,0
397,TRANSFER,2064.6,C110248,10249.07,8184.47,C933420,28919.04,30983.64,0,0
82,DEBIT,10196.46,C976137,37066.91,26870.45,C909791,24066.68,34263.14,0,0
382,PAYMENT,291.28,C191975,1340.08,1048.79,M716753,36398.55,36689.83,0,0
148,TRANSFER,4344.38,C525832,15008.58,10664.2,C478035,15897.06,20241.44,0,0
518,PAYMENT,4270.1,C773939,20957.2,16687.1,M244086,37622.78,41892.88,0,0
316,TRANSFER,5264.79,C101063,17668.11,12403.32,C567582,14110.48,19375.26,0,0
695,PAYMENT,2993.18,C885522,4777.14,1783.96,M832635,14242.06,17235.23,0,0
133,PAYMENT,5224.3,C793070,25401.76,20177.46,M578078,17275.96,22500.26,0,0
237,PAYMENT,11381.45,C194258,42655.9,31274.45,M227640,48719.13,60100.58,0,0
628,CASH_OUT,3121.11,C968596,3888.74,767.64,C809157,23787.09,26908.2,0,0
728,PAYMENT,3958.99,C784277,14249.54,10290.56,M874726,47076.31,51035.29,0,0
707,CASH_IN,5025.49,C493419,18197.68,13172.19,C620542,13074.37,18099.86,0,0
319,CASH_OUT,13103.59,C369969,63020.48,49916.89,C721062,16603.73,29707.32,0,0
528,TRANSFER,3937.79,C639610,16252.51,12314.72,C846073,9548.6,13486.39,0,0
218,TRANSFER,6405.08,C328121,18694.8,12289.73,C889399,44023.8,50428.88,0,0
155,PAYMENT,5279.38,C396748,14918.55,9639.17,M348319,5821.22,11100.6,0,0
87,PAYMENT,925.5,C584356,1497.3,571.81,M401437,9932.78,10858.28,0,0
724,CASH_OUT,1992.92,C558710,6236.93,4244.01,C578955,49569.55,51562.47,0,0
495,PAYMENT,4319.46,C484911,20150.01,15830.55,M583069,1039.33,5358.79,0,0
711,TRANSFER,6178.7,C681852,28222.52,22043.82,C875323,47050.63,53229.33,0,0
383,TRANSFER,17681.08,C531224,47784.64,30103.56,C507269,27306.85,44987.94,0,0
611,CASH_OUT,239071.45,C469445,239071.45,0.0,C771695,21828.56,260900.0,1,1
357,CASH_IN,4643.24,C716084,4863.83,220.59,C471604,6267.09,10910.32,0,0
604,TRANSFER,1296.97,C106395,5410.09,4113.12,C331122,30364.21,31661.19,0,0
31,TRANSFER,10451.33,C135394,50022.44,39571.11,C553247,40978.69,51430.02,0,0
111,CASH_OUT,431.51,C744813,1772.42,1340.91,C262935,28380.14,28811.65,0,0
682,CASH_OUT,489.07,C946757,1826.71,1337.64,C271313,39089.27,39578.34,0,0
653,PAYMENT,2578.57,C919802,2986.98,408.4,M757297,45286.11,47864.68,0,0
26,CASH_OUT,20128.47,C555024,42511.12,22382.65,C283406,39094.38,59222.84,0,0
676,TRANSFER,157.9,C301867,209.92,52.02,C845746,13261.58,13419.48,0,0
370,CASH_OUT,201508.13,C769913,201508.13,0.0,C339438,11761.73,213269.86,1,1
248,CASH_OUT,1643.15,C237679,7825.05,6181.9,C700927,12402.18,14045.33,0,0
191,TRANSFER,1487.56,C773930,5594.78,4107.22,C791298,3521.17,5008.73,0,0
680,CASH_IN,9748.78,C594941,23638.73,13889.95,C360474,20264.13,30012.91,0,0
231,PAYMENT,541.62,C462340,1527.12,985.5,M187448,27824.21,28365.83,0,0
407,CASH_OUT,342020.78,C451017,342020.78,0.0,C844316,11080.36,353101.15,1,1
318,CASH_IN,7559.75,C519154,15275.4,7715.64,C962911,17823.81,25383.57,0,0
691,PAYMENT,1408.31,C865924,2064.06,655.75,M175475,23116.5,24524.82,0,0
511,CASH_OUT,221758.96,C814485,221758.96,0.0,C805041,40964.31,262723.27,1,1
34,CASH_IN,758.53,C212194,1810.76,1052.23,C602480,48520.04,49278.56,0,0
679,CASH_OUT,2456.47,C969722,5946.28,3489.82,C814800,14326.89,16783.35,0,0
64,CASH_OUT,1367.22,C428574,6048.12,4680.89,C363409,37814.99,39182.21,0,0
280,CASH_OUT,4135.83,C336710,13084.63,8948.8,C586793,47742.1,51877.93,0,0
63,CASH_OUT,377.76,C412285,1782.94,1405.18,C311519,20122.1,20499.87,0,0
609,CASH_OUT,20329.55,C613885,82851.49,62521.93,C511723,19437.4,39766.95,0,0
247,PAYMENT,1099.91,C764757,2076.67,976.76,M464474,27666.36,28766.26,0,0
726,PAYMENT,391.45,C798421,775.26,383.81,M955184,13125.44,13516.9,0,0
356,PAYMENT,7986.03,C667990,39289.35,31303.32,M773705,7741.48,15727.51,0,0
160,DEBIT,1587.74,C794175,2130.97,543.23,C650765,15168.35,16756.08,0,0
579,TRANSFER,5555.01,C279065,7537.99,1982.98,C352572,29115.56,34670.57,0,0
552,PAYMENT,103.47,C382896,463.23,359.76,M898053,33740.63,33844.1,0,0
386,TRANSFER,348.53,C891675,928.88,580.35,C601211,8224.41,8572.93,0,0
278,PAYMENT,5262.19,C514526,24552.65,19290.46,M735115,42564.19,47826.38,0,0
32,TRANSFER,2272.68,C245662,10925.55,8652.88,C967606,16994.03,19266.71,0,0
700,CASH_IN,1966.72,C461450,7477.74,5511.01,C539573,34271.16,36237.88,0,0
544,PAYMENT,3533.79,C639661,17128.84,13595.06,M105156,41780.49,45314.27,0,0
27,TRANSFER,8260.78,C247227,24765.88,16505.1,C100570,22623.43,30884.21,0,0
149,CASH_IN,2337.06,C810361,6149.63,3812.57,C541575,17991.4,20328.45,0,0
584,TRANSFER,4864.07,C729104,8813.14,3949.07,C131403,10495.72,15359.79,0,0
582,DEBIT,8353.09,C317307,23451.56,15098.46,C776538,948.62,9301.72,0,0
414,PAYMENT,5357.41,C214312,15038.66,9681.25,M697170,42969.37,48326.78,0,0
573,CASH_IN,729.52,C264622,2314.12,1584.59,C334676,3377.86,4107.38,0,0
132,PAYMENT,447.55,C692548,1294.17,846.62,M790663,23515.27,23962.82,0,0
213,CASH_OUT,190850.67,C856553,190850.67,0.0,C346404,28202.83,219053.5,1,0
637,CASH_OUT,671.29,C732672,3199.65,2528.36,C545750,31237.84,31909.13,0,0
137,CASH_OUT,1872.96,C726901,4749.48,2876.52,C602100,33060.92,34933.88,0,0
329,PAYMENT,2301.84,C724264,4099.79,1797.95,M797522,8534.83,10836.67,0,0
432,CASH_IN,3545.08,C951726,15159.57,11614.49,C595498,44435.21,47980.29,0,0
424,TRANSFER,224128.96,C155443,224128.96,0.0,C581121,17015.24,17015.24,1,1
150,PAYMENT,3382.36,C275380,8217.37,4835.01,M400092,38863.74,42246.11,0,0
536,PAYMENT,1271.63,C995246,2608.19,1336.56,M393064,9717.97,10989.6,0,0
396,PAYMENT,2870.82,C613205,11640.0,8769.19,M897538,28985.61,31856.43,0,0
283,CASH_OUT,3503.85,C529025,12390.69,8886.84,C368988,11472.38,14976.23,0,0
682,PAYMENT,4259.56,C113144,16608.59,12349.03,M369793,49677.26,53936.82,0,0
451,PAYMENT,7225.88,C518346,34448.59,27222.71,M257788,24653.74,31879.62,0,0
578,CASH_OUT,565.58,C174457,2044.54,1478.96,C694173,15138.33,15703.92,0,0
440,CASH_IN,111.51,C281796,165.12,53.62,C499456,27572.66,27684.16,0,0
370,CASH_IN,12286.07,C261715,23880.33,11594.27,C915659,40558.03,52844.1,0,0
724,TRANSFER,6933.08,C242377,15334.82,8401.74,C656010,11435.43,18368.51,0,0
134,CASH_OUT,9820.05,C591323,26620.18,16800.13,C376364,36317.12,46137.18,0,0
119,CASH_OUT,84637.04,C341983,84637.04,0.0,C423406,26807.1,111444.13,1,0
189,TRANSFER,2507.61,C146260,9185.81,6678.2,C503476,3788.86,6296.47,0,0
675,TRANSFER,1432.85,C950199,5497.41,4064.56,C320115,12810.45,14243.3,0,0
10,PAYMENT,3183.16,C958095,7022.24,3839.08,M981441,32047.02,35230.19,0,0
553,PAYMENT,6744.39,C122068,15073.78,8329.4,M714524,17258.87,24003.25,0,0
175,PAYMENT,1094.98,C665175,5229.17,4134.19,M259849,45094.49,46189.47,0,0
637,PAYMENT,408.86,C654990,1750.51,1341.65,M319450,38692.13,39100.99,0,0
285,PAYMENT,5259.98,C716628,25558.2,20298.22,M375165,13320.6,18580.58,0,0
661,TRANSFER,318.1,C566683,1077.36,759.27,C113699,35993.28,36311.38,0,0
325,TRANSFER,2875.73,C426380,12538.08,9662.35,C276946,21942.29,24818.02,0,0
463,CASH_IN,361.61,C738160,952.41,590.8,C326316,32577.43,32939.04,0,0
162,CASH_IN,208.9,C981587,837.06,628.16,C556076,42148.06,42356.96,0,0
341,DEBIT,7084.67,C330706,28496.53,21411.87,C174158,12502.74,19587.41,0,0
690,TRANSFER,10694.73,C530283,28671.96,17977.23,C562485,44143.26,54837.99,0,0
642,CASH_OUT,992.56,C701248,2142.14,1149.58,C662842,28087.96,29080.52,0,0
173,PAYMENT,5477.96,C111598,14979.93,9501.97,M829221,10476.13,15954.08,0,0
14,PAYMENT,3282.6,C546681,5838.89,2556.29,M173723,18581.01,21863.61,0,0
680,CASH_IN,4151.17,C820820,13654.17,9502.99,C900186,35568.17,39719.34,0,0
99,TRANSFER,275006.66,C305908,275006.66,0.0,C424262,39386.04,39386.04,1,1
519,CASH_OUT,116.14,C737534,253.82,137.68,C308758,31371.35,31487.49,0,0
300,PAYMENT,2379.06,C765664,7253.92,4874.86,M357589,20331.53,22710.59,0,0
222,PAYMENT,3182.87,C217257,11950.91,8768.03,M738935,7437.74,10620.61,0,0
683,CASH_OUT,558.51,C898567,1716.25,1157.74,C481577,27610.44,28168.95,0,0
509,PAYMENT,2763.19,C633983,12410.01,9646.82,M312135,6539.49,9302.68,0,0
603,PAYMENT,4022.14,C129402,10316.05,6293.9,M935590,20289.49,24311.64,0,0
6,CASH_OUT,3245.48,C686660,13121.03,9875.55,C921756,30561.78,33807.27,0,0
220,CASH_IN,1754.64,C792789,5805.16,4050.52,C425249,4770.52,6525.16,0,0
730,CASH_IN,117.33,C108187,486.12,368.79,C689277,32245.28,32362.62,0,0
185,CASH_IN,989.03,C469873,1113.73,124.71,C859642,21953.73,22942.76,0,0
101,PAYMENT,746.9,C324494,3250.38,2503.48,M260470,43880.73,44627.63,0,0
291,TRANSFER,6268.43,C400016,26115.06,19846.63,C175048,36223.44,42491.87,0,0
669,PAYMENT,4199.47,C189543,14989.29,10789.82,M907403,34235.72,38435.19,0,0
9,CASH_OUT,3713.54,C647437,15151.42,11437.88,C641025,18293.84,22007.38,0,0
271,TRANSFER,341.33,C192214,1602.85,1261.53,C125099,13565.94,13907.27,0,0
463,CASH_OUT,9347.49,C152763,21941.51,12594.02,C830076,13239.75,22587.24,0,0
212,CASH_IN,904.35,C716301,3455.67,2551.32,C259827,3809.99,4714.34,0,0
212,CASH_IN,3089.52,C302421,5830.25,2740.72,C160574,20466.17,23555.69,0,0
701,PAYMENT,238.03,C107160,541.59,303.56,M272415,39734.93,39972.96,0,0
42,CASH_IN,2577.94,C506896,7536.54,4958.6,C643593,17344.18,19922.12,0,0
486,TRANSFER,353.75,C438410,1667.98,1314.23,C442510,17554.86,17908.62,0,0
730,CASH_IN,4011.97,C855015,4877.71,865.74,C233770,8182.74,12194.7,0,0
541,CASH_OUT,1413.38,C214751,5266.85,3853.47,C431601,15560.54,16973.91,0,0
320,TRANSFER,2662.87,C412058,7214.36,4551.49,C756095,49036.76,51699.63,0,0
47,DEBIT,173.7,C838356,219.72,46.02,C307080,23144.62,23318.32,0,0
200,CASH_IN,960.45,C313905,4516.7,3556.25,C215864,11999.06,12959.51,0,0
106,CASH_OUT,241323.7,C969874,241323.7,0.0,C992213,23853.86,265177.56,1,1
51,CASH_OUT,8273.73,C544977,24529.41,16255.68,C194538,34104.73,42378.46,0,0
11,PAYMENT,4737.04,C945526,7221.47,2484.43,M842769,11800.11,16537.15,0,0
440,TRANSFER,244904.25,C725363,244904.25,0.0,C499993,21106.08,21106.08,1,1
114,PAYMENT,828.45,C416366,2701.86,1873.41,M796345,3004.7,3833.15,0,0
364,CASH_OUT,3698.77,C263249,12488.1,8789.33,C810542,37905.23,41604.01,0,0
108,PAYMENT,2245.43,C111367,8723.8,6478.38,M663019,21950.88,24196.31,0,0
332,CASH_IN,10712.03,C759498,11512.8,800.77,C278184,18165.93,28877.97,0,0
526,PAYMENT,13567.94,C377349,59551.81,45983.87,M759988,45647.14,59215.09,0,0
377,CASH_IN,2162.09,C192060,2799.86,637.77,C243165,44036.32,46198.41,0,0
437,PAYMENT,3866.73,C245979,18990.48,15123.74,M940489,6017.38,9884.11,0,0
634,TRANSFER,1329.47,C689325,4310.94,2981.47,C546131,37303.24,38632.71,0,0
160,CASH_OUT,596.1,C633670,769.48,173.37,C648408,9796.48,10392.59,0,0
650,TRANSFER,1513.37,C246434,7360.36,5846.98,C998667,12410.95,13924.32,0,0
51,PAYMENT,2304.37,C552342,11047.6,8743.23,M876267,21219.0,23523.37,0,0
81,PAYMENT,170.68,C551385,696.15,525.47,M316653,27643.69,27814.38,0,0
670,PAYMENT,1243.51,C431195,1708.55,465.04,M358514,14344.9,15588.41,0,0
259,CASH_OUT,7398.3,C737186,32695.06,25296.76,C484624,43963.87,51362.17,0,0
739,PAYMENT,4518.07,C192519,6322.89,1804.83,M868323,7443.97,11962.04,0,0
326,CASH_OUT,2937.77,C429705,6378.55,3440.78,C754884,31234.04,34171.81,0,0
106,CASH_OUT,840.41,C665994,3589.24,2748.82,C990807,33175.8,34016.21,0,0
620,CASH_OUT,580.25,C551736,811.24,230.99,C671882,40938.63,41518.88,0,0
435,TRANSFER,2842.8,C100434,8662.09,5819.29,C765879,3220.72,6063.52,0,0
623,CASH_OUT,3764.21,C869260,6759.63,2995.42,C158277,20157.59,23921.8,0,0
183,CASH_IN,3692.65,C617634,5976.36,2283.72,C909989,13794.59,17487.24,0,0
304,CASH_IN,140.03,C380267,140.96,0.93,C323544,41426.49,41566.52,0,0
55,PAYMENT,999.76,C741910,4886.14,3886.38,M572088,40525.91,41525.67,0,0
37,PAYMENT,173.79,C972646,599.21,425.42,M246977,1580.68,1754.47,0,0
568,CASH_OUT,2818.56,C977465,3727.39,908.83,C843138,38455.53,41274.09,0,0
315,DEBIT,1483.97,C283699,5336.57,3852.6,C519333,49616.83,51100.8,0,0
451,PAYMENT,551.23,C859945,2729.03,2177.81,M778539,24636.24,25187.47,0,0
508,PAYMENT,4646.76,C624125,20209.42,15562.66,M182307,39321.04,43967.8,0,0
385,TRANSFER,8018.82,C427324,35686.92,27668.1,C338016,8155.6,16174.42,0,0
174,PAYMENT,4797.48,C659372,16669.17,11871.69,M281498,46117.79,50915.27,0,0
370,PAYMENT,1564.53,C655185,7254.58,5690.05,M795962,45609.75,47174.29,0,0
547,PAYMENT,4383.64,C727770,16654.74,12271.1,M590569,49688.18,54071.82,0,0
239,PAYMENT,2023.5,C285218,8422.85,6399.35,M377382,40341.83,42365.34,0,0
9,PAYMENT,1441.0,C791057,5490.09,4049.09,M998621,37044.16,38485.17,0,0
318,CASH_OUT,175047.95,C553964,175047.95,0.0,C140295,33712.01,208759.97,1,0
241,TRANSFER,167.71,C731840,788.8,621.09,C726263,38804.82,38972.53,0,0
419,CASH_IN,3112.81,C693207,9565.69,6452.88,C885327,20609.59,23722.39,0,0
469,PAYMENT,10440.65,C502039,10598.44,157.79,M657377,48853.05,59293.7,0,0
435,CASH_OUT,1085.31,C473883,4431.95,3346.64,C415107,40316.3,41401.61,0,0
280,PAYMENT,883.83,C495632,1114.48,230.65,M795796,36437.37,37321.2,0,0
460,PAYMENT,7230.8,C101363,20426.53,13195.73,M989238,23416.1,30646.91,0,0
453,TRANSFER,1399.97,C878229,1844.74,444.76,C964661,22529.58,23929.56,0,0
183,PAYMENT,5698.94,C979334,27833.8,22134.86,M220347,42096.66,47795.61,0,0
323,CASH_IN,730.51,C738335,2812.04,2081.54,C656511,36727.93,37458.44,0,0
305,TRANSFER,950.2,C126025,3665.35,2715.15,C707460,26933.46,27883.66,0,0
524,PAYMENT,2740.84,C919285,8624.77,5883.94,M257883,31623.12,34363.95,0,0
305,PAYMENT,12914.93,C241820,48724.79,35809.86,M343301,28291.73,41206.66,0,0
2,TRANSFER,931.5,C988079,1576.61,645.11,C837973,25666.62,26598.12,0,0
18,CASH_OUT,3695.12,C832958,12142.55,8447.43,C565796,26464.73,30159.85,0,0
228,TRANSFER,2042.23,C651420,4708.98,2666.75,C150737,32229.21,34271.44,0,0
655,PAYMENT,9555.92,C324866,12262.5,2706.58,M144758,16831.13,26387.05,0,0
556,CASH_IN,116.14,C763623,413.29,297.15,C969173,43549.49,43665.62,0,0
399,CASH_IN,7939.32,C233025,21720.54,13781.22,C694787,28879.76,36819.08,0,0
585,PAYMENT,3290.44,C985608,15961.05,12670.6,M959922,2772.37,6062.82,0,0
492,CASH_OUT,1019.93,C338461,2663.68,1643.75,C315676,18972.58,19992.51,0,0
223,TRANSFER,1568.31,C710518,5758.21,4189.9,C425749,48349.17,49917.48,0,0
227,PAYMENT,3152.35,C579243,14979.73,11827.37,M138009,14582.59,17734.95,0,0
547,CASH_IN,8701.75,C873056,17534.47,8832.72,C148373,20390.06,29091.81,0,0
591,CASH_IN,4989.38,C832172,13724.68,8735.3,C793613,31099.34,36088.73,0,0
719,CASH_OUT,2616.51,C810909,8388.19,5771.68,C538018,21008.52,23625.03,0,0
182,PAYMENT,5754.44,C440311,18317.92,12563.48,M165509,15161.58,20916.03,0,0
105,PAYMENT,6979.95,C233631,33358.89,26378.93,M901176,4460.72,11440.67,0,0
436,TRANSFER,1183.57,C575127,1281.01,97.44,C676722,11093.14,12276.71,0,0
463,CASH_OUT,2270.68,C792580,10584.35,8313.67,C748610,10651.7,12922.38,0,0
606,DEBIT,6191.92,C166326,24997.26,18805.34,C671883,18589.98,24781.9,0,0
225,CASH_OUT,11833.45,C651356,33306.0,21472.56,C146996,31805.56,43639.01,0,0
7,CASH_IN,11158.71,C449801,37800.6,26641.88,C609522,1484.41,12643.12,0,0
374,DEBIT,10316.71,C872660,33581.9,23265.19,C950026,43258.91,53575.62,0,0
33,TRANSFER,3981.45,C961009,16081.66,12100.21,C727926,6390.77,10372.22,0,0
733,PAYMENT,6045.93,C191714,22907.08,16861.15,M637202,46345.63,52391.56,0,0
369,DEBIT,1021.39,C469438,2563.24,1541.85,C176323,39708.17,40729.56,0,0
343,PAYMENT,4999.75,C511916,24442.42,19442.67,M508234,31204.21,36203.96,0,0
733,PAYMENT,150.92,C597049,545.35,394.43,M562561,24908.89,25059.8,0,0
225,CASH_OUT,2635.33,C514339,10317.71,7682.39,C395239,32376.4,35011.73,0,0
119,CASH_OUT,6221.4,C889554,10797.76,4576.36,C629164,37702.52,43923.92,0,0
681,PAYMENT,2355.99,C543598,2896.21,540.22,M503603,36064.47,38420.46,0,0
300,PAYMENT,3537.29,C352703,15380.29,11843.0,M837813,3544.68,7081.97,0,0
233,CASH_IN,901.49,C447717,3998.56,3097.07,C332389,15400.79,16302.28,0,0
701,CASH_OUT,11626.24,C871170,32158.93,20532.69,C365974,13755.9,25382.14,0,0
557,TRANSFER,2446.86,C236742,7833.95,5387.1,C995426,34874.04,37320.89,0,0
42,PAYMENT,1441.47,C977042,4375.69,2934.22,M446482,6559.79,8001.26,0,0
699,PAYMENT,1630.26,C115171,2387.69,757.43,M404348,21770.71,23400.97,0,0
47,TRANSFER,1472.8,C819801,3706.99,2234.19,C669366,39253.39,40726.19,0,0
131,PAYMENT,5181.72,C345701,24414.44,19232.72,M657103,47528.35,52710.07,0,0
82,TRANSFER,6162.05,C329355,15394.46,9232.41,C199332,45880.67,52042.72,0,0
286,CASH_IN,3193.13,C368422,13928.31,10735.18,C275638,9586.77,12779.9,0,0
331,PAYMENT,4416.36,C255826,13310.03,8893.67,M598113,28828.24,33244.6,0,0
240,PAYMENT,1180.79,C842077,5877.34,4696.55,M319973,12159.56,13340.35,0,0
727,CASH_IN,1379.94,C825874,1874.26,494.32,C745113,11998.77,13378.71,0,0
462,PAYMENT,282.97,C284405,1068.04,785.08,M379866,28057.62,28340.59,0,0
28,PAYMENT,2229.97,C908747,7205.0,4975.03,M634640,34468.14,36698.11,0,0
706,CASH_OUT,6119.91,C432990,22040.4,15920.49,C343180,36008.55,42128.46,0,0
163,PAYMENT,1397.36,C414676,2555.75,1158.39,M503757,18391.49,19788.84,0,0
308,PAYMENT,2154.38,C804464,8810.06,6655.67,M112199,31456.92,33611.31,0,0
489,PAYMENT,2043.21,C258393,6408.49,4365.28,M947464,6642.09,8685.3,0,0
469,PAYMENT,1400.09,C593691,2640.27,1240.18,M398206,19820.5,21220.59,0,0
490,PAYMENT,3225.13,C650518,12696.03,9470.89,M959084,38220.74,41445.87,0,0
258,PAYMENT,5214.47,C799046,13253.91,8039.44,M968004,7130.16,12344.63,0,0
29,PAYMENT,6248.09,C154339,25604.21,19356.12,M935714,33629.87,39877.96,0,0
111,TRANSFER,188266.99,C361803,188266.99,0.0,C674757,2321.68,2321.68,1,0
285,PAYMENT,993.64,C335514,3728.06,2734.42,M689421,17777.53,18771.17,0,0
188,DEBIT,6272.6,C801538,14351.54,8078.95,C302772,15286.4,21559.0,0,0
620,DEBIT,1500.22,C223438,5056.29,3556.07,C176639,7377.19,8877.42,0,0
690,TRANSFER,374.44,C969134,1240.61,866.18,C192246,12686.98,13061.42,0,0
515,CASH_OUT,786.33,C768235,3274.74,2488.41,C956323,15310.18,16096.51,0,0
537,PAYMENT,1169.24,C393218,2905.96,1736.72,M692340,42667.28,43836.52,0,0
95,PAYMENT,159.99,C800438,285.41,125.42,M742281,20096.24,20256.23,0,0
698,CASH_OUT,4120.79,C952427,10459.31,6338.52,C429916,43519.25,47640.04,0,0
351,CASH_OUT,1745.9,C348662,6811.35,5065.45,C621424,24305.42,26051.33,0,0
682,CASH_OUT,922.6,C995321,2354.66,1432.06,C314367,30536.99,31459.59,0,0
541,CASH_IN,4211.98,C109251,15575.52,11363.54,C502164,671.49,4883.47,0,0
424,PAYMENT,614.03,C512314,1905.61,1291.59,M500624,26189.57,26803.6,0,0
296,PAYMENT,2535.96,C458455,4171.3,1635.34,M992469,48290.58,50826.54,0,0
341,PAYMENT,2853.99,C117804,9170.02,6316.04,M188613,11748.62,14602.61,0,0
497,PAYMENT,6345.49,C299646,18085.78,11740.29,M160313,22013.2,28358.69,0,0
194,PAYMENT,467.86,C350982,1997.25,1529.39,M692404,4789.54,5257.4,0,0
592,CASH_OUT,142490.33,C690699,142490.33,0.0,C308262,28664.87,171155.2,1,0
678,PAYMENT,360.22,C128517,781.8,421.58,M456539,2696.71,3056.93,0,0
224,PAYMENT,5083.45,C773348,16315.24,11231.79,M253115,39287.84,44371.29,0,0
369,CASH_OUT,2074.08,C274036,5105.49,3031.41,C822094,22574.95,24649.03,0,0
298,PAYMENT,3831.03,C541819,10828.04,6997.01,M755353,31200.14,35031.17,0,0
229,CASH_OUT,2170.74,C788659,9273.25,7102.51,C965679,22306.77,24477.52,0,0
184,DEBIT,2685.6,C560044,8621.15,5935.56,C415406,44093.43,46779.03,0,0
329,DEBIT,1389.79,C842435,6883.6,5493.81,C178740,30454.67,31844.45,0,0
205,CASH_IN,2291.16,C107553,3524.36,1233.2,C788191,1161.6,3452.76,0,0
352,PAYMENT,913.43,C818317,2407.9,1494.47,M757037,10177.38,11090.81,0,0
595,PAYMENT,5976.78,C996884,23756.45,17779.67,M160753,43856.14,49832.92,0,0
492,PAYMENT,8875.47,C681602,43678.99,34803.52,M605302,21836.65,30712.12,0,0
328,TRANSFER,4421.45,C243905,14821.43,10399.98,C428278,39350.25,43771.7,0,0
32,CASH_IN,958.64,C974528,1661.34,702.7,C909858,38727.69,39686.33,0,0
388,PAYMENT,2005.49,C749093,4591.27,2585.78,M957879,36163.18,38168.67,0,0
604,TRANSFER,3989.19,C393042,10311.61,6322.42,C802080,7074.89,11064.08,0,0
501,CASH_OUT,127332.41,C868776,127332.41,0.0,C822847,8124.31,135456.72,1,0
451,TRANSFER,2047.8,C428817,4967.8,2920.0,C547525,49898.86,51946.65,0,0
545,CASH_OUT,30321.3,C519957,127602.42,97281.12,C974916,21727.41,52048.71,0,0
243,TRANSFER,96123.21,C661524,96123.21,0.0,C823242,47382.86,47382.86,1,0
673,TRANSFER,5837.61,C515092,6582.96,745.35,C215148,29900.93,35738.54,0,0
235,PAYMENT,2468.45,C403370,9552.69,7084.24,M915759,26071.98,28540.43,0,0
554,CASH_OUT,5476.26,C134281,19703.37,14227.11,C421414,29285.03,34761.3,0,0
258,PAYMENT,4934.49,C392042,8170.76,3236.28,M478803,42408.29,47342.77,0,0
343,TRANSFER,509.21,C744137,716.4,207.19,C193638,37682.74,38191.96,0,0
182,PAYMENT,7858.36,C360236,32304.35,24445.99,M332474,32816.45,40674.8,0,0
315,CASH_OUT,9326.93,C258349,19168.12,9841.19,C973111,12395.41,21722.35,0,0
67,TRANSFER,1452.06,C570795,4699.49,3247.43,C343762,14320.24,15772.3,0,0
678,PAYMENT,8106.74,C160594,17951.99,9845.25,M185269,30071.4,38178.15,0,0
239,PAYMENT,928.82,C304241,3004.91,2076.1,M239384,47514.46,48443.28,0,0
413,PAYMENT,5426.24,C294650,17187.62,11761.38,M320708,25434.43,30860.67,0,0
491,TRANSFER,547.5,C975629,2582.4,2034.9,C161590,14099.09,14646.59,0,0
431,CASH_OUT,1218.65,C378456,4001.28,2782.63,C373087,29842.59,31061.25,0,0
127,PAYMENT,9375.09,C743940,26980.32,17605.23,M819370,42688.06,52063.15,0,0
651,TRANSFER,252.16,C293590,382.33,130.17,C911176,5752.62,6004.78,0,0
611,PAYMENT,3244.33,C441914,13124.08,9879.75,M652881,16941.67,20185.99,0,0
626,DEBIT,1629.31,C129764,5310.36,3681.04,C163784,40338.22,41967.53,0,0
686,PAYMENT,2844.39,C467088,3832.38,987.99,M774643,44809.33,47653.72,0,0
136,PAYMENT,4627.31,C983928,12795.01,8167.69,M891153,41894.62,46521.94,0,0
526,CASH_OUT,3271.19,C245354,14486.34,11215.15,C780175,43207.61,46478.8,0,0
304,DEBIT,738.65,C651262,3097.87,2359.22,C854424,9325.81,10064.47,0,0
571,PAYMENT,4275.23,C822224,18660.34,14385.11,M543397,32611.93,36887.17,0,0
329,PAYMENT,4730.44,C174266,20014.14,15283.69,M555392,18021.72,22752.16,0,0
507,CASH_OUT,648.05,C201467,2837.12,2189.07,C464911,32440.66,33088.71,0,0
580,DEBIT,11250.52,C730327,54194.09,42943.57,C862447,31157.56,42408.07,0,0
24,CASH_OUT,4619.18,C102078,9230.08,4610.91,C982318,44477.09,49096.27,0,0
227,TRANSFER,3176.31,C146845,5672.26,2495.95,C251118,40319.8,43496.1,0,0
475,CASH_IN,2967.1,C863203,13497.94,10530.85,C742446,20937.96,23905.05,0,0
282,PAYMENT,1886.59,C242769,3151.08,1264.49,M770782,10104.48,11991.07,0,0
453,PAYMENT,1233.99,C494365,5894.83,4660.84,M647080,4747.25,5981.24,0,0
7,TRANSFER,1028.4,C938883,2618.86,1590.46,C956811,26630.87,27659.27,0,0
146,PAYMENT,876.32,C186467,4129.4,3253.08,M233225,9156.32,10032.64,0,0
240,CASH_IN,6114.31,C861387,21709.82,15595.51,C218818,32898.47,39012.78,0,0
347,PAYMENT,2999.25,C424640,6959.1,3959.85,M335614,21777.67,24776.92,0,0
205,TRANSFER,3244.68,C300092,5328.47,2083.79,C673853,9905.46,13150.14,0,0
674,TRANSFER,99203.16,C969271,99203.16,0.0,C412202,47041.56,47041.56,1,0
139,PAYMENT,1115.88,C568671,2756.41,1640.53,M275259,3943.28,5059.16,0,0
424,PAYMENT,2195.96,C494576,6383.0,4187.03,M626336,2838.2,5034.16,0,0
109,PAYMENT,1984.94,C680173,8317.1,6332.16,M904493,8524.41,10509.36,0,0
216,PAYMENT,3631.37,C188478,8245.54,4614.17,M289892,29372.13,33003.5,0,0
149,CASH_IN,3573.74,C986461,16073.84,12500.1,C305914,554.03,4127.77,0,0
49,TRANSFER,1960.22,C418462,7214.46,5254.24,C588189,24741.1,26701.32,0,0
602,DEBIT,1172.17,C453906,5061.7,3889.52,C559869,35209.17,36381.34,0,0
133,TRANSFER,3055.36,C308040,10327.06,7271.7,C489430,5524.29,8579.65,0,0
730,CASH_IN,572.44,C294035,674.08,101.64,C411044,15827.39,16399.82,0,0
285,CASH_OUT,3412.14,C376345,12528.99,9116.86,C301651,12220.23,15632.36,0,0
628,CASH_OUT,329468.43,C899061,329468.43,0.0,C550947,5433.29,334901.73,1,1
4,PAYMENT,5697.02,C241869,22720.49,17023.47,M611023,30144.46,35841.48,0,0
187,PAYMENT,339.0,C566985,1422.64,1083.64,M798971,8293.84,8632.84,0,0
261,CASH_OUT,3228.7,C412235,10126.66,6897.96,C235510,42301.43,45530.13,0,0
238,CASH_OUT,214.22,C734917,719.5,505.29,C125940,17678.77,17892.99,0,0
729,PAYMENT,8640.08,C638760,18941.79,10301.71,M180436,27981.44,36621.52,0,0
394,CASH_OUT,154.23,C135976,582.8,428.56,C825570,11935.8,12090.03,0,0
30,CASH_OUT,3701.65,C564308,17596.62,13894.97,C978630,49123.77,52825.42,0,0
682,CASH_IN,3041.94,C971176,3356.74,314.81,C868256,11272.45,14314.39,0,0
635,CASH_IN,5834.22,C496423,7505.41,1671.2,C390378,12821.23,18655.45,0,0
26,CASH_OUT,5779.53,C291703,19882.25,14102.72,C961685,49053.78,54833.32,0,0
459,DEBIT,2772.15,C757072,11575.71,8803.55,C353186,14156.05,16928.21,0,0
123,CASH_IN,1185.21,C878083,5625.91,4440.7,C447175,40340.52,41525.73,0,0
122,CASH_OUT,2221.13,C446448,3865.79,1644.66,C398591,10008.81,12229.94,0,0
513,CASH_OUT,704.64,C326401,2203.7,1499.07,C292421,14435.2,15139.83,0,0
43,CASH_IN,609.08,C898565,2631.2,2022.12,C671274,13925.26,14534.34,0,0
200,PAYMENT,623.95,C266373,1080.37,456.42,M986745,40267.19,40891.14,0,0
361,CASH_OUT,184966.82,C682459,184966.82,0.0,C372498,41462.65,226429.48,1,0
252,CASH_OUT,238292.54,C977839,238292.54,0.0,C648270,19755.04,258047.58,1,1
26,PAYMENT,8176.97,C171241,30952.98,22776.02,M936728,47059.99,55236.96,0,0
463,CASH_OUT,398.69,C515364,1424.26,1025.57,C329155,34518.3,34916.99,0,0
499,TRANSFER,2079.23,C160447,2412.25,333.02,C210709,1359.52,3438.75,0,0
15,CASH_IN,1018.66,C489893,2065.72,1047.06,C195822,18400.21,19418.86,0,0
381,CASH_IN,4094.04,C359797,12316.34,8222.31,C570998,29346.0,33440.04,0,0
590,PAYMENT,658.47,C570832,1152.52,494.05,M177512,38497.15,39155.62,0,0
579,TRANSFER,257667.84,C414454,257667.84,0.0,C486390,16966.44,16966.44,1,1
395,CASH_IN,569.92,C784007,790.11,220.19,C191007,40268.69,40838.61,0,0
576,CASH_IN,13702.82,C299372,33138.17,19435.35,C483840,49433.02,63135.84,0,0
191,CASH_IN,6509.31,C162722,31026.8,24517.49,C807933,40413.28,46922.6,0,0
601,CASH_IN,1038.23,C469722,4269.96,3231.73,C866103,15024.47,16062.7,0,0
540,PAYMENT,3281.98,C408697,14561.07,11279.09,M843245,19435.39,22717.36,0,0
618,PAYMENT,1106.26,C677538,3036.76,1930.5,M322191,31716.24,32822.49,0,0
258,TRANSFER,3520.23,C472778,13757.82,10237.58,C729877,39692.16,43212.39,0,0
5,CASH_IN,12152.69,C151746,32317.28,20164.58,C166923,34416.39,46569.08,0,0
335,PAYMENT,2487.01,C872948,2904.19,417.18,M821671,10026.06,12513.07,0,0
736,CASH_OUT,1392.74,C848759,5296.3,3903.56,C241118,43152.53,44545.27,0,0
101,CASH_IN,14406.19,C828690,27269.76,12863.57,C735993,3789.07,18195.26,0,0
19,TRANSFER,8141.69,C508724,18900.05,10758.36,C643964,42574.23,50715.92,0,0
733,TRANSFER,167746.94,C220082,167746.94,0.0,C503595,44838.91,44838.91,1,0
23,CASH_OUT,5040.41,C155818,5764.03,723.62,C556667,35779.26,40819.67,0,0
607,CASH_IN,5557.18,C890446,9866.8,4309.62,C760467,36802.51,42359.69,0,0
607,PAYMENT,3792.04,C467452,4788.09,996.05,M527226,5468.16,9260.19,0,0
81,TRANSFER,220.3,C234229,359.02,138.72,C923917,6198.04,6418.34,0,0
217,CASH_OUT,2754.04,C311098,9663.64,6909.6,C107645,32168.7,34922.74,0,0
621,PAYMENT,1542.88,C211375,4181.35,2638.47,M348880,3559.31,5102.19,0,0
377,CASH_IN,1997.38,C301275,8827.02,6829.64,C806466,28413.25,30410.63,0,0
242,CASH_IN,136.25,C705017,361.12,224.88,C193602,46374.01,46510.26,0,0
659,PAYMENT,292.81,C107420,973.12,680.31,M793881,40624.13,40916.94,0,0
512,CASH_IN,276.8,C698225,454.96,178.15,C765357,14126.86,14403.67,0,0
142,DEBIT,4514.02,C359831,6327.87,1813.84,C756537,31415.6,35929.62,0,0
323,PAYMENT,765.09,C111865,2651.48,1886.39,M118936,28398.44,29163.53,0,0
40,TRANSFER,86170.71,C381283,86170.71,0.0,C846294,29194.69,29194.69,1,0
526,CASH_IN,2155.29,C786469,5912.75,3757.46,C643769,25250.36,27405.66,0,0
128,CASH_OUT,9736.09,C711134,14116.02,4379.93,C928953,6975.66,16711.75,0,0
266,TRANSFER,4164.43,C230225,17049.9,12885.47,C947503,37022.45,41186.88,0,0
328,TRANSFER,1719.42,C628199,8301.5,6582.07,C280177,39952.56,41671.98,0,0
149,CASH_IN,1210.88,C686015,4085.33,2874.45,C596990,14520.83,15731.71,0,0
297,PAYMENT,3955.99,C745545,14209.34,10253.35,M792473,40607.3,44563.28,0,0
743,CASH_IN,6764.33,C746943,27106.34,20342.02,C233486,33277.19,40041.51,0,0
120,CASH_OUT,5668.5,C447088,15843.78,10175.28,C748340,6502.01,12170.51,0,0
528,TRANSFER,164837.18,C479684,164837.18,0.0,C249911,40440.06,40440.06,1,0
347,TRANSFER,2372.3,C794385,6212.5,3840.2,C228237,46632.97,49005.27,0,0
94,CASH_IN,11300.07,C669305,19329.27,8029.21,C160555,26799.59,38099.66,0,0
466,TRANSFER,13275.09,C173663,15242.25,1967.16,C939811,27226.07,40501.16,0,0
721,PAYMENT,1268.6,C178593,5235.56,3966.96,M159485,23290.38,24558.98,0,0
241,TRANSFER,1043.5,C746729,4893.11,3849.61,C842578,37566.92,38610.42,0,0
80,PAYMENT,4592.0,C280626,17591.42,12999.43,M762559,10432.18,15024.17,0,0
121,PAYMENT,1388.98,C436260,4410.62,3021.64,M316396,31244.17,32633.15,0,0
523,CASH_OUT,805.69,C350898,3017.83,2212.14,C702052,17951.83,18757.51,0,0
456,PAYMENT,5382.35,C478739,19817.66,14435.31,M450265,43873.28,49255.63,0,0
728,DEBIT,774.04,C258302,3448.2,2674.16,C320237,38630.89,39404.93,0,0
654,PAYMENT,242.46,C999390,563.13,320.67,M985442,41159.59,41402.05,0,0
509,PAYMENT,1113.74,C635901,2070.36,956.62,M598116,36717.17,37830.91,0,0
586,PAYMENT,8165.14,C712357,11064.92,2899.78,M284777,7648.11,15813.26,0,0
554,PAYMENT,4731.65,C769068,18784.86,14053.21,M761450,29285.38,34017.02,0,0
679,TRANSFER,1633.44,C835689,7474.65,5841.21,C328402,3269.42,4902.86,0,0
271,CASH_OUT,3128.55,C251519,5971.27,2842.72,C591973,4433.24,7561.79,0,0
687,TRANSFER,479.61,C801825,1521.55,1041.93,C916272,15440.65,15920.26,0,0
377,PAYMENT,2161.36,C565498,6152.14,3990.77,M390628,34962.81,37124.18,0,0
94,CASH_IN,5282.92,C195495,20094.25,14811.34,C177213,7403.5,12686.42,0,0
369,PAYMENT,1011.76,C956776,1258.56,246.8,M894480,9923.96,10935.72,0,0
377,PAYMENT,3776.81,C759843,8849.73,5072.92,M418267,18678.67,22455.48,0,0
240,PAYMENT,8686.93,C161055,40011.22,31324.29,M324237,26178.72,34865.65,0,0
538,CASH_IN,126.97,C371186,171.82,44.85,C615009,33879.77,34006.74,0,0
706,PAYMENT,2666.03,C461039,8824.78,6158.75,M592269,37253.55,39919.58,0,0
172,CASH_OUT,958.38,C762868,4737.88,3779.5,C872701,35859.96,36818.34,0,0
523,PAYMENT,308.15,C308096,766.11,457.96,M863022,49073.84,49381.98,0,0
431,PAYMENT,888.07,C439529,2145.86,1257.78,M545624,7844.73,8732.8,0,0
192,CASH_IN,968.53,C587896,4152.69,3184.15,C549187,22196.31,23164.85,0,0
3,CASH_OUT,3263.02,C595994,4978.27,1715.25,C285641,20361.2,23624.22,0,0
697,PAYMENT,222.65,C236553,933.56,710.91,M532193,36433.16,36655.81,0,0
428,TRANSFER,4491.11,C702269,16743.02,12251.91,C664602,18954.26,23445.37,0,0
330,CASH_OUT,576.34,C856292,742.07,165.73,C660507,34832.51,35408.86,0,0
538,TRANSFER,870.29,C803791,1016.02,145.73,C727003,15620.64,16490.93,0,0
719,PAYMENT,2893.87,C611971,6471.8,3577.93,M486726,25425.83,28319.7,0,0
176,CASH_OUT,254761.03,C857144,254761.03,0.0,C113261,42226.96,296987.99,1,1
30,CASH_IN,752.36,C656876,973.8,221.43,C809852,6409.48,7161.85,0,0
73,CASH_IN,1646.92,C591300,7961.26,6314.34,C661926,2390.94,4037.86,0,0
124,TRANSFER,9000.77,C523968,40978.67,31977.9,C553749,41249.44,50250.21,0,0
644,CASH_OUT,3363.71,C644943,13071.17,9707.46,C501699,4856.26,8219.97,0,0
159,CASH_IN,1819.79,C508854,6765.64,4945.85,C925186,11793.61,13613.4,0,0
604,PAYMENT,1125.04,C497479,1348.55,223.52,M500985,41918.94,43043.98,0,0
174,PAYMENT,336.21,C201495,1093.36,757.15,M198331,25370.87,25707.08,0,0
117,PAYMENT,3906.33,C463557,11756.51,7850.19,M881836,17069.8,20976.13,0,0
624,TRANSFER,8951.37,C188783,28174.11,19222.75,C871229,11140.15,20091.51,0,0
160,PAYMENT,2080.68,C437655,4414.92,2334.25,M742698,4758.29,6838.97,0,0
226,PAYMENT,799.12,C609523,2566.24,1767.12,M253594,45282.77,46081.9,0,0
537,CASH_OUT,4678.02,C668521,9568.69,4890.67,C886358,4363.67,9041.69,0,0
690,CASH_OUT,66234.64,C482173,66234.64,0.0,C431660,29323.39,95558.03,1,0
182,TRANSFER,458.28,C431786,1905.72,1447.43,C709911,18550.94,19009.23,0,0
385,PAYMENT,1998.31,C902275,5556.9,3558.59,M804724,45572.34,47570.65,0,0
714,TRANSFER,3585.92,C924980,17092.53,13506.61,C949030,39882.64,43468.56,0,0
498,PAYMENT,10768.64,C231912,30209.21,19440.57,M374443,13193.69,23962.32,0,0
477,PAYMENT,361.91,C996007,587.89,225.98,M337051,3210.62,3572.52,0,0
124,PAYMENT,5032.7,C496371,10658.72,5626.02,M910004,42381.3,47414.0,0,0
253,PAYMENT,9882.84,C957910,22186.5,12303.66,M643271,25876.74,35759.58,0,0
461,DEBIT,879.91,C976148,3418.44,2538.52,C468887,22566.69,23446.6,0,0
361,TRANSFER,6878.9,C394956,21077.44,14198.53,C741061,12286.23,19165.13,0,0
416,DEBIT,140.69,C206252,440.22,299.54,C816886,11565.42,11706.1,0,0
595,CASH_OUT,966.33,C602599,2287.39,1321.06,C829112,10718.48,11684.81,0,0
202,CASH_OUT,821.6,C666961,2760.57,1938.97,C767143,3007.08,3828.68,0,0
183,TRANSFER,2232.62,C906584,4090.93,1858.3,C108072,25170.82,27403.44,0,0
606,CASH_IN,736.13,C192379,3388.76,2652.63,C367634,30288.46,31024.59,0,0
216,CASH_IN,388.67,C845967,1294.2,905.53,C566922,45816.19,46204.86,0,0
634,CASH_OUT,15976.24,C840637,74613.09,58636.85,C464840,20120.03,36096.27,0,0
260,PAYMENT,2553.84,C205652,6405.25,3851.41,M695708,15720.06,18273.89,0,0
25,PAYMENT,2476.31,C684249,11129.79,8653.48,M352139,38786.43,41262.74,0,0
181,PAYMENT,462.02,C600443,1347.43,885.4,M344365,47341.7,47803.72,0,0
385,CASH_OUT,1081.3,C562825,5133.9,4052.61,C283118,2775.63,3856.93,0,0
187,PAYMENT,3459.18,C713642,11769.69,8310.51,M668955,43063.8,46522.98,0,0
153,DEBIT,10942.96,C852376,11844.07,901.11,C261769,17951.63,28894.59,0,0
677,TRANSFER,10506.14,C364115,33138.26,22632.12,C277422,46534.71,57040.85,0,0
429,PAYMENT,2199.04,C597992,8147.33,5948.28,M915092,13704.48,15903.52,0,0
593,PAYMENT,4542.64,C575728,19516.76,14974.12,M362641,36575.91,41118.54,0,0
87,PAYMENT,7883.95,C898540,31622.91,23738.97,M638758,31846.49,39730.44,0,0
90,PAYMENT,781.22,C539363,1194.28,413.06,M407561,15729.07,16510.29,0,0
260,DEBIT,2291.22,C191838,9486.15,7194.93,C971815,24391.29,26682.51,0,0
246,PAYMENT,559.57,C186175,1691.9,1132.34,M811392,6649.85,7209.42,0,0
607,TRANSFER,1293.96,C531912,6435.8,5141.85,C547170,11851.81,13145.77,0,0
698,CASH_OUT,2339.14,C807456,7761.33,5422.2,C646304,11360.14,13699.28,0,0
265,TRANSFER,4032.35,C928521,14328.62,10296.26,C263062,19351.38,23383.73,0,0
304,TRANSFER,3954.68,C170886,8619.71,4665.03,C834921,46724.02,50678.71,0,0
578,CASH_IN,10286.24,C933469,22938.43,12652.19,C909417,40594.4,50880.64,0,0
528,TRANSFER,4210.95,C434423,9758.46,5547.5,C331964,16648.69,20859.65,0,0
512,PAYMENT,2037.85,C122469,9729.74,7691.89,M761846,25286.86,27324.7,0,0
74,CASH_OUT,289445.72,C440347,289445.72,0.0,C310409,39011.38,328457.1,1,1
125,TRANSFER,122712.94,C597816,122712.94,0.0,C200887,18837.97,18837.97,1,0
636,PAYMENT,1667.68,C116036,5473.23,3805.55,M631014,44004.17,45671.85,0,0
201,CASH_IN,4011.24,C603782,16890.15,12878.91,C204968,2943.03,6954.26,0,0
140,PAYMENT,1165.38,C927552,3869.18,2703.8,M180632,35471.04,36636.42,0,0
175,PAYMENT,629.36,C986497,2198.01,1568.66,M297564,15888.07,16517.43,0,0
452,PAYMENT,7261.09,C806677,33091.18,25830.1,M314611,32212.33,39473.42,0,0
243,CASH_IN,904.07,C537909,3297.34,2393.27,C707348,48413.69,49317.76,0,0
664,PAYMENT,4314.65,C460835,17620.41,13305.75,M655090,14370.04,18684.7,0,0
396,CASH_OUT,906.34,C528755,1839.66,933.32,C202473,40931.7,41838.04,0,0
96,CASH_OUT,2992.56,C752556,13159.79,10167.23,C997451,1467.36,4459.92,0,0
35,PAYMENT,3447.47,C844823,15453.26,12005.79,M704987,23166.14,26613.61,0,0
105,CASH_IN,4256.45,C370200,8445.79,4189.35,C474038,18367.2,22623.65,0,0
303,PAYMENT,1152.62,C635194,1629.86,477.24,M357608,25913.01,27065.62,0,0
439,TRANSFER,3016.64,C334284,11530.99,8514.35,C963294,2837.82,5854.46,0,0
63,CASH_IN,405.77,C518403,1278.13,872.35,C424822,32307.37,32713.15,0,0
141,TRANSFER,4470.83,C701798,15331.55,10860.71,C829762,46789.76,51260.6,0,0
651,TRANSFER,4117.14,C776055,6973.7,2856.56,C386949,15412.51,19529.65,0,0
639,PAYMENT,1374.77,C130508,5108.27,3733.49,M973485,44524.71,45899.48,0,0
633,PAYMENT,1768.23,C186132,3008.72,1240.49,M805454,32647.2,34415.43,0,0
636,PAYMENT,2297.44,C323447,8422.39,6124.95,M149264,19557.1,21854.54,0,0
16,PAYMENT,5049.19,C369371,21156.61,16107.42,M141189,40115.46,45164.65,0,0
643,DEBIT,1497.83,C469744,5979.73,4481.9,C838321,40963.8,42461.63,0,0
708,CASH_IN,3877.51,C312109,12807.35,8929.84,C764228,35046.5,38924.01,0,0
517,TRANSFER,2986.76,C747059,8015.26,5028.5,C510018,32757.47,35744.23,0,0
739,CASH_IN,1134.29,C210903,4332.79,3198.5,C720153,38020.75,39155.04,0,0
704,TRANSFER,3809.28,C880169,10196.67,6387.39,C695795,47585.58,51394.85,0,0
511,CASH_OUT,754.61,C444137,3087.12,2332.5,C960968,20638.37,21392.98,0,0
22,PAYMENT,1411.58,C882977,2350.08,938.5,M615993,7365.2,8776.78,0,0
621,TRANSFER,924.39,C295423,2464.52,1540.13,C283911,46418.07,47342.46,0,0
160,CASH_IN,3971.54,C135495,8516.57,4545.03,C664048,34211.35,38182.89,0,0
376,PAYMENT,13618.9,C881441,60353.27,46734.37,M805563,37414.2,51033.09,0,0
741,CASH_OUT,10325.9,C172195,48153.92,37828.02,C288052,20599.22,30925.12,0,0
254,TRANSFER,7611.56,C628057,35865.12,28253.56,C918018,13172.42,20783.98,0,0
560,CASH_OUT,2529.06,C818762,9571.88,7042.82,C217290,47749.88,50278.94,0,0
134,PAYMENT,171.99,C900008,554.1,382.1,M919722,46491.3,46663.29,0,0
80,CASH_OUT,2017.6,C161939,5429.42,3411.82,C178281,38118.23,40135.83,0,0
698,TRANSFER,3015.12,C304234,6758.65,3743.53,C687700,30584.22,33599.34,0,0
226,PAYMENT,2037.56,C608062,8593.27,6555.71,M299227,4921.32,6958.88,0,0
324,PAYMENT,1033.73,C996731,1403.81,370.08,M362547,5073.05,6106.79,0,0
601,CASH_IN,2643.06,C979728,7507.34,4864.27,C568586,21997.03,24640.1,0,0
536,TRANSFER,1524.77,C578707,4077.67,2552.89,C658616,1093.57,2618.34,0,0
652,PAYMENT,646.56,C323852,1485.56,839.01,M105327,8595.02,9241.57,0,0
276,CASH_OUT,4880.04,C400463,5812.94,932.9,C955558,2771.75,7651.79,0,0
686,CASH_IN,5204.16,C947858,8121.46,2917.31,C651911,11329.83,16533.98,0,0
705,CASH_IN,3217.73,C153595,8238.89,5021.16,C654196,40171.36,43389.09,0,0
319,TRANSFER,62318.22,C763871,62318.22,0.0,C186527,34034.33,34034.33,1,0
521,CASH_IN,554.32,C761233,1950.39,1396.06,C786821,11068.81,11623.14,0,0
331,CASH_IN,203.21,C379180,352.58,149.37,C407184,32208.3,32411.52,0,0
531,TRANSFER,4202.07,C431868,15209.42,11007.35,C590526,29553.81,33755.88,0,0
540,PAYMENT,8925.28,C545849,36036.53,27111.25,M982843,27866.91,36792.19,0,0
546,CASH_IN,7911.33,C580469,11414.33,3503.0,C659130,39962.22,47873.56,0,0
119,CASH_OUT,5964.02,C105618,25024.6,19060.57,C801125,49454.53,55418.56,0,0
239,TRANSFER,2156.87,C511866,5329.86,3172.99,C379088,36897.15,39054.02,0,0
379,PAYMENT,1478.25,C794275,1603.41,125.15,M634305,5864.55,7342.8,0,0
517,CASH_OUT,471.93,C535883,2022.2,1550.26,C491685,6381.4,6853.34,0,0
440,CASH_IN,523.42,C773286,1183.86,660.44,C117621,4993.6,5517.02,0,0
590,CASH_OUT,2765.2,C217974,12537.25,9772.05,C393245,22747.37,25512.57,0,0
45,CASH_OUT,56268.86,C159965,56268.86,0.0,C737244,5897.98,62166.84,1,0
731,PAYMENT,4646.3,C587720,19024.57,14378.26,M643264,46064.88,50711.18,0,0
489,CASH_OUT,1399.87,C248159,4079.12,2679.25,C942134,1442.43,2842.3,0,0
306,PAYMENT,572.47,C137358,1633.22,1060.75,M676772,36682.77,37255.24,0,0
578,PAYMENT,2380.83,C379423,10125.34,7744.51,M737382,19550.8,21931.63,0,0
144,TRANSFER,4361.87,C825748,7744.86,3382.99,C968382,25760.21,30122.08,0,0
332,CASH_IN,2545.05,C802051,7352.82,4807.77,C523328,15805.87,18350.92,0,0
475,PAYMENT,410.01,C991398,841.71,431.7,M621404,22373.68,22783.68,0,0
595,CASH_OUT,184998.74,C894571,184998.74,0.0,C240657,27506.09,212504.83,1,0
588,TRANSFER,442.19,C175038,2003.1,1560.91,C498629,33707.74,34149.92,0,0
481,TRANSFER,99957.16,C260284,99957.16,0.0,C901394,16180.91,16180.91,1,0
494,TRANSFER,10102.42,C166856,38638.15,28535.72,C475162,13464.04,23566.46,0,0
682,TRANSFER,210.84,C932847,789.65,578.81,C423150,24615.99,24826.84,0,0
20,PAYMENT,273.72,C635962,1043.68,769.96,M476095,48899.26,49172.98,0,0
48,TRANSFER,118.84,C967955,191.02,72.18,C643834,1507.66,1626.49,0,0
58,TRANSFER,431.56,C316470,1349.76,918.2,C185509,48806.62,49238.18,0,0
331,PAYMENT,4250.6,C118444,13370.37,9119.77,M415194,30397.95,34648.55,0,0
566,PAYMENT,5778.33,C812599,18090.88,12312.55,M743689,19889.57,25667.91,0,0
563,CASH_IN,1028.1,C179709,5111.44,4083.35,C213145,34139.63,35167.73,0,0
639,PAYMENT,717.88,C732893,1789.6,1071.72,M859703,44777.33,45495.21,0,0
302,PAYMENT,5518.93,C926034,6625.5,1106.58,M284175,10228.9,15747.82,0,0
101,CASH_OUT,1212.05,C370084,2025.68,813.63,C380750,6667.93,7879.97,0,0
234,TRANSFER,5220.09,C309175,14756.61,9536.52,C694163,17750.19,22970.29,0,0
675,PAYMENT,3461.05,C101495,15259.55,11798.51,M850330,6460.95,9922.0,0,0
321,CASH_OUT,943.15,C137659,1368.6,425.45,C997496,37609.46,38552.61,0,0
556,PAYMENT,210.46,C786861,420.24,209.78,M225409,17083.47,17293.93,0,0
111,PAYMENT,2305.83,C857801,11136.5,8830.67,M644808,44020.37,46326.21,0,0
562,CASH_OUT,2153.42,C242029,9273.0,7119.58,C398850,17276.9,19430.32,0,0
464,CASH_OUT,904.97,C662227,2532.44,1627.47,C951491,28526.24,29431.21,0,0
107,CASH_IN,224.38,C166964,968.24,743.86,C663779,20824.67,21049.05,0,0
699,CASH_OUT,177.61,C635511,850.96,673.35,C925845,1310.2,1487.82,0,0
503,TRANSFER,907.05,C901698,4048.02,3140.97,C148068,25139.07,26046.12,0,0
298,PAYMENT,6666.86,C337838,20142.96,13476.1,M482468,31179.05,37845.91,0,0
101,DEBIT,5828.31,C236171,17428.65,11600.34,C415631,26569.45,32397.76,0,0
214,TRANSFER,990.69,C636027,4110.63,3119.95,C973270,34932.46,35923.15,0,0
611,CASH_IN,1534.92,C407532,3204.87,1669.95,C413260,42637.98,44172.9,0,0
458,TRANSFER,7071.02,C687192,7725.4,654.39,C820065,26713.13,33784.14,0,0
375,CASH_OUT,970.9,C123472,3895.17,2924.27,C279922,15521.32,16492.22,0,0
24,PAYMENT,3540.19,C640267,11244.42,7704.22,M508265,971.96,4512.16,0,0
714,CASH_OUT,4395.69,C787676,10060.76,5665.07,C151604,42293.7,46689.4,0,0
36,CASH_IN,5716.48,C884855,27509.82,21793.34,C103340,36708.86,42425.35,0,0
525,CASH_IN,1339.69,C812608,2675.51,1335.82,C599671,24540.16,25879.86,0,0
394,DEBIT,5972.75,C512619,9288.4,3315.66,C863423,24641.64,30614.38,0,0
575,TRANSFER,320280.35,C648226,320280.35,0.0,C858617,6216.83,6216.83,1,1
551,TRANSFER,21529.57,C898003,96721.56,75192.0,C268392,27550.45,49080.01,0,0
331,CASH_IN,6229.38,C608062,24384.69,18155.3,C757197,9854.27,16083.66,0,0
516,TRANSFER,3389.92,C149427,13241.36,9851.44,C762219,33254.25,36644.18,0,0
452,CASH_OUT,3055.76,C435872,6641.88,3586.12,C160254,12486.72,15542.48,0,0
137,PAYMENT,2753.3,C310144,10938.7,8185.41,M424582,1168.11,3921.41,0,0
718,CASH_IN,239.04,C111981,378.32,139.28,C723277,16465.21,16704.25,0,0
709,TRANSFER,213.12,C236718,930.95,717.83,C809405,14977.69,15190.82,0,0
728,CASH_OUT,837.63,C923343,2937.35,2099.73,C620422,49565.81,50403.43,0,0
579,PAYMENT,2882.55,C739586,5929.3,3046.75,M665693,23720.54,26603.09,0,0
131,PAYMENT,6483.28,C824625,26179.13,19695.86,M131455,4166.64,10649.92,0,0
117,TRANSFER,6412.79,C895304,16793.97,10381.17,C676052,2917.38,9330.17,0,0
128,PAYMENT,3494.74,C805734,11031.59,7536.85,M287974,8973.69,12468.43,0,0
503,CASH_IN,6723.3,C670543,26472.86,19749.57,C411806,44494.46,51217.76,0,0
19,TRANSFER,2039.15,C472009,6958.73,4919.58,C787436,28860.83,30899.98,0,0
332,CASH_OUT,1822.4,C895918,6419.07,4596.67,C291667,12577.36,14399.75,0,0
415,CASH_IN,1983.39,C407937,4728.61,2745.22,C775593,3352.36,5335.75,0,0
380,CASH_OUT,10500.74,C890842,28125.27,17624.53,C643252,40922.11,51422.85,0,0
16,PAYMENT,768.15,C893664,2856.51,2088.36,M602571,1323.39,2091.53,0,0
740,PAYMENT,3256.64,C100819,3720.4,463.76,M266455,39109.38,42366.02,0,0
521,CASH_IN,3401.98,C355842,9641.82,6239.83,C823935,35800.17,39202.15,0,0
172,CASH_OUT,3115.31,C927647,9128.38,6013.07,C877740,26953.01,30068.32,0,0
440,PAYMENT,895.06,C201470,2653.91,1758.85,M976952,18723.44,19618.5,0,0
168,CASH_OUT,324.0,C318633,367.9,43.9,C313525,19237.81,19561.81,0,0
367,CASH_OUT,2613.41,C514436,12140.93,9527.52,C541014,25855.31,28468.72,0,0
23,TRANSFER,3476.34,C174045,7772.39,4296.05,C909297,14349.49,17825.83,0,0
155,TRANSFER,7846.2,C889660,27057.14,19210.94,C159405,43869.15,51715.35,0,0
77,TRANSFER,5387.31,C236845,18864.43,13477.12,C988733,13139.3,18526.61,0,0
140,PAYMENT,1110.81,C809439,4142.35,3031.54,M834303,19603.46,20714.27,0,0
28,TRANSFER,2680.16,C585583,2933.11,252.95,C746068,21871.32,24551.48,0,0
614,PAYMENT,967.51,C984736,1240.57,273.06,M389118,17718.94,18686.45,0,0
7,PAYMENT,256.59,C377114,265.96,9.37,M711016,38863.83,39120.42,0,0
8,CASH_OUT,1018.26,C592709,3531.54,2513.28,C870945,44416.24,45434.5,0,0
639,TRANSFER,9212.96,C914880,43520.95,34307.98,C656059,21096.68,30309.64,0,0
351,CASH_OUT,1788.44,C862785,1940.81,152.37,C376839,1881.54,3669.97,0,0
214,PAYMENT,466.53,C897862,2251.86,1785.33,M789377,37191.55,37658.09,0,0
251,CASH_OUT,2050.4,C383407,7346.54,5296.14,C176204,14558.52,16608.92,0,0
539,CASH_IN,1880.08,C478541,3608.22,1728.14,C683385,16668.38,18548.45,0,0
568,TRANSFER,600.43,C208463,613.31,12.87,C620712,14388.94,14989.38,0,0
499,CASH_IN,6594.7,C567082,21428.0,14833.3,C558993,44572.76,51167.47,0,0
316,CASH_OUT,717.97,C262165,2567.11,1849.14,C631467,40764.57,41482.54,0,0
487,CASH_OUT,747.81,C457683,969.22,221.41,C906180,12193.46,12941.27,0,0
625,CASH_OUT,177.14,C184360,413.14,236.0,C433440,3344.25,3521.39,0,0
30,TRANSFER,956.81,C573034,3760.57,2803.76,C478192,29723.05,30679.86,0,0
31,CASH_IN,1256.26,C119684,1734.74,478.48,C988740,13044.68,14300.95,0,0
583,CASH_OUT,2499.51,C627754,4197.39,1697.88,C908334,32628.48,35127.99,0,0
414,PAYMENT,5128.13,C927811,6379.96,1251.83,M454082,49871.43,54999.56,0,0
67,TRANSFER,2331.7,C590020,5400.8,3069.09,C103796,13624.35,15956.06,0,0
487,CASH_OUT,157.9,C297559,422.6,264.7,C415317,49231.05,49388.95,0,0
366,CASH_OUT,846.39,C556179,2752.19,1905.79,C800053,37273.99,38120.38,0,0
145,CASH_OUT,269426.58,C507644,269426.58,0.0,C892187,13632.76,283059.35,1,1
140,DEBIT,2392.51,C321544,8545.48,6152.97,C205130,39807.06,42199.57,0,0
548,PAYMENT,6847.31,C950315,23789.67,16942.37,M708441,30667.76,37515.07,0,0
221,PAYMENT,5934.73,C110091,28140.17,22205.44,M539499,41556.41,47491.14,0,0
608,TRANSFER,6146.06,C410195,10582.95,4436.88,C333966,34921.24,41067.3,0,0
170,PAYMENT,1487.91,C801473,3775.89,2287.98,M665810,4216.03,5703.94,0,0
632,PAYMENT,2517.2,C977501,9590.53,7073.33,M169131,38707.22,41224.43,0,0
168,CASH_OUT,455.65,C792304,2086.26,1630.61,C173497,34017.24,34472.89,0,0
57,CASH_OUT,5020.28,C668309,7007.65,1987.38,C723406,43967.87,48988.14,0,0
614,CASH_OUT,971.27,C846015,3941.14,2969.86,C182439,46711.63,47682.9,0,0
499,PAYMENT,9397.41,C775150,21380.84,11983.43,M887378,10141.84,19539.25,0,0
136,PAYMENT,345.19,C553132,521.06,175.87,M130893,6051.8,6396.99,0,0
637,TRANSFER,987.85,C120410,3206.66,2218.82,C237028,20322.46,21310.31,0,0
290,TRANSFER,2634.01,C957646,8159.76,5525.75,C346641,41553.26,44187.28,0,0
117,PAYMENT,5927.51,C895839,7563.62,1636.11,M305680,5181.44,11108.95,0,0
98,TRANSFER,4578.08,C122783,22029.78,17451.7,C141949,37801.15,42379.23,0,0
676,TRANSFER,3931.68,C991703,15863.17,11931.48,C330996,3610.62,7542.3,0,0
512,CASH_OUT,730.3,C792984,1030.17,299.87,C169191,558.59,1288.9,0,0
293,CASH_OUT,3090.34,C308078,4102.3,1011.96,C218423,33678.13,36768.48,0,0
133,PAYMENT,999.66,C893667,3837.35,2837.68,M175450,15396.06,16395.73,0,0
138,PAYMENT,2642.81,C502507,9696.36,7053.55,M276050,10071.61,12714.42,0,0
151,CASH_IN,1307.79,C852412,5744.19,4436.41,C920843,49879.78,51187.57,0,0
286,CASH_OUT,4955.52,C287930,10953.78,5998.26,C769460,35495.73,40451.25,0,0
484,CASH_IN,2016.54,C801374,4751.59,2735.04,C775000,30373.77,32390.31,0,0
125,TRANSFER,1717.56,C783897,4444.06,2726.5,C352756,5994.11,7711.67,0,0
117,PAYMENT,3303.88,C133971,14614.79,11310.91,M729211,20731.93,24035.81,0,0
655,PAYMENT,1148.98,C732413,1978.27,829.29,M230942,10204.69,11353.67,0,0
459,CASH_OUT,4702.16,C684763,12839.38,8137.22,C538946,41045.63,45747.79,0,0
714,PAYMENT,549.05,C842646,622.38,73.33,M768385,18509.75,19058.8,0,0
260,DEBIT,4345.0,C708677,11046.46,6701.46,C904446,19581.28,23926.27,0,0
207,CASH_IN,507.6,C618571,1805.33,1297.73,C563513,7138.69,7646.29,0,0
100,PAYMENT,794.21,C723166,2143.93,1349.72,M881384,37848.83,38643.04,0,0
698,PAYMENT,513.96,C550959,2026.77,1512.81,M284914,19399.35,19913.32,0,0
433,PAYMENT,1252.09,C592351,3402.11,2150.03,M815404,9268.99,10521.07,0,0
734,CASH_IN,6555.7,C652000,17651.91,11096.22,C629982,37120.91,43676.61,0,0
178,TRANSFER,3015.73,C553746,10766.82,7751.09,C259098,47044.26,50059.99,0,0
599,TRANSFER,2827.99,C996666,12872.82,10044.84,C921692,31825.05,34653.04,0,0
231,CASH_OUT,195.32,C651788,976.28,780.96,C849165,2163.66,2358.98,0,0
111,TRANSFER,2977.53,C913302,7766.24,4788.71,C594515,12415.39,15392.92,0,0
567,PAYMENT,3451.22,C523052,14702.2,11250.98,M634119,22886.92,26338.14,0,0
617,CASH_OUT,10923.77,C619245,17383.51,6459.74,C510412,42588.12,53511.88,0,0
475,CASH_OUT,2680.25,C326092,9107.58,6427.33,C474315,35192.3,37872.54,0,0
297,CASH_IN,3548.58,C802490,9343.41,5794.82,C768586,10081.61,13630.19,0,0
449,PAYMENT,10318.53,C334597,28228.51,17909.98,M338046,10143.39,20461.92,0,0
603,PAYMENT,223.33,C457892,1080.28,856.95,M221747,16342.27,16565.6,0,0
230,CASH_OUT,115.0,C734563,563.8,448.81,C717976,17804.44,17919.44,0,0
406,PAYMENT,5018.46,C209273,11649.71,6631.25,M177425,14872.72,19891.18,0,0
350,TRANSFER,3953.83,C857230,4708.57,754.74,C251259,16948.54,20902.38,0,0
616,TRANSFER,12504.15,C850695,47036.32,34532.17,C430072,5570.72,18074.87,0,0
370,CASH_OUT,720.99,C298157,855.48,134.49,C442765,11880.85,12601.84,0,0
436,TRANSFER,228933.68,C752107,228933.68,0.0,C732886,43379.0,43379.0,1,1
256,DEBIT,10050.44,C610699,25659.7,15609.26,C704992,36567.79,46618.23,0,0
233,TRANSFER,3996.0,C104430,13462.36,9466.36,C708659,32630.82,36626.82,0,0
164,PAYMENT,3253.4,C440278,6942.0,3688.6,M307529,33639.48,36892.88,0,0
258,PAYMENT,659.59,C418138,1001.95,342.36,M508560,31910.66,32570.25,0,0
342,CASH_OUT,86803.26,C985474,86803.26,0.0,C622416,29235.09,116038.34,1,0
357,CASH_IN,1525.29,C345430,3333.93,1808.64,C863593,2143.27,3668.56,0,0
531,TRANSFER,164409.19,C616960,164409.19,0.0,C519592,46605.1,46605.1,1,0
381,CASH_OUT,5540.97,C348691,18287.6,12746.63,C560882,43209.76,48750.73,0,0
317,CASH_IN,5233.69,C523694,22639.74,17406.05,C368889,7088.36,12322.06,0,0
600,PAYMENT,14582.3,C796650,25342.07,10759.77,M940289,23486.4,38068.7,0,0
569,CASH_IN,3345.59,C722400,14925.58,11580.0,C783966,13560.23,16905.81,0,0
282,TRANSFER,5446.95,C295651,14478.83,9031.88,C392429,25298.52,30745.47,0,0
30,PAYMENT,230.51,C920902,1057.97,827.46,M688435,46482.44,46712.96,0,0
410,TRANSFER,3044.99,C449442,8624.87,5579.88,C118508,24736.93,27781.93,0,0
432,CASH_IN,1329.88,C319251,5024.15,3694.27,C323278,41100.95,42430.83,0,0
438,PAYMENT,2167.91,C375318,7966.7,5798.79,M969151,37841.24,40009.16,0,0
2,PAYMENT,2469.83,C622843,6619.48,4149.65,M243068,45969.39,48439.22,0,0
566,TRANSFER,5356.16,C462809,12456.46,7100.3,C975893,32213.45,37569.61,0,0
37,PAYMENT,1336.49,C620910,4670.04,3333.55,M944325,36448.17,37784.66,0,0
421,PAYMENT,6658.09,C580293,24632.85,17974.76,M119882,19667.03,26325.12,0,0
105,CASH_OUT,6368.93,C437398,11924.23,5555.3,C320148,41747.05,48115.98,0,0
522,TRANSFER,5574.79,C619412,9280.95,3706.15,C984594,5873.48,11448.28,0,0
594,CASH_IN,1445.1,C662165,2468.1,1022.99,C357183,32072.79,33517.9,0,0
87,TRANSFER,2520.28,C885657,8602.62,6082.34,C640313,48047.3,50567.58,0,0
416,DEBIT,6207.84,C558407,10713.92,4506.08,C612318,24082.65,30290.49,0,0
82,CASH_OUT,887.37,C304488,4041.61,3154.23,C964618,34053.63,34941.01,0,0
296,TRANSFER,7432.74,C470631,23718.91,16286.17,C542207,29173.37,36606.11,0,0
33,TRANSFER,14914.48,C546559,16961.08,2046.6,C854753,2611.1,17525.58,0,0
521,PAYMENT,567.23,C423468,2736.76,2169.52,M907273,38322.3,38889.53,0,0
164,CASH_IN,648.9,C950316,1892.12,1243.22,C367299,21254.17,21903.07,0,0
495,CASH_OUT,3871.45,C243603,14063.82,10192.36,C898623,35397.87,39269.32,0,0
558,CASH_OUT,2087.77,C107317,3508.57,1420.8,C812256,25986.56,28074.33,0,0
160,PAYMENT,383.96,C342141,423.41,39.45,M816089,3223.87,3607.83,0,0
556,PAYMENT,3862.53,C988580,7355.99,3493.46,M989433,1437.98,5300.52,0,0
343,CASH_IN,8377.78,C567106,26106.01,17728.23,C124691,27276.63,35654.41,0,0
403,TRANSFER,940.19,C813345,3780.99,2840.8,C546346,7468.4,8408.59,0,0
409,PAYMENT,1059.81,C196585,4712.34,3652.53,M522933,31472.52,32532.33,0,0
472,DEBIT,2656.37,C608155,7470.08,4813.71,C146935,35675.96,38332.33,0,0
302,CASH_OUT,2839.35,C423977,12022.27,9182.92,C114316,30827.42,33666.77,0,0
660,CASH_IN,182.79,C346818,660.2,477.4,C289586,48541.97,48724.76,0,0
282,CASH_OUT,5393.42,C817160,15120.65,9727.23,C869260,49174.42,54567.84,0,0
234,PAYMENT,11743.66,C495752,37846.19,26102.53,M888957,26510.35,38254.01,0,0
334,PAYMENT,2572.45,C381752,10604.62,8032.17,M216562,35149.02,37721.46,0,0
452,TRANSFER,7484.9,C538161,17776.38,10291.48,C276756,5041.0,12525.9,0,0
447,CASH_OUT,1508.84,C781408,5537.44,4028.6,C351987,46918.13,48426.97,0,0
221,CASH_OUT,7259.67,C212726,17432.02,10172.34,C518050,21435.81,28695.48,0,0
181,DEBIT,2048.58,C770200,6936.4,4887.82,C200680,39583.34,41631.93,0,0
196,PAYMENT,1653.37,C617863,4780.09,3126.72,M615643,44823.62,46476.98,0,0
728,PAYMENT,1117.5,C535305,3170.18,2052.68,M470903,5912.67,7030.17,0,0
679,DEBIT,1802.38,C355596,6252.84,4450.46,C185480,501.02,2303.4,0,0
560,PAYMENT,2384.95,C560991,2957.44,572.49,M284426,31225.84,33610.79,0,0
706,PAYMENT,2280.72,C178331,4970.01,2689.29,M488829,34948.05,37228.78,0,0
106,PAYMENT,1112.61,C905400,4325.45,3212.83,M183521,14380.04,15492.65,0,0
487,PAYMENT,1012.67,C217415,1587.51,574.84,M866582,17819.16,18831.83,0,0
165,CASH_IN,1872.53,C972523,6078.99,4206.46,C912457,25884.21,27756.74,0,0
287,CASH_OUT,717.8,C104509,1963.23,1245.43,C301134,38708.44,39426.24,0,0
230,PAYMENT,8964.67,C248867,10542.41,1577.75,M193148,36869.55,45834.22,0,0
557,PAYMENT,642.22,C159289,944.78,302.56,M629096,5005.94,5648.16,0,0
535,TRANSFER,924.26,C990194,2243.92,1319.66,C560773,39236.84,40161.1,0,0
629,PAYMENT,2481.86,C299192,9625.63,7143.77,M104942,27638.04,30119.9,0,0
218,DEBIT,6153.38,C173905,23323.89,17170.5,C501683,4290.76,10444.14,0,0
312,PAYMENT,3293.87,C983385,12376.71,9082.84,M279669,37453.28,40747.15,0,0
27,CASH_OUT,3327.79,C240854,11980.49,8652.7,C654686,31753.08,35080.87,0,0
285,TRANSFER,316674.58,C234979,316674.58,0.0,C791859,8174.37,8174.37,1,1
145,CASH_OUT,1157.14,C482701,3300.04,2142.9,C736213,45526.41,46683.55,0,0
82,PAYMENT,383.48,C783935,508.2,124.72,M682721,39022.92,39406.39,0,0
624,CASH_OUT,2173.57,C724790,8119.71,5946.15,C903717,12353.42,14526.99,0,0
258,PAYMENT,5381.42,C970890,7122.24,1740.83,M464355,8986.26,14367.68,0,0
241,CASH_OUT,2651.22,C962888,10980.87,8329.65,C142125,16626.97,19278.19,0,0
485,CASH_OUT,839.38,C202643,1751.34,911.96,C526222,15139.71,15979.09,0,0
197,PAYMENT,1539.54,C191631,4721.36,3181.82,M421391,40217.31,41756.85,0,0
302,PAYMENT,3020.66,C125394,3456.35,435.7,M849039,4719.84,7740.49,0,0
22,CASH_OUT,1028.88,C208369,4130.38,3101.5,C735091,22653.24,23682.12,0,0
200,PAYMENT,691.58,C221118,2415.32,1723.73,M278884,4315.56,5007.14,0,0
337,CASH_IN,9833.22,C471574,28786.42,18953.2,C862692,15290.38,25123.6,0,0
554,TRANSFER,2210.01,C315695,4311.44,2101.44,C626259,48534.94,50744.95,0,0
100,TRANSFER,943.18,C840919,4464.81,3521.62,C517076,44105.54,45048.72,0,0
561,CASH_OUT,3233.98,C571633,12286.45,9052.47,C281652,32871.63,36105.61,0,0
480,CASH_IN,1588.94,C602606,7173.04,5584.11,C860232,1579.45,3168.39,0,0
142,TRANSFER,3004.4,C869839,12538.96,9534.56,C863461,37230.14,40234.54,0,0
176,CASH_IN,3887.39,C280561,4362.03,474.64,C770658,42967.02,46854.41,0,0
331,PAYMENT,2387.53,C674382,10668.47,8280.93,M247801,12976.94,15364.47,0,0
248,PAYMENT,8566.8,C767292,19043.83,10477.03,M280482,25657.02,34223.82,0,0
87,PAYMENT,681.35,C645336,3255.95,2574.61,M238165,4959.67,5641.01,0,0
509,CASH_OUT,1795.5,C230205,6844.98,5049.47,C502791,48069.94,49865.44,0,0
259,CASH_IN,9118.8,C700983,34759.44,25640.64,C244371,45356.2,54475.0,0,0
350,TRANSFER,9470.83,C732402,34852.95,25382.12,C144572,41124.35,50595.18,0,0
489,TRANSFER,493.87,C119984,1459.69,965.82,C858874,22412.55,22906.43,0,0
413,PAYMENT,14339.02,C109527,60055.47,45716.45,M761304,33840.98,48179.99,0,0
732,PAYMENT,1851.68,C741413,7584.17,5732.49,M381335,45290.18,47141.86,0,0
71,CASH_IN,6690.26,C397660,13420.69,6730.43,C322580,40226.67,46916.93,0,0
286,TRANSFER,4471.87,C729661,11077.17,6605.29,C421366,27613.65,32085.52,0,0
219,CASH_IN,4700.77,C121045,18593.86,13893.08,C560809,37998.76,42699.54,0,0
678,TRANSFER,3980.02,C466737,7502.23,3522.22,C568554,19603.51,23583.53,0,0
636,TRANSFER,12079.42,C658434,54454.85,42375.42,C769716,14396.73,26476.15,0,0
6,CASH_IN,2995.9,C433151,4668.41,1672.51,C936853,28128.96,31124.86,0,0
686,CASH_OUT,368.09,C753345,587.42,219.33,C599966,47797.57,48165.66,0,0
302,CASH_IN,6804.79,C440920,12749.51,5944.72,C552822,3373.97,10178.76,0,0
242,CASH_IN,3748.85,C362321,12151.92,8403.07,C736778,25579.14,29327.99,0,0
299,CASH_IN,13277.77,C114082,66141.47,52863.7,C885195,33634.86,46912.63,0,0
608,CASH_IN,8495.85,C551048,39221.6,30725.75,C376981,41626.89,50122.74,0,0
307,PAYMENT,1886.2,C411211,5594.92,3708.72,M672842,11133.96,13020.16,0,0
390,PAYMENT,607.41,C461741,1306.83,699.42,M957932,31337.78,31945.19,0,0
329,CASH_IN,4238.66,C396579,15624.15,11385.48,C216513,23631.11,27869.78,0,0
189,TRANSFER,2805.22,C398588,9926.94,7121.72,C874088,47887.26,50692.48,0,0
535,TRANSFER,103042.69,C975122,103042.69,0.0,C980733,5518.39,5518.39,1,0
305,CASH_OUT,7588.39,C324895,37102.12,29513.73,C108532,7807.94,15396.33,0,0
604,TRANSFER,3996.35,C314724,16682.24,12685.89,C933223,35010.55,39006.9,0,0
666,PAYMENT,12368.82,C825606,25026.3,12657.48,M862343,21295.31,33664.13,0,0
189,CASH_OUT,1743.11,C640940,2338.69,595.58,C710125,36929.99,38673.1,0,0
501,CASH_OUT,572.2,C784360,2353.45,1781.26,C652261,16535.23,17107.42,0,0
445,PAYMENT,4961.04,C453410,23073.01,18111.97,M666999,29790.51,34751.54,0,0
527,TRANSFER,584.59,C245244,1606.95,1022.36,C562294,35097.17,35681.75,0,0
170,CASH_OUT,1027.83,C943112,2275.04,1247.21,C508313,43769.46,44797.29,0,0
565,CASH_OUT,56784.64,C834701,56784.64,0.0,C421628,23209.79,79994.43,1,0
685,DEBIT,3840.78,C689551,8943.99,5103.21,C651385,26033.38,29874.15,0,0
61,TRANSFER,619.81,C898609,727.71,107.9,C459462,1166.27,1786.08,0,0
543,CASH_IN,191.07,C468610,703.83,512.76,C966817,30283.52,30474.59,0,0
483,PAYMENT,1851.32,C889870,8810.68,6959.36,M659439,20093.92,21945.24,0,0
296,CASH_OUT,2490.05,C188950,2823.57,333.52,C710546,33690.53,36180.58,0,0
342,CASH_IN,621.64,C992160,1675.79,1054.15,C467148,39130.97,39752.61,0,0
576,PAYMENT,1044.54,C258024,1713.36,668.82,M748085,45413.15,46457.69,0,0
698,CASH_OUT,1921.34,C172406,2836.37,915.04,C973486,37537.61,39458.94,0,0
147,PAYMENT,3250.18,C852185,13372.52,10122.34,M206390,15963.67,19213.85,0,0
145,CASH_IN,147.13,C903906,327.31,180.18,C157593,3570.03,3717.17,0,0
142,CASH_IN,5437.09,C407200,15484.83,10047.74,C876047,47718.99,53156.08,0,0
380,PAYMENT,10329.07,C912901,13747.33,3418.26,M872904,30085.33,40414.4,0,0
179,CASH_OUT,15122.58,C561465,58937.36,43814.79,C162635,14277.55,29400.13,0,0
404,PAYMENT,6138.98,C321996,30373.79,24234.81,M201678,23461.27,29600.25,0,0
473,CASH_IN,8262.4,C379891,38332.61,30070.21,C848367,44966.78,53229.18,0,0
14,DEBIT,1227.08,C394512,4461.78,3234.7,C110944,19507.29,20734.37,0,0
9,CASH_IN,3915.22,C478945,8802.55,4887.33,C259742,39771.32,43686.54,0,0
621,CASH_OUT,521.86,C824002,2593.28,2071.42,C267776,5626.02,6147.88,0,0
443,CASH_IN,3635.09,C621500,12317.52,8682.44,C853187,49873.21,53508.29,0,0
29,CASH_OUT,195571.69,C942373,195571.69,0.0,C466223,39817.76,235389.45,1,0
341,CASH_IN,3460.97,C130985,13449.19,9988.22,C215950,17145.06,20606.03,0,0
250,TRANSFER,2832.83,C676221,10853.06,8020.22,C603951,36852.6,39685.43,0,0
120,CASH_OUT,4619.52,C778067,15391.6,10772.08,C563440,43111.19,47730.71,0,0
567,PAYMENT,707.73,C604793,3418.38,2710.65,M983324,36514.5,37222.23,0,0
91,CASH_OUT,2562.35,C484405,11734.8,9172.45,C900005,44049.77,46612.11,0,0
484,PAYMENT,954.52,C175529,1240.37,285.85,M139102,19695.05,20649.57,0,0
575,PAYMENT,530.64,C298402,2547.42,2016.78,M258713,33956.4,34487.04,0,0
673,PAYMENT,4186.89,C471871,14591.14,10404.25,M338995,22331.56,26518.44,0,0
707,PAYMENT,1269.98,C583007,2213.93,943.94,M706741,27908.99,29178.97,0,0
194,PAYMENT,10123.39,C485555,23461.58,13338.18,M668324,20506.11,30629.5,0,0
546,CASH_OUT,2516.65,C810914,11759.88,9243.23,C851639,28156.55,30673.19,0,0
8,PAYMENT,3075.05,C677792,3599.2,524.15,M514528,30684.73,33759.78,0,0
148,TRANSFER,894.37,C876086,3530.1,2635.73,C941592,42001.38,42895.75,0,0
232,PAYMENT,2358.68,C972572,8747.53,6388.84,M873804,16356.19,18714.87,0,0
420,PAYMENT,1334.68,C563760,4805.44,3470.76,M155237,7268.18,8602.86,0,0
395,PAYMENT,6664.01,C516975,27303.54,20639.54,M511337,32415.66,39079.66,0,0
74,CASH_OUT,14490.8,C395270,32825.1,18334.3,C130961,8697.97,23188.77,0,0
53,PAYMENT,866.77,C937886,1246.48,379.71,M797924,16290.19,17156.96,0,0
52,PAYMENT,5542.68,C321760,16721.61,11178.93,M591414,25879.37,31422.06,0,0
243,PAYMENT,446.05,C577516,986.17,540.12,M698510,35910.0,36356.05,0,0
115,PAYMENT,3793.81,C617220,12985.14,9191.33,M220003,8094.87,11888.68,0,0
208,PAYMENT,3111.91,C354409,3178.46,66.55,M761384,35796.19,38908.1,0,0
697,CASH_OUT,512.46,C159727,596.49,84.03,C714845,17036.88,17549.34,0,0
734,PAYMENT,3712.41,C402838,8088.64,4376.23,M797972,12666.76,16379.17,0,0
476,TRANSFER,2209.87,C770875,3302.45,1092.59,C838483,32563.94,34773.8,0,0
87,PAYMENT,1547.8,C149094,1805.54,257.75,M983028,22113.06,23660.85,0,0
313,TRANSFER,500.88,C999980,1578.12,1077.24,C286854,41063.45,41564.32,0,0
515,CASH_OUT,1134.66,C517519,2229.47,1094.81,C135229,28482.34,29617.0,0,0
322,PAYMENT,1955.28,C793252,5137.05,3181.76,M128484,44475.52,46430.81,0,0
392,CASH_OUT,8569.59,C959022,25830.08,17260.49,C798828,24673.28,33242.87,0,0
610,PAYMENT,313.55,C311219,1186.9,873.36,M506610,20955.12,21268.66,0,0
118,CASH_OUT,3305.57,C109880,5441.49,2135.92,C514031,3538.92,6844.49,0,0
570,TRANSFER,141289.01,C673467,141289.01,0.0,C885562,17300.85,17300.85,1,0
230,CASH_OUT,1038.54,C518472,4238.03,3199.49,C657430,1470.38,2508.92,0,0
298,TRANSFER,2552.64,C619135,9081.88,6529.24,C450710,32167.2,34719.84,0,0
279,CASH_OUT,1779.38,C103449,3621.13,1841.74,C985168,26177.45,27956.84,0,0
112,CASH_IN,1108.96,C554959,3471.2,2362.24,C709726,1592.95,2701.91,0,0
716,CASH_IN,2539.83,C442347,9139.74,6599.91,C637288,28705.01,31244.84,0,0
576,CASH_OUT,9573.11,C652586,21667.38,12094.27,C323764,34763.22,44336.33,0,0
502,CASH_OUT,4321.78,C474762,15800.71,11478.93,C597656,45190.62,49512.41,0,0
112,CASH_OUT,1045.79,C655997,5055.91,4010.12,C214439,22483.42,23529.21,0,0
307,TRANSFER,2404.56,C266942,5432.24,3027.68,C158529,5252.05,7656.61,0,0
432,CASH_OUT,2636.3,C498906,12099.55,9463.24,C770528,39689.22,42325.53,0,0
339,CASH_OUT,2484.09,C404347,8908.07,6423.99,C366726,22169.04,24653.13,0,0
305,PAYMENT,1994.42,C213195,7681.01,5686.59,M859104,958.71,2953.13,0,0
497,PAYMENT,3157.88,C176810,14680.05,11522.18,M870129,8283.1,11440.98,0,0
156,PAYMENT,10174.66,C270985,25538.4,15363.74,M554150,33074.07,43248.73,0,0
511,CASH_OUT,535.88,C970838,1087.91,552.03,C351594,19673.56,20209.44,0,0
543,PAYMENT,343.83,C205518,430.74,86.92,M805968,13253.35,13597.18,0,0
146,PAYMENT,315.99,C759943,784.43,468.43,M292298,10150.72,10466.71,0,0
67,PAYMENT,4370.08,C837358,10923.96,6553.88,M228596,7039.72,11409.81,0,0
533,PAYMENT,408.63,C550714,1071.83,663.21,M723738,12650.05,13058.67,0,0
599,DEBIT,4504.09,C283694,16137.76,11633.67,C117900,45864.36,50368.45,0,0
354,TRANSFER,1994.81,C787391,3642.16,1647.35,C631709,7900.41,9895.22,0,0
434,PAYMENT,4109.83,C924481,18915.4,14805.57,M268602,17846.23,21956.06,0,0
527,CASH_OUT,3204.04,C275126,7336.97,4132.94,C469262,15868.67,19072.71,0,0
321,PAYMENT,1234.63,C423009,2176.5,941.87,M726463,31086.84,32321.48,0,0
394,DEBIT,757.71,C243618,2940.24,2182.53,C284125,24535.52,25293.22,0,0
591,DEBIT,659.62,C832616,3296.15,2636.53,C281201,33771.69,34431.31,0,0
136,PAYMENT,3185.76,C711147,4954.28,1768.52,M582217,42709.81,45895.57,0,0
403,PAYMENT,15580.16,C586719,52285.86,36705.71,M497756,40804.74,56384.9,0,0
98,DEBIT,347.55,C514018,737.22,389.66,C565570,2436.22,2783.77,0,0
250,PAYMENT,1193.66,C976448,5113.39,3919.73,M218569,8567.51,9761.18,0,0
525,CASH_IN,4315.88,C965673,4833.78,517.9,C971448,39418.54,43734.43,0,0
190,CASH_OUT,6177.0,C533030,8148.11,1971.1,C902069,10759.9,16936.9,0,0
340,CASH_OUT,878.57,C502472,2354.17,1475.6,C154947,11516.84,12395.41,0,0
518,PAYMENT,1506.65,C345573,1690.46,183.81,M462756,41484.76,42991.41,0,0
247,TRANSFER,12025.45,C301047,41066.12,29040.67,C672427,40768.9,52794.34,0,0
694,CASH_IN,1599.16,C321000,4824.77,3225.6,C911700,25969.58,27568.74,0,0
281,PAYMENT,9264.06,C850802,31141.4,21877.34,M626155,43040.87,52304.93,0,0
495,TRANSFER,821.09,C470147,2082.01,1260.92,C873608,49542.47,50363.56,0,0
352,CASH_OUT,872.7,C508010,1215.66,342.96,C457828,34686.86,35559.56,0,0
413,CASH_OUT,9212.88,C496548,38071.46,28858.58,C789231,7066.5,16279.37,0,0
106,PAYMENT,1856.82,C400953,4193.21,2336.38,M195264,16421.76,18278.58,0,0
536,PAYMENT,681.85,C598488,2893.31,2211.46,M839332,12747.54,13429.39,0,0
269,CASH_IN,5287.47,C717247,18214.71,12927.24,C591877,42585.92,47873.39,0,0
688,DEBIT,3450.86,C338478,5616.51,2165.65,C873858,42731.54,46182.4,0,0
584,CASH_IN,9189.1,C481822,35919.68,26730.59,C118167,45064.04,54253.14,0,0
70,TRANSFER,7295.55,C446197,28265.88,20970.32,C682149,1693.56,8989.11,0,0
742,TRANSFER,700.0,C256974,1866.3,1166.3,C146261,15470.1,16170.1,0,0
169,CASH_OUT,95231.45,C874393,95231.45,0.0,C852822,35494.07,130725.52,1,0
302,CASH_OUT,3359.16,C388618,4311.92,952.76,C532102,21764.33,25123.49,0,0
130,CASH_OUT,549.84,C487619,913.96,364.12,C330729,41103.84,41653.68,0,0
541,CASH_IN,3040.74,C509978,4416.9,1376.16,C429612,44068.3,47109.04,0,0
194,PAYMENT,2660.64,C304486,6576.27,3915.63,M508030,49509.86,52170.5,0,0
277,TRANSFER,16117.45,C668407,78450.98,62333.53,C453779,9889.25,26006.7,0,0
83,TRANSFER,8163.99,C226092,14046.68,5882.69,C510204,10201.22,18365.21,0,0
631,TRANSFER,4968.61,C468608,6151.71,1183.11,C967366,17327.82,22296.42,0,0
282,TRANSFER,17661.98,C457105,86873.53,69211.55,C358453,33303.0,50964.98,0,0
46,CASH_IN,346.42,C994118,354.97,8.55,C805911,41672.92,42019.34,0,0
588,CASH_IN,5618.86,C173071,14169.31,8550.46,C779441,29004.38,34623.24,0,0
703,TRANSFER,2564.2,C345023,2755.27,191.07,C562674,6122.37,8686.57,0,0
322,CASH_OUT,5263.29,C628042,6198.96,935.67,C616066,44807.53,50070.81,0,0
270,PAYMENT,3239.24,C541671,10467.74,7228.51,M462416,11536.38,14775.62,0,0
421,DEBIT,315.44,C249018,564.21,248.77,C306885,33577.06,33892.5,0,0
426,TRANSFER,322611.36,C883540,322611.36,0.0,C492948,36537.35,36537.35,1,1
40,DEBIT,564.01,C443707,842.66,278.65,C860494,6448.88,7012.89,0,0
600,CASH_OUT,3480.79,C208702,6449.36,2968.57,C938769,46578.4,50059.2,0,0
536,TRANSFER,58449.5,C617088,58449.5,0.0,C448355,23556.72,23556.72,1,0
448,TRANSFER,2012.75,C832394,7839.44,5826.69,C788229,12858.95,14871.71,0,0
140,DEBIT,8357.8,C665263,21488.33,13130.54,C927952,16033.9,24391.7,0,0
336,TRANSFER,1370.8,C314483,2338.08,967.28,C118480,27426.5,28797.3,0,0
207,TRANSFER,1405.44,C924831,4640.02,3234.58,C606035,10819.4,12224.84,0,0
517,PAYMENT,5916.97,C406179,12611.95,6694.98,M130294,2207.24,8124.21,0,0
558,CASH_IN,1501.53,C170254,2533.61,1032.08,C381204,7834.35,9335.89,0,0
97,TRANSFER,1449.56,C452684,2512.5,1062.95,C670910,18596.85,20046.4,0,0
126,CASH_IN,1943.15,C191628,6714.31,4771.16,C953307,9716.12,11659.28,0,0
189,CASH_IN,1539.3,C466914,4275.82,2736.52,C290000,45024.17,46563.48,0,0
230,CASH_IN,5772.51,C853882,11393.34,5620.83,C395445,16577.36,22349.87,0,0
642,PAYMENT,3456.47,C137109,15865.59,12409.12,M277736,46600.3,50056.77,0,0
71,CASH_IN,7788.21,C734438,19228.86,11440.64,C946648,9557.6,17345.81,0,0
223,CASH_OUT,4478.61,C882722,16574.79,12096.18,C444535,1006.78,5485.39,0,0
334,PAYMENT,8122.4,C720348,22538.43,14416.03,M799319,40823.4,48945.8,0,0
55,TRANSFER,117878.88,C338799,117878.88,0.0,C750288,9686.51,9686.51,1,0
572,PAYMENT,1138.78,C329023,3434.91,2296.13,M412366,1472.09,2610.87,0,0
674,PAYMENT,463.53,C745687,1429.51,965.98,M834358,29652.62,30116.15,0,0
299,CASH_IN,2602.02,C440453,5776.91,3174.89,C916679,25804.64,28406.66,0,0
444,PAYMENT,1481.42,C194499,1999.83,518.42,M457585,49449.52,50930.93,0,0
684,TRANSFER,6732.25,C821815,31399.08,24666.83,C662060,6086.59,12818.85,0,0
124,DEBIT,4075.0,C349468,5173.86,1098.86,C736786,10824.17,14899.17,0,0
624,CASH_OUT,177.67,C868954,810.53,632.86,C752738,28940.01,29117.68,0,0
317,TRANSFER,3494.97,C483852,3605.48,110.5,C340601,28672.35,32167.32,0,0
555,PAYMENT,208.14,C885266,913.91,705.77,M630841,16657.3,16865.44,0,0
640,CASH_IN,671.4,C924841,3191.7,2520.3,C984336,28110.12,28781.52,0,0
442,PAYMENT,749.14,C560580,1619.31,870.17,M178053,24121.62,24870.76,0,0
560,PAYMENT,5869.05,C291330,8752.64,2883.59,M945871,25742.75,31611.8,0,0
448,CASH_IN,387.22,C500563,1603.15,1215.93,C447664,44838.25,45225.47,0,0
90,PAYMENT,490.41,C152832,588.83,98.42,M403110,1632.62,2123.03,0,0
322,CASH_OUT,8740.95,C452188,29284.84,20543.89,C154100,1867.01,10607.96,0,0
261,PAYMENT,4701.27,C309330,6868.71,2167.44,M190230,32620.77,37322.04,0,0
47,CASH_OUT,2675.63,C682161,9925.83,7250.2,C534478,18792.73,21468.36,0,0
202,CASH_IN,768.74,C210024,856.81,88.07,C530524,8642.84,9411.58,0,0
122,PAYMENT,637.56,C657236,3058.34,2420.78,M191529,49304.11,49941.66,0,0
393,DEBIT,1031.55,C517540,1805.95,774.4,C297894,1054.95,2086.49,0,0
143,CASH_OUT,1564.26,C541232,5616.85,4052.59,C250634,33887.61,35451.87,0,0
318,TRANSFER,454.01,C388771,1321.48,867.46,C892578,49607.13,50061.15,0,0
418,PAYMENT,813.97,C778611,884.95,70.98,M194771,13147.58,13961.55,0,0
153,TRANSFER,7524.68,C864984,34164.14,26639.46,C158697,26631.83,34156.51,0,0
64,PAYMENT,688.77,C878781,3404.39,2715.62,M609433,16330.16,17018.93,0,0
522,DEBIT,14183.13,C201058,64627.32,50444.19,C977472,10184.99,24368.12,0,0
403,TRANSFER,324.02,C638768,840.83,516.81,C812320,15474.93,15798.95,0,0
14,PAYMENT,718.75,C744785,1012.92,294.17,M985307,2679.28,3398.03,0,0
232,TRANSFER,1503.21,C285426,6229.38,4726.17,C702185,5151.7,6654.91,0,0
311,PAYMENT,264.97,C406160,657.31,392.34,M388123,26155.18,26420.14,0,0
77,CASH_IN,459.47,C922520,1976.54,1517.07,C336615,42096.06,42555.53,0,0
447,CASH_IN,2209.85,C261124,3321.85,1112.01,C622396,11132.11,13341.95,0,0
342,PAYMENT,3111.23,C619060,4546.97,1435.74,M117572,23361.32,26472.55,0,0
28,CASH_IN,875.55,C237812,3526.36,2650.81,C132712,17802.81,18678.36,0,0
349,CASH_IN,443.43,C427026,1482.11,1038.67,C288059,39599.45,40042.88,0,0
266,PAYMENT,3674.22,C609230,5062.02,1387.8,M684918,31196.79,34871.01,0,0
28,CASH_OUT,956.69,C106401,2309.01,1352.32,C747280,24859.05,25815.75,0,0
294,PAYMENT,2189.71,C614744,4195.1,2005.4,M873607,41965.31,44155.02,0,0
342,TRANSFER,10456.05,C439804,32985.99,22529.94,C316006,32110.16,42566.21,0,0
415,PAYMENT,1541.89,C369551,5762.7,4220.81,M923865,41626.84,43168.74,0,0
461,DEBIT,7847.94,C690135,20719.22,12871.29,C716829,1831.76,9679.69,0,0
315,PAYMENT,3263.81,C149257,10945.09,7681.28,M893366,19246.04,22509.85,0,0
36,CASH_OUT,4782.78,C223332,18779.77,13996.99,C625053,43231.33,48014.11,0,0
487,PAYMENT,2279.39,C985225,8130.25,5850.87,M389143,27198.58,29477.97,0,0
231,PAYMENT,603.29,C490829,2619.51,2016.22,M486623,44076.97,44680.26,0,0
210,CASH_OUT,2864.63,C290659,12018.04,9153.41,C204152,38067.91,40932.54,0,0
489,PAYMENT,3396.91,C893416,9146.44,5749.53,M155189,46028.35,49425.26,0,0
137,CASH_IN,834.97,C376606,1816.2,981.23,C908755,30669.78,31504.74,0,0
487,TRANSFER,1064.82,C462553,5191.06,4126.23,C905286,25767.96,26832.78,0,0
548,PAYMENT,4226.69,C128737,17345.48,13118.78,M866766,2105.17,6331.87,0,0
734,TRANSFER,1670.9,C465218,3780.59,2109.69,C159489,24811.52,26482.42,0,0
9,CASH_IN,197.25,C302768,327.23,129.98,C274642,38996.27,39193.51,0,0
228,TRANSFER,809.55,C110037,3798.7,2989.15,C265177,36066.96,36876.52,0,0
301,CASH_OUT,1550.9,C172623,2962.59,1411.69,C486293,12626.52,14177.42,0,0
602,TRANSFER,13296.71,C112626,64097.06,50800.35,C278359,39756.71,53053.42,0,0
56,PAYMENT,104.04,C164495,104.83,0.79,M787611,46852.88,46956.91,0,0
584,PAYMENT,8741.54,C972694,10208.54,1466.99,M544857,12111.22,20852.77,0,0
135,PAYMENT,12842.11,C955860,48458.65,35616.55,M183657,13993.36,26835.46,0,0
125,PAYMENT,1304.53,C115828,4331.51,3026.99,M104957,41385.5,42690.03,0,0
240,TRANSFER,4974.73,C961927,11477.69,6502.96,C611637,29524.45,34499.18,0,0
24,PAYMENT,1139.35,C459049,3081.09,1941.73,M591530,44526.03,45665.39,0,0
102,PAYMENT,2257.79,C946230,6042.55,3784.76,M400076,30210.21,32467.99,0,0
717,CASH_OUT,10517.78,C602543,26659.94,16142.16,C571464,41722.77,52240.56,0,0
6,CASH_OUT,3080.49,C837547,6927.24,3846.75,C441883,22003.31,25083.79,0,0
217,PAYMENT,4331.16,C118403,20326.57,15995.42,M667271,38017.42,42348.58,0,0
566,TRANSFER,2465.78,C108461,6801.93,4336.16,C783305,805.44,3271.22,0,0
611,PAYMENT,771.0,C885445,980.1,209.1,M528059,10232.34,11003.33,0,0
289,TRANSFER,2288.38,C738838,8218.81,5930.44,C147369,30625.31,32913.68,0,0
205,PAYMENT,1320.78,C393658,5376.3,4055.52,M137539,20779.02,22099.8,0,0
649,DEBIT,2015.76,C905235,6946.86,4931.1,C956192,20516.96,22532.72,0,0
404,PAYMENT,1843.18,C836307,7306.3,5463.12,M433917,11628.44,13471.61,0,0
576,TRANSFER,5335.03,C467440,11090.12,5755.09,C900282,3470.89,8805.92,0,0
245,PAYMENT,892.83,C674078,1498.43,605.6,M857830,4988.4,5881.23,0,0
646,CASH_OUT,5411.89,C985286,25501.27,20089.38,C105224,16782.4,22194.29,0,0
239,TRANSFER,5356.73,C860454,20573.24,15216.51,C824397,10676.74,16033.48,0,0
574,PAYMENT,410.66,C295394,1276.47,865.82,M965500,16676.31,17086.97,0,0
236,CASH_OUT,202661.82,C408644,202661.82,0.0,C239787,28131.03,230792.85,1,1
443,TRANSFER,823.22,C639725,3077.64,2254.42,C307926,21225.25,22048.47,0,0
71,CASH_OUT,5890.19,C609564,25286.25,19396.06,C269193,27755.38,33645.56,0,0
154,DEBIT,6324.15,C655647,7700.36,1376.21,C919612,35741.23,42065.39,0,0
14,CASH_OUT,7543.97,C925757,31700.1,24156.13,C962435,46335.01,53878.97,0,0
137,TRANSFER,536.65,C585305,1366.07,829.42,C706388,36827.44,37364.1,0,0
30,TRANSFER,2265.23,C245286,2352.18,86.95,C842318,11003.3,13268.53,0,0
43,PAYMENT,1025.79,C728273,4673.78,3648.0,M412642,40989.73,42015.52,0,0
180,CASH_OUT,1907.67,C883028,8475.59,6567.92,C158384,41796.46,43704.13,0,0
368,PAYMENT,6315.59,C425319,18627.01,12311.42,M713556,9144.62,15460.21,0,0
389,CASH_IN,5865.75,C314483,21249.3,15383.55,C353061,7498.07,13363.82,0,0
698,CASH_IN,11521.38,C695934,22644.63,11123.25,C194476,38223.74,49745.12,0,0
470,TRANSFER,1230.97,C345317,5649.46,4418.49,C411533,12194.89,13425.86,0,0
75,CASH_OUT,1524.93,C800046,6947.45,5422.52,C221914,24483.19,26008.12,0,0
454,TRANSFER,471.34,C837077,1671.01,1199.67,C608896,35278.06,35749.4,0,0
736,CASH_OUT,3481.53,C225300,16710.19,13228.66,C419542,46403.9,49885.43,0,0
85,CASH_OUT,6270.83,C151516,8296.71,2025.88,C115523,31426.31,37697.14,0,0
615,PAYMENT,380.31,C694519,1271.75,891.44,M101006,14560.54,14940.85,0,0
100,PAYMENT,3220.82,C464943,10310.27,7089.45,M702265,30693.85,33914.66,0,0
494,CASH_IN,849.97,C897371,3665.3,2815.32,C896504,48241.29,49091.27,0,0
531,PAYMENT,6732.76,C356463,28240.43,21507.67,M807760,25436.88,32169.64,0,0
706,PAYMENT,4680.76,C670363,16880.46,12199.69,M567311,3336.24,8017.0,0,0
555,CASH_IN,2531.74,C617035,7762.71,5230.97,C792237,2297.58,4829.32,0,0
28,TRANSFER,1980.0,C421831,7074.94,5094.94,C737331,33273.39,35253.39,0,0
263,CASH_OUT,2399.5,C807641,7849.38,5449.87,C150465,34469.0,36868.5,0,0
444,CASH_IN,11746.99,C919482,50708.18,38961.19,C926809,13683.89,25430.88,0,0
300,CASH_OUT,8451.1,C521869,28042.85,19591.74,C358054,7378.27,15829.37,0,0
43,CASH_IN,1683.01,C820603,6965.45,5282.44,C515384,34325.37,36008.38,0,0
548,PAYMENT,4379.7,C438865,21409.84,17030.15,M443311,2658.22,7037.91,0,0
194,PAYMENT,391.95,C805862,1597.79,1205.84,M797264,34439.33,34831.28,0,0
578,PAYMENT,137.33,C273027,615.97,478.64,M991450,26999.52,27136.85,0,0
30,TRANSFER,3964.66,C703318,17097.75,13133.09,C401940,10008.31,13972.96,0,0
189,PAYMENT,720.04,C751809,1885.69,1165.64,M162933,49348.4,50068.44,0,0
619,PAYMENT,1766.73,C372034,5867.82,4101.09,M580716,37684.23,39450.96,0,0
183,TRANSFER,3569.01,C762735,7056.01,3486.99,C632125,24957.26,28526.27,0,0
581,CASH_OUT,8608.53,C884206,39611.68,31003.15,C362374,21077.02,29685.54,0,0
360,PAYMENT,2949.12,C280607,3496.1,546.98,M111355,45760.78,48709.9,0,0
543,TRANSFER,3446.36,C847111,13630.48,10184.12,C858060,36358.56,39804.92,0,0
609,DEBIT,5003.5,C914009,21968.01,16964.51,C768854,31172.66,36176.16,0,0
337,TRANSFER,4495.1,C575824,7945.99,3450.89,C398980,31851.03,36346.12,0,0
118,CASH_OUT,3725.15,C583768,7027.93,3302.78,C781160,7607.75,11332.89,0,0
576,PAYMENT,3234.59,C455008,8206.8,4972.21,M940213,30623.45,33858.03,0,0
657,TRANSFER,7899.65,C402516,39303.85,31404.2,C997237,48480.07,56379.72,0,0
166,DEBIT,8169.46,C827649,37808.7,29639.24,C798533,19069.4,27238.86,0,0
126,PAYMENT,4541.05,C651526,8420.39,3879.34,M708531,33104.86,37645.91,0,0
7,CASH_OUT,9118.55,C470892,12824.77,3706.22,C677638,11421.72,20540.27,0,0
625,PAYMENT,7241.18,C892621,31650.2,24409.02,M513889,36505.71,43746.88,0,0
518,TRANSFER,134585.3,C704398,134585.3,0.0,C254165,31957.03,31957.03,1,0
76,CASH_OUT,226155.9,C764012,226155.9,0.0,C190902,29877.66,256033.57,1,1
202,CASH_IN,2784.36,C867895,9241.39,6457.02,C628052,30943.53,33727.9,0,0
496,CASH_OUT,2134.23,C190461,5530.68,3396.45,C586020,18570.04,20704.27,0,0
452,PAYMENT,1456.01,C934647,4645.74,3189.73,M582702,38802.53,40258.54,0,0
690,TRANSFER,2919.42,C929340,8002.48,5083.05,C665212,35889.93,38809.35,0,0
472,CASH_OUT,2574.88,C864601,9715.4,7140.52,C477804,22480.37,25055.25,0,0
701,PAYMENT,2139.03,C196888,9042.21,6903.18,M597483,16868.47,19007.5,0,0
135,PAYMENT,7761.58,C663581,13876.72,6115.14,M710874,22262.46,30024.05,0,0
109,TRANSFER,2886.62,C725019,6070.4,3183.78,C714564,32493.31,35379.92,0,0
486,PAYMENT,2885.24,C456348,7513.95,4628.71,M733594,15503.64,18388.88,0,0
177,PAYMENT,801.85,C719674,1155.5,353.65,M333099,47177.25,47979.1,0,0
663,PAYMENT,1657.07,C783828,7280.35,5623.28,M554870,19509.22,21166.29,0,0
330,PAYMENT,323.54,C116205,1117.9,794.36,M447614,22679.44,23002.98,0,0
390,CASH_OUT,5266.06,C473585,15782.15,10516.09,C397078,18017.13,23283.19,0,0
226,PAYMENT,2004.13,C463093,6925.92,4921.8,M737137,905.92,2910.05,0,0
193,TRANSFER,2665.15,C472371,4389.89,1724.74,C818565,5881.23,8546.38,0,0
250,CASH_OUT,3066.3,C288270,9925.7,6859.41,C886728,15698.58,18764.87,0,0
243,CASH_OUT,2282.66,C487332,9189.79,6907.14,C759024,29432.61,31715.27,0,0
566,CASH_OUT,6923.02,C384285,7612.66,689.64,C883261,4633.01,11556.02,0,0
125,CASH_OUT,3830.19,C811364,13750.02,9919.83,C326311,38093.81,41924.0,0,0
563,CASH_OUT,6041.95,C596928,6735.22,693.27,C723345,4367.49,10409.44,0,0
214,CASH_IN,544.41,C690620,1805.07,1260.67,C343724,16512.29,17056.7,0,0
501,PAYMENT,5347.56,C465384,22793.45,17445.88,M414230,49898.05,55245.62,0,0
266,PAYMENT,1814.85,C274759,1864.94,50.09,M405597,25418.16,27233.01,0,0
518,CASH_OUT,307854.49,C979352,307854.49,0.0,C546850,19250.18,327104.67,1,1
7,CASH_IN,3620.71,C964106,4378.75,758.04,C439107,48599.1,52219.81,0,0
657,TRANSFER,1689.02,C433126,1877.66,188.65,C313465,48716.17,50405.19,0,0
368,TRANSFER,11942.79,C555529,22786.18,10843.39,C516704,4167.73,16110.52,0,0
413,CASH_OUT,1079.19,C248047,4264.42,3185.23,C220555,36935.4,38014.59,0,0
409,TRANSFER,4810.77,C103979,16189.21,11378.44,C146343,48079.45,52890.23,0,0
740,CASH_OUT,3380.66,C310868,10766.89,7386.23,C761954,10361.76,13742.42,0,0
285,CASH_IN,251.89,C644092,703.51,451.62,C176286,31981.1,32232.99,0,0
2,PAYMENT,1008.29,C919033,3530.81,2522.51,M676993,2457.76,3466.05,0,0
626,CASH_IN,5706.74,C665527,9863.09,4156.35,C380226,28487.59,34194.32,0,0
57,CASH_OUT,3388.26,C951609,9759.26,6371.0,C273963,16574.32,19962.58,0,0
343,PAYMENT,9774.45,C494554,31768.14,21993.69,M243854,42223.19,51997.63,0,0
618,TRANSFER,234040.28,C471018,234040.28,0.0,C176993,17797.87,17797.87,1,1
730,CASH_IN,4810.95,C660610,17752.61,12941.66,C830867,26244.61,31055.56,0,0
645,PAYMENT,637.08,C703846,1355.4,718.32,M613229,45006.58,45643.66,0,0
713,DEBIT,950.41,C942526,2650.96,1700.55,C452784,16238.62,17189.03,0,0
137,PAYMENT,10533.01,C947810,32006.87,21473.86,M388087,9702.44,20235.45,0,0
696,DEBIT,4610.06,C909291,17321.11,12711.05,C187789,27591.42,32201.48,0,0
319,CASH_OUT,2039.5,C808340,2639.78,600.28,C492106,17833.23,19872.73,0,0
445,CASH_OUT,6026.11,C702147,18311.84,12285.72,C198558,16557.9,22584.01,0,0
313,CASH_OUT,1445.78,C562501,4280.7,2834.92,C596085,4269.59,5715.37,0,0
349,PAYMENT,960.95,C924865,1783.95,822.99,M956509,4718.82,5679.77,0,0
99,TRANSFER,6418.82,C899536,17131.59,10712.76,C334071,13392.66,19811.48,0,0
723,CASH_OUT,2348.25,C822615,9085.9,6737.64,C482504,49009.05,51357.3,0,0
182,TRANSFER,4235.71,C668550,14217.52,9981.81,C453165,15631.75,19867.47,0,0
12,TRANSFER,9306.59,C969947,12572.65,3266.06,C918235,23236.36,32542.95,0,0
171,CASH_OUT,1253.32,C299453,3092.98,1839.66,C698272,4961.68,6215.0,0,0
310,PAYMENT,2819.86,C969528,12807.17,9987.31,M643769,43898.75,46718.62,0,0
273,PAYMENT,221.03,C582861,966.04,745.01,M675988,13609.48,13830.51,0,0
475,PAYMENT,2264.66,C187773,3372.91,1108.25,M726364,22371.5,24636.16,0,0
507,CASH_OUT,645.93,C719222,2282.68,1636.75,C790967,20540.85,21186.78,0,0
468,PAYMENT,656.48,C463191,2950.1,2293.62,M258222,11000.46,11656.94,0,0
523,PAYMENT,2736.27,C443597,6543.7,3807.43,M747773,43571.6,46307.87,0,0
71,TRANSFER,4187.14,C904239,4192.91,5.77,C781072,3454.31,7641.45,0,0
650,TRANSFER,1650.91,C212233,6557.28,4906.37,C811011,21491.07,23141.98,0,0
99,TRANSFER,19159.88,C661178,77990.35,58830.47,C456470,34776.52,53936.4,0,0
723,TRANSFER,4938.6,C816976,7162.32,2223.73,C497226,39660.72,44599.31,0,0
84,CASH_OUT,3376.28,C237421,13009.86,9633.58,C123347,2614.57,5990.86,0,0
388,PAYMENT,6189.39,C976993,28284.46,22095.06,M824443,17851.43,24040.82,0,0
342,PAYMENT,263.51,C733065,929.9,666.39,M551481,18985.29,19248.8,0,0
543,PAYMENT,2393.25,C128357,10008.55,7615.31,M354704,32530.67,34923.92,0,0
173,CASH_OUT,472.0,C652659,922.78,450.79,C430023,1691.84,2163.84,0,0
21,DEBIT,1339.84,C403286,3983.13,2643.29,C141503,39498.29,40838.13,0,0
548,TRANSFER,2752.17,C263194,9337.22,6585.05,C971641,35662.0,38414.17,0,0
329,PAYMENT,1187.56,C641805,5287.26,4099.69,M701654,1133.96,2321.53,0,0
350,PAYMENT,9770.81,C359123,10281.84,511.03,M473590,19864.58,29635.39,0,0
469,CASH_OUT,17200.95,C901807,19240.3,2039.35,C195642,33172.88,50373.83,0,0
274,CASH_OUT,1765.04,C185041,3610.34,1845.3,C179738,18377.59,20142.63,0,0
475,CASH_OUT,3630.97,C377957,16030.94,12399.96,C134999,11591.32,15222.29,0,0
662,TRANSFER,4692.99,C786694,16371.69,11678.7,C552468,2064.31,6757.29,0,0
167,TRANSFER,5083.37,C198163,7388.66,2305.29,C772953,49532.96,54616.33,0,0
153,CASH_IN,683.17,C386593,775.63,92.46,C230670,37402.94,38086.11,0,0
532,TRANSFER,4380.3,C167899,10673.69,6293.4,C296318,9940.46,14320.76,0,0
36,CASH_OUT,8405.86,C224323,10921.99,2516.13,C679291,2962.81,11368.68,0,0
648,CASH_OUT,5948.78,C852773,7934.83,1986.05,C288175,13892.61,19841.39,0,0
26,TRANSFER,818.45,C993578,3004.58,2186.13,C850565,894.82,1713.27,0,0
191,CASH_OUT,3060.81,C364987,3789.72,728.91,C835231,48022.22,51083.03,0,0
379,DEBIT,1824.79,C938710,5686.85,3862.05,C926860,1484.4,3309.2,0,0
18,PAYMENT,3568.3,C657490,4172.6,604.3,M544403,19634.94,23203.24,0,0
450,CASH_OUT,6999.2,C278587,25612.49,18613.29,C734456,35681.39,42680.59,0,0
320,CASH_OUT,3079.87,C458327,8860.2,5780.33,C159070,37262.51,40342.38,0,0
607,PAYMENT,1429.75,C455239,6039.27,4609.52,M779847,5402.5,6832.25,0,0
633,PAYMENT,5083.95,C514481,21634.09,16550.13,M903350,26319.1,31403.05,0,0
410,PAYMENT,1669.66,C293982,7719.63,6049.97,M523055,49690.05,51359.71,0,0
537,PAYMENT,2920.51,C736907,9603.76,6683.25,M840549,31687.94,34608.45,0,0
377,CASH_OUT,1281.56,C551346,5458.92,4177.35,C526716,661.91,1943.47,0,0
146,PAYMENT,4211.02,C779555,13703.28,9492.26,M164383,7800.01,12011.03,0,0
575,TRANSFER,4199.25,C675426,17340.6,13141.35,C856834,8831.67,13030.92,0,0
679,CASH_IN,3820.89,C764257,5551.28,1730.38,C843334,29304.8,33125.69,0,0
359,TRANSFER,3918.39,C304247,15961.45,12043.06,C364739,16794.3,20712.68,0,0
18,TRANSFER,281333.12,C941259,281333.12,0.0,C412313,4108.67,4108.67,1,1
621,PAYMENT,4069.84,C684498,13865.21,9795.37,M290826,8773.77,12843.61,0,0
66,TRANSFER,518.32,C836497,1489.14,970.82,C868352,8864.73,9383.05,0,0
248,PAYMENT,554.47,C613861,2394.31,1839.84,M954457,13013.69,13568.17,0,0
342,CASH_OUT,153173.93,C266090,153173.93,0.0,C871956,24729.16,177903.09,1,0
539,CASH_OUT,4557.72,C137846,9052.34,4494.62,C716367,11123.11,15680.82,0,0
205,PAYMENT,316.65,C928378,1309.87,993.22,M882752,43045.11,43361.76,0,0
35,PAYMENT,1516.12,C547679,3134.17,1618.05,M807502,24033.59,25549.71,0,0
75,TRANSFER,4685.56,C817792,18190.76,13505.2,C257234,18621.54,23307.1,0,0
572,CASH_OUT,1667.6,C947512,4835.31,3167.71,C698947,42509.2,44176.8,0,0
444,CASH_OUT,314109.32,C475837,314109.32,0.0,C713090,47702.49,361811.81,1,1
303,TRANSFER,6792.77,C944636,23009.47,16216.7,C638551,29179.46,35972.23,0,0
529,PAYMENT,1400.05,C231720,5171.6,3771.55,M604053,25609.25,27009.3,0,0
550,CASH_IN,5975.19,C615958,21893.64,15918.45,C847488,17793.58,23768.76,0,0
561,TRANSFER,2430.93,C774043,10437.17,8006.24,C810493,38594.09,41025.02,0,0
360,PAYMENT,6116.82,C685579,15360.26,9243.44,M102472,40718.3,46835.12,0,0
375,PAYMENT,2853.3,C703430,4536.01,1682.72,M764161,40963.47,43816.76,0,0
34,PAYMENT,13531.34,C500084,38135.4,24604.06,M106817,41197.48,54728.82,0,0
625,PAYMENT,1060.97,C660411,2338.32,1277.35,M566656,15303.18,16364.15,0,0
458,CASH_IN,2605.84,C190933,3950.1,1344.26,C417174,14340.51,16946.35,0,0
255,TRANSFER,15702.32,C924851,47320.7,31618.38,C611583,47413.33,63115.65,0,0
481,CASH_OUT,197867.17,C940466,197867.17,0.0,C859909,49637.56,247504.73,1,0
468,TRANSFER,5372.96,C289016,13240.34,7867.38,C125619,31236.33,36609.29,0,0
326,CASH_IN,408.58,C541493,1746.7,1338.12,C600722,17407.11,17815.69,0,0
716,PAYMENT,3544.73,C727775,11702.68,8157.95,M692125,16247.79,19792.52,0,0
249,PAYMENT,1314.96,C338738,5325.8,4010.84,M267038,37908.75,39223.71,0,0
698,TRANSFER,3694.8,C452785,14768.25,11073.45,C286104,26274.16,29968.96,0,0
697,CASH_OUT,1503.61,C307323,3125.81,1622.2,C233703,27667.9,29171.51,0,0
117,PAYMENT,7292.34,C596563,34191.04,26898.7,M891548,31523.19,38815.53,0,0
62,CASH_OUT,1657.93,C757964,6303.27,4645.34,C755567,3262.37,4920.3,0,0
743,CASH_OUT,12005.36,C666289,25578.85,13573.49,C415386,8130.47,20135.83,0,0
660,CASH_OUT,302.92,C175956,557.22,254.3,C873415,20729.25,21032.18,0,0
656,PAYMENT,1143.33,C293166,3385.68,2242.35,M509950,47333.78,48477.1,0,0
61,TRANSFER,201059.79,C765738,201059.79,0.0,C560741,3295.68,3295.68,1,1
362,TRANSFER,515.85,C162457,1965.51,1449.66,C520296,41225.25,41741.11,0,0
534,PAYMENT,2679.1,C183050,13050.13,10371.03,M314395,46065.89,48744.99,0,0
24,TRANSFER,171106.05,C614218,171106.05,0.0,C187620,32899.53,32899.53,1,0
222,PAYMENT,2575.93,C739933,11265.16,8689.23,M279815,26638.58,29214.51,0,0
486,CASH_OUT,380.45,C189771,1527.44,1146.99,C620584,45516.7,45897.15,0,0
554,CASH_OUT,588.32,C780074,2153.45,1565.13,C602885,17011.58,17599.89,0,0
473,TRANSFER,409.06,C888726,1701.27,1292.21,C119061,5751.08,6160.13,0,0
438,DEBIT,2404.38,C110237,11071.83,8667.45,C898126,25735.5,28139.88,0,0
457,PAYMENT,4771.0,C176599,7421.24,2650.24,M835640,42023.89,46794.89,0,0
237,CASH_OUT,849.48,C657067,1451.79,602.31,C996930,18427.09,19276.56,0,0
169,CASH_OUT,312120.59,C336475,312120.59,0.0,C649779,40354.15,352474.74,1,1
98,PAYMENT,2893.53,C686402,14403.11,11509.59,M572360,17444.65,20338.18,0,0
634,CASH_OUT,10403.52,C821287,32121.1,21717.58,C563571,10875.1,21278.61,0,0
736,CASH_OUT,4152.21,C950154,14385.16,10232.95,C607220,42752.72,46904.93,0,0
711,PAYMENT,1093.49,C679483,2907.26,1813.77,M652378,16231.13,17324.62,0,0
581,CASH_OUT,3882.29,C922836,11966.69,8084.4,C799684,30749.65,34631.94,0,0
703,CASH_IN,2231.01,C752589,8253.42,6022.41,C659774,34528.32,36759.33,0,0
358,CASH_OUT,4965.65,C709089,8658.66,3693.01,C385238,5928.52,10894.17,0,0
72,PAYMENT,4741.19,C247003,15966.37,11225.17,M666347,29126.38,33867.57,0,0
603,TRANSFER,3443.57,C957652,16765.72,13322.15,C807199,6653.26,10096.83,0,0
146,PAYMENT,6394.45,C681632,16047.05,9652.6,M546024,4098.12,10492.56,0,0
672,CASH_OUT,1202.03,C380309,5772.04,4570.0,C540105,14941.39,16143.43,0,0
154,PAYMENT,3960.76,C504598,15660.25,11699.5,M718442,37249.51,41210.26,0,0
108,TRANSFER,8283.74,C280446,39575.21,31291.47,C653428,44018.02,52301.77,0,0
278,PAYMENT,1972.67,C677494,3670.41,1697.74,M243577,43086.46,45059.13,0,0
299,PAYMENT,11111.22,C265202,24975.52,13864.3,M717238,8405.8,19517.02,0,0
455,CASH_IN,4075.42,C663548,8638.9,4563.48,C415904,12484.98,16560.4,0,0
335,CASH_OUT,3913.95,C195910,10508.16,6594.21,C498629,14803.63,18717.58,0,0
265,PAYMENT,1877.74,C922828,4749.11,2871.37,M293428,12439.32,14317.06,0,0
53,CASH_IN,5199.75,C897274,19363.87,14164.12,C699747,23126.6,28326.35,0,0
516,CASH_IN,505.12,C767366,1311.04,805.92,C523205,38268.59,38773.71,0,0
700,PAYMENT,1700.94,C690801,4376.98,2676.04,M841490,6335.36,8036.3,0,0
235,TRANSFER,1933.87,C684141,5383.59,3449.72,C346208,6776.43,8710.3,0,0
214,PAYMENT,2114.24,C868890,4958.47,2844.23,M689989,40290.07,42404.3,0,0
585,PAYMENT,485.82,C689551,1857.02,1371.19,M797766,7014.47,7500.3,0,0
411,CASH_OUT,5492.02,C506771,22499.56,17007.54,C842006,18101.97,23593.99,0,0
708,TRANSFER,4132.22,C411957,17884.14,13751.92,C816193,25293.32,29425.53,0,0
481,TRANSFER,1129.65,C111575,5613.79,4484.15,C832755,11510.02,12639.67,0,0
689,CASH_OUT,1253.72,C262377,4259.9,3006.18,C894163,45145.75,46399.47,0,0
207,CASH_OUT,6245.35,C187718,16686.59,10441.24,C156850,9194.96,15440.31,0,0
719,CASH_OUT,2883.12,C280376,13030.24,10147.11,C118862,40953.39,43836.51,0,0
483,PAYMENT,5239.81,C367791,7956.31,2716.5,M340127,28771.27,34011.08,0,0
343,PAYMENT,1646.09,C747908,2092.66,446.57,M300174,12341.95,13988.03,0,0
513,PAYMENT,8912.08,C605556,24498.24,15586.16,M305159,47088.43,56000.51,0,0
285,TRANSFER,2236.68,C246367,5720.96,3484.29,C531771,22993.43,25230.11,0,0
222,PAYMENT,1883.12,C663786,8176.6,6293.48,M750117,29104.95,30988.08,0,0
273,CASH_IN,536.38,C630118,847.94,311.56,C378012,4599.05,5135.43,0,0
536,PAYMENT,1457.7,C638277,3506.72,2049.02,M354341,40573.21,42030.91,0,0
406,TRANSFER,811.11,C340348,2466.88,1655.77,C339695,25256.28,26067.4,0,0
419,CASH_OUT,281.23,C514437,608.0,326.77,C262829,42646.99,42928.22,0,0
148,DEBIT,1129.59,C718652,5635.01,4505.42,C254168,18085.46,19215.05,0,0
254,PAYMENT,3569.19,C662490,6755.15,3185.97,M685733,19699.68,23268.86,0,0
256,TRANSFER,19512.02,C231102,77411.81,57899.8,C482784,30918.87,50430.89,0,0
629,CASH_OUT,560.58,C192238,1164.48,603.9,C249746,47637.63,48198.22,0,0
501,TRANSFER,3657.79,C910956,10377.76,6719.98,C918275,48242.68,51900.46,0,0
677,PAYMENT,382.02,C844570,482.67,100.65,M245102,38081.04,38463.07,0,0
471,CASH_OUT,675.27,C988390,1357.24,681.98,C375877,20255.48,20930.75,0,0
520,PAYMENT,301.64,C533762,1127.21,825.57,M930319,31453.26,31754.91,0,0
543,PAYMENT,5294.58,C307871,12079.08,6784.5,M725586,9167.98,14462.56,0,0
180,CASH_OUT,180.77,C575461,805.14,624.37,C333793,17005.5,17186.27,0,0
183,PAYMENT,217.39,C980445,621.63,404.23,M996364,4608.71,4826.1,0,0
683,TRANSFER,1962.49,C742988,8454.39,6491.91,C642650,38008.19,39970.68,0,0
632,CASH_OUT,2266.67,C116239,11244.9,8978.23,C113014,25467.69,27734.36,0,0
243,DEBIT,2981.7,C314943,3742.8,761.09,C442341,34825.64,37807.34,0,0
35,CASH_OUT,1410.73,C900630,5674.43,4263.71,C731666,20915.61,22326.34,0,0
207,PAYMENT,1710.85,C432441,7433.45,5722.6,M778929,23627.93,25338.79,0,0
495,PAYMENT,3799.1,C406355,8592.86,4793.76,M887965,22825.77,26624.87,0,0
477,CASH_OUT,2556.49,C272359,3835.49,1279.0,C330964,37469.8,40026.3,0,0
682,CASH_IN,8234.72,C173588,40779.86,32545.14,C711226,43165.74,51400.46,0,0
84,CASH_IN,8872.28,C933335,34411.21,25538.93,C373859,2879.62,11751.9,0,0
307,PAYMENT,825.66,C946087,1209.44,383.78,M888929,2986.73,3812.39,0,0
251,TRANSFER,1305.18,C576905,5867.15,4561.97,C789932,5466.36,6771.54,0,0
37,CASH_OUT,216511.11,C669232,216511.11,0.0,C911146,7320.6,223831.71,1,1
143,TRANSFER,3533.56,C868567,15478.71,11945.15,C423326,45545.51,49079.07,0,0
734,DEBIT,5183.39,C894108,11597.79,6414.4,C994563,41232.65,46416.04,0,0
21,CASH_IN,9956.83,C504690,42195.59,32238.76,C755519,44517.49,54474.32,0,0
658,CASH_IN,8299.34,C536575,38962.94,30663.6,C453480,25059.6,33358.93,0,0
133,TRANSFER,299149.38,C760275,299149.38,0.0,C794369,42709.32,42709.32,1,1
377,CASH_OUT,3106.32,C316068,10345.8,7239.49,C522264,43065.54,46171.86,0,0
640,CASH_OUT,1032.29,C185641,1969.18,936.89,C276150,23513.77,24546.06,0,0
632,PAYMENT,1030.14,C832613,1811.23,781.1,M988930,33823.57,34853.71,0,0
427,DEBIT,1393.77,C902956,6359.05,4965.27,C380242,47096.35,48490.12,0,0
175,TRANSFER,935.76,C884829,3250.63,2314.88,C766155,28348.55,29284.31,0,0
708,PAYMENT,803.23,C162630,1906.4,1103.17,M988454,9392.92,10196.15,0,0
601,TRANSFER,3443.06,C975410,8439.43,4996.37,C521934,9994.34,13437.4,0,0
309,CASH_OUT,2680.05,C812247,10376.85,7696.79,C898797,44863.23,47543.28,0,0
734,TRANSFER,3501.01,C690736,15685.2,12184.19,C137213,2449.14,5950.15,0,0
281,TRANSFER,3577.51,C416599,9946.13,6368.62,C880765,8970.68,12548.19,0,0
504,TRANSFER,79601.63,C361459,79601.63,0.0,C519485,5023.33,5023.33,1,0
21,CASH_OUT,5153.38,C293732,6594.18,1440.8,C138708,24518.1,29671.48,0,0
498,CASH_OUT,266.39,C309831,1034.46,768.07,C179702,27230.41,27496.8,0,0
727,PAYMENT,395.52,C646707,798.26,402.73,M798673,3528.32,3923.84,0,0
679,PAYMENT,2405.72,C654140,7407.75,5002.02,M752617,30482.34,32888.06,0,0
716,TRANSFER,411.54,C235534,1285.92,874.37,C589224,34105.55,34517.1,0,0
262,PAYMENT,1810.98,C981866,6502.44,4691.47,M434543,49589.8,51400.78,0,0
678,PAYMENT,9457.23,C485137,40944.75,31487.52,M741319,1536.79,10994.02,0,0
730,PAYMENT,1285.71,C498317,2487.37,1201.66,M711974,17523.21,18808.92,0,0
371,PAYMENT,1154.88,C878443,2608.19,1453.31,M815546,23393.21,24548.1,0,0
278,TRANSFER,1072.28,C426561,2486.69,1414.41,C315765,35430.16,36502.44,0,0
369,TRANSFER,1098.07,C471483,2453.76,1355.69,C371871,42344.14,43442.21,0,0
324,PAYMENT,1749.32,C336980,6857.47,5108.15,M508254,9386.22,11135.54,0,0
368,CASH_OUT,226909.18,C710378,226909.18,0.0,C810421,4507.67,231416.85,1,1
710,PAYMENT,971.01,C499238,2193.43,1222.42,M597601,39514.86,40485.87,0,0
359,PAYMENT,2890.29,C617737,8893.47,6003.18,M624587,22756.17,25646.45,0,0
642,PAYMENT,3476.36,C768388,3973.27,496.92,M125437,26553.45,30029.81,0,0
494,CASH_IN,256.34,C909524,1274.64,1018.3,C352933,13078.16,13334.5,0,0
90,PAYMENT,1180.38,C967233,5457.02,4276.64,M726583,32350.55,33530.94,0,0
514,PAYMENT,10480.26,C551064,50768.67,40288.4,M556710,21045.15,31525.41,0,0
600,DEBIT,149.78,C726965,526.65,376.87,C468594,48698.12,48847.9,0,0
448,TRANSFER,2963.46,C562533,13907.85,10944.39,C519817,25773.48,28736.94,0,0
270,TRANSFER,908.17,C201165,3344.4,2436.23,C936222,34780.73,35688.9,0,0
493,CASH_OUT,7970.4,C820127,23363.66,15393.26,C284767,6193.9,14164.3,0,0
102,CASH_OUT,159.58,C842723,261.57,102.0,C261692,19160.94,19320.52,0,0
164,CASH_OUT,4166.92,C220097,12839.46,8672.54,C606900,37363.66,41530.58,0,0
137,TRANSFER,2999.57,C521552,7526.47,4526.9,C988415,9397.29,12396.85,0,0
429,CASH_IN,2463.45,C721939,2551.63,88.17,C751401,5097.42,7560.87,0,0
337,DEBIT,921.52,C766291,4327.78,3406.27,C773437,33533.84,34455.36,0,0
549,CASH_OUT,6326.55,C887827,27479.0,21152.45,C807479,29694.75,36021.3,0,0
567,CASH_IN,3919.86,C239058,4041.44,121.58,C913158,5668.36,9588.21,0,0
325,PAYMENT,1017.26,C576232,3459.65,2442.39,M552441,29043.32,30060.59,0,0
181,CASH_OUT,304714.58,C406523,304714.58,0.0,C418436,19193.98,323908.56,1,1
709,CASH_OUT,7744.57,C652302,14477.66,6733.09,C222894,5810.9,13555.47,0,0
51,CASH_IN,4321.52,C953376,18780.35,14458.83,C427370,24534.71,28856.23,0,0
336,CASH_OUT,202.41,C114715,939.78,737.38,C860062,44594.87,44797.27,0,0
298,PAYMENT,3499.22,C127442,9867.64,6368.42,M257768,46124.11,49623.33,0,0
60,PAYMENT,23582.33,C767380,86875.63,63293.3,M260817,20580.74,44163.07,0,0
187,CASH_OUT,1291.71,C294645,6362.58,5070.87,C360520,22253.55,23545.26,0,0
712,CASH_IN,4750.19,C887675,15715.7,10965.52,C811629,8559.11,13309.3,0,0
527,CASH_OUT,2724.27,C522216,6280.97,3556.71,C975272,9819.12,12543.39,0,0
235,TRANSFER,1468.59,C542009,2244.52,775.93,C637653,23924.57,25393.17,0,0
631,PAYMENT,1203.98,C448386,1647.61,443.63,M815309,49912.49,51116.47,0,0
134,CASH_IN,6287.93,C225245,18173.14,11885.21,C790535,28240.91,34528.84,0,0
376,CASH_OUT,1396.36,C761932,6932.72,5536.37,C497166,46814.04,48210.4,0,0
611,CASH_OUT,4936.53,C226491,13670.22,8733.69,C568108,19170.42,24106.95,0,0
510,CASH_OUT,337224.65,C120588,337224.65,0.0,C424326,38771.98,375996.63,1,1
320,CASH_OUT,268518.12,C641499,268518.12,0.0,C608282,41178.19,309696.31,1,1
583,PAYMENT,281.66,C777826,864.1,582.44,M567234,17676.06,17957.72,0,0
477,TRANSFER,3675.69,C595174,5431.59,1755.9,C946966,11860.84,15536.53,0,0
445,DEBIT,1111.51,C735926,1296.64,185.13,C226041,25269.83,26381.34,0,0
471,CASH_OUT,1197.45,C127122,3597.86,2400.41,C356635,48157.55,49354.99,0,0
142,TRANSFER,934.91,C808289,4418.05,3483.13,C514523,32307.31,33242.23,0,0
506,TRANSFER,8592.78,C182099,11762.44,3169.65,C906781,47173.0,55765.78,0,0
689,TRANSFER,124.84,C581793,372.85,248.01,C912441,37003.95,37128.78,0,0
17,TRANSFER,482.95,C666544,1338.82,855.87,C337425,40451.1,40934.05,0,0
46,TRANSFER,8353.97,C605573,33397.78,25043.81,C619064,8003.85,16357.82,0,0
200,PAYMENT,8522.38,C473818,24274.47,15752.09,M183650,44659.25,53181.63,0,0
143,CASH_OUT,9970.14,C598394,40542.5,30572.36,C158587,48409.12,58379.26,0,0
695,CASH_IN,1974.95,C763209,8317.89,6342.94,C769131,25007.3,26982.24,0,0
9,TRANSFER,2499.69,C267687,11141.63,8641.95,C502010,9702.04,12201.73,0,0
58,TRANSFER,399.52,C962213,466.92,67.39,C838400,23701.06,24100.58,0,0
72,CASH_OUT,4746.16,C855927,18063.63,13317.47,C812724,38567.14,43313.3,0,0
627,DEBIT,14012.36,C507742,51013.97,37001.61,C704566,31428.12,45440.48,0,0
214,CASH_IN,5495.78,C771763,13600.34,8104.55,C379560,35840.45,41336.23,0,0
636,TRANSFER,1488.29,C969319,6688.59,5200.3,C824443,22492.93,23981.22,0,0
252,PAYMENT,1265.04,C815122,2490.29,1225.26,M425913,37217.91,38482.95,0,0
390,PAYMENT,1321.43,C274719,6536.38,5214.95,M420885,1567.9,2889.33,0,0
604,DEBIT,5355.1,C764373,9199.8,3844.69,C743309,3046.59,8401.69,0,0
490,TRANSFER,219214.61,C533961,219214.61,0.0,C725142,18166.82,18166.82,1,1
139,PAYMENT,1955.66,C758077,3544.1,1588.45,M361669,35053.28,37008.94,0,0
587,PAYMENT,373.82,C346841,1163.18,789.36,M925839,41649.04,42022.86,0,0
601,PAYMENT,1116.95,C922269,2210.71,1093.77,M314955,15886.99,17003.94,0,0
499,CASH_IN,807.11,C869093,1061.29,254.19,C428510,47159.77,47966.87,0,0
314,CASH_OUT,5000.37,C844959,7110.21,2109.83,C353089,42685.32,47685.69,0,0
462,CASH_OUT,5797.77,C317831,25161.86,19364.09,C391690,42437.61,48235.38,0,0
347,CASH_OUT,15945.93,C746539,23371.3,7425.37,C429696,18843.7,34789.63,0,0
167,CASH_IN,5201.08,C109800,9354.66,4153.58,C165749,48894.23,54095.31,0,0
360,CASH_OUT,2145.24,C150012,10591.33,8446.09,C317039,3451.3,5596.54,0,0
390,PAYMENT,6068.65,C883585,29323.36,23254.71,M126326,30995.89,37064.54,0,0
635,CASH_OUT,2038.71,C963937,8351.05,6312.34,C937416,41116.88,43155.59,0,0
34,PAYMENT,182.2,C334539,582.08,399.88,M177670,11606.8,11789.0,0,0
499,TRANSFER,3916.67,C496156,15350.3,11433.63,C648241,15714.35,19631.02,0,0
231,PAYMENT,6013.7,C822531,18592.45,12578.75,M573031,11736.0,17749.71,0,0
171,PAYMENT,4129.77,C172981,8974.95,4845.17,M395196,4928.06,9057.84,0,0
510,PAYMENT,2300.39,C523588,7540.16,5239.77,M171871,25611.36,27911.75,0,0
707,PAYMENT,1474.91,C988673,3826.4,2351.49,M170343,31969.18,33444.09,0,0
615,CASH_OUT,107186.53,C639553,107186.53,0.0,C830560,25456.73,132643.25,1,0
576,CASH_OUT,255179.4,C713549,255179.4,0.0,C578646,41232.89,296412.28,1,1
459,TRANSFER,635.74,C765236,2435.57,1799.83,C515212,44205.88,44841.63,0,0
276,CASH_IN,481.42,C268578,783.81,302.39,C122879,44663.49,45144.91,0,0
532,PAYMENT,14084.44,C314573,30527.45,16443.02,M656091,45220.44,59304.88,0,0
608,TRANSFER,270081.59,C852458,270081.59,0.0,C600073,44603.67,44603.67,1,1
53,CASH_OUT,2144.69,C131365,3527.02,1382.33,C443497,25102.54,27247.23,0,0
81,PAYMENT,1775.84,C823884,7946.39,6170.54,M369348,36618.42,38394.27,0,0
741,CASH_IN,654.43,C245846,1339.2,684.77,C203216,49791.15,50445.58,0,0
38,CASH_OUT,1003.16,C274568,1866.42,863.26,C900505,33483.88,34487.05,0,0
570,TRANSFER,1349.52,C573103,6464.64,5115.11,C260330,25650.64,27000.16,0,0
260,PAYMENT,4576.31,C912794,9110.93,4534.61,M893684,40656.81,45233.12,0,0
63,CASH_IN,1208.63,C867419,3185.13,1976.5,C797671,36437.71,37646.34,0,0
42,PAYMENT,4836.3,C371846,6835.86,1999.56,M984955,28953.61,33789.91,0,0
264,PAYMENT,3808.0,C599062,9607.87,5799.87,M112567,20340.31,24148.31,0,0
22,TRANSFER,2237.99,C709277,2618.52,380.53,C451730,13262.4,15500.39,0,0
291,PAYMENT,340.04,C923578,358.78,18.74,M328800,11413.48,11753.52,0,0
582,PAYMENT,595.09,C303036,1964.92,1369.83,M118879,17436.11,18031.2,0,0
214,CASH_OUT,2586.79,C221686,5193.57,2606.77,C940582,45194.19,47780.98,0,0
672,CASH_OUT,6338.08,C575614,13552.29,7214.21,C379371,10938.05,17276.13,0,0
602,CASH_IN,3347.21,C862206,8614.89,5267.68,C617653,32689.67,36036.88,0,0
501,PAYMENT,2837.34,C583438,7558.88,4721.53,M849776,2301.28,5138.63,0,0
742,PAYMENT,6805.35,C312219,29503.18,22697.83,M653815,19745.94,26551.29,0,0
235,TRANSFER,3062.71,C893825,4539.77,1477.06,C699692,10425.16,13487.86,0,0
125,PAYMENT,3900.09,C374158,13420.12,9520.03,M501590,38956.53,42856.63,0,0
351,TRANSFER,1660.43,C597924,2830.08,1169.65,C210463,36937.61,38598.04,0,0
188,TRANSFER,4981.17,C429575,18074.59,13093.42,C430588,49888.28,54869.45,0,0
388,TRANSFER,1722.24,C844288,5143.18,3420.94,C489022,27572.3,29294.54,0,0
120,TRANSFER,319738.13,C686147,319738.13,0.0,C307572,14312.22,14312.22,1,1
460,PAYMENT,1616.94,C532457,4430.4,2813.46,M162397,26209.21,27826.16,0,0
320,PAYMENT,1382.38,C128671,1581.15,198.77,M907635,25271.27,26653.65,0,0
8,TRANSFER,3757.22,C801336,17786.61,14029.38,C512546,31458.63,35215.86,0,0
617,DEBIT,7371.1,C250521,28141.75,20770.64,C830190,34531.16,41902.26,0,0
513,TRANSFER,353.46,C886441,1114.84,761.38,C214291,34892.04,35245.5,0,0
158,PAYMENT,2186.29,C673135,3512.69,1326.39,M615638,34057.53,36243.82,0,0
339,CASH_OUT,4220.7,C718181,16544.55,12323.85,C664832,48448.54,52669.24,0,0
239,CASH_OUT,7589.89,C366855,24003.4,16413.51,C786231,33820.33,41410.22,0,0
410,PAYMENT,12584.43,C102714,53365.69,40781.26,M389361,44132.83,56717.26,0,0
197,CASH_OUT,2599.94,C954803,12297.57,9697.63,C763373,19223.67,21823.61,0,0
110,DEBIT,374.95,C926462,1306.68,931.73,C923068,12761.44,13136.39,0,0
719,TRANSFER,2557.02,C209463,2900.84,343.82,C374578,32437.49,34994.5,0,0
17,PAYMENT,365.25,C593784,1223.36,858.11,M196925,28660.56,29025.81,0,0
587,CASH_IN,7187.16,C542170,32922.72,25735.56,C305179,3611.24,10798.4,0,0
452,PAYMENT,3686.16,C569334,13861.3,10175.13,M385553,2167.65,5853.81,0,0
732,TRANSFER,2868.72,C502920,6952.93,4084.21,C275934,39740.48,42609.2,0,0
359,PAYMENT,12969.19,C365594,30862.37,17893.18,M108418,46188.17,59157.36,0,0
591,PAYMENT,329.19,C103155,1023.85,694.66,M502326,27899.44,28228.63,0,0
197,TRANSFER,135031.88,C513274,135031.88,0.0,C355297,33264.69,33264.69,1,0
535,CASH_OUT,2895.72,C910410,7369.98,4474.26,C111531,48098.17,50993.89,0,0
112,CASH_OUT,869.4,C538696,3126.17,2256.77,C113332,19986.75,20856.14,0,0
688,PAYMENT,5512.08,C508948,17762.12,12250.04,M730497,36377.33,41889.41,0,0
8,TRANSFER,4486.18,C611273,13117.27,8631.09,C126654,45846.16,50332.33,0,0
378,CASH_OUT,1736.56,C660650,6499.73,4763.17,C544206,31329.63,33066.19,0,0
23,TRANSFER,5632.64,C887217,19550.39,13917.76,C156925,3670.55,9303.19,0,0
666,PAYMENT,4791.58,C730029,6074.16,1282.57,M563286,15991.67,20783.25,0,0
314,TRANSFER,3095.97,C259501,14595.3,11499.33,C419897,49139.19,52235.16,0,0
498,PAYMENT,5689.28,C944198,21164.75,15475.48,M780056,38640.19,44329.47,0,0
173,PAYMENT,5186.33,C612534,11633.7,6447.37,M881969,40359.0,45545.33,0,0
14,PAYMENT,7088.38,C391278,29744.84,22656.45,M313514,18149.77,25238.16,0,0
722,PAYMENT,1307.2,C935220,6061.95,4754.75,M979471,21479.09,22786.29,0,0
198,CASH_OUT,4275.88,C790381,11328.43,7052.55,C326544,43289.84,47565.72,0,0
41,CASH_OUT,239504.21,C360154,239504.21,0.0,C582944,43953.95,283458.16,1,1
509,PAYMENT,9222.53,C702395,45482.47,36259.93,M493587,18031.91,27254.44,0,0
498,DEBIT,4371.05,C980619,12534.03,8162.98,C998142,20533.7,24904.75,0,0
578,PAYMENT,156.37,C115890,543.61,387.25,M781843,28224.6,28380.97,0,0
320,CASH_IN,1236.77,C654228,5352.71,4115.94,C746166,33294.2,34530.97,0,0
709,CASH_OUT,6862.52,C156433,11478.11,4615.6,C146999,45606.06,52468.57,0,0
525,PAYMENT,4505.69,C575304,17297.76,12792.07,M539833,29935.94,34441.64,0,0
125,PAYMENT,3263.16,C912725,3532.33,269.17,M654895,20228.1,23491.26,0,0
506,CASH_OUT,950.8,C899548,4553.49,3602.69,C984827,34027.79,34978.59,0,0
635,CASH_OUT,3579.32,C883832,14833.92,11254.6,C472677,40095.24,43674.56,0,0
57,CASH_IN,3815.56,C101912,8237.42,4421.86,C369518,49371.09,53186.65,0,0
267,CASH_OUT,2186.44,C792356,8686.25,6499.81,C816154,1514.43,3700.87,0,0
318,DEBIT,1885.56,C111752,4825.34,2939.78,C676120,27842.21,29727.77,0,0
142,PAYMENT,724.33,C364784,1893.26,1168.93,M425472,45277.87,46002.2,0,0
30,PAYMENT,6767.81,C115201,33806.64,27038.83,M920968,17116.3,23884.11,0,0
92,PAYMENT,2034.6,C132844,4349.07,2314.47,M446262,35220.53,37255.13,0,0
142,PAYMENT,1531.23,C462992,2099.28,568.06,M852919,31188.88,32720.11,0,0
541,PAYMENT,14170.27,C993889,23835.31,9665.05,M818394,33136.88,47307.15,0,0
604,DEBIT,4238.67,C407937,4815.65,576.97,C835733,26657.34,30896.02,0,0
184,TRANSFER,269.73,C292894,1198.94,929.21,C889329,8943.29,9213.02,0,0
322,CASH_OUT,510.52,C934555,2317.94,1807.42,C654405,14401.27,14911.79,0,0
476,TRANSFER,1095.45,C928606,1528.59,433.14,C792070,27633.67,28729.12,0,0
79,TRANSFER,745.33,C465468,2616.46,1871.13,C783779,34068.81,34814.14,0,0
435,PAYMENT,620.81,C570869,2147.43,1526.62,M760962,37967.37,38588.18,0,0
57,PAYMENT,6710.31,C317414,18009.71,11299.4,M558465,11210.29,17920.6,0,0
266,TRANSFER,321243.3,C408602,321243.3,0.0,C538590,1007.23,1007.23,1,1
305,PAYMENT,1790.3,C766892,4214.32,2424.02,M579593,6127.41,7917.71,0,0
367,PAYMENT,5146.27,C845235,21860.64,16714.37,M934024,2969.47,8115.75,0,0
234,CASH_OUT,6468.76,C108104,29759.91,23291.15,C704010,23749.35,30218.11,0,0
358,PAYMENT,3901.64,C394975,5796.47,1894.83,M839508,37476.86,41378.5,0,0
587,PAYMENT,6541.93,C615690,16249.33,9707.4,M520205,15462.2,22004.13,0,0
111,PAYMENT,3229.38,C201856,4734.69,1505.31,M709683,37289.4,40518.78,0,0
222,PAYMENT,5510.37,C519424,12295.34,6784.98,M611574,11521.33,17031.7,0,0
252,PAYMENT,8359.95,C420823,10154.11,1794.16,M795574,4634.42,12994.38,0,0
